patent_id,score,title,publication_date,search_expressions
2020114449,26,遊技機,20200730,"[balanced fi_pref=A63F7 ft_pref=2C333AA kw=遊技進行状態] SELECT c.metadata.patent_id AS patent_id, c.metadata.title AS title, c.metadata.classification_fi AS classification_fi, c.metadata.f_term AS f_term, c.summary AS summary, c.claims AS claims, c.metadata.keywords AS doc_keywords, c.metadata.classification_ipc AS classification_ipc, c.metadata.publication_date AS publication_date FROM c WHERE (EXISTS (SELECT VALUE 1 FROM fi IN c.metadata.classification_fi WHERE STARTSWITH(fi, @fi_pref, true)) OR EXISTS (SELECT VALUE 1 FROM ft IN c.metadata.f_term WHERE STARTSWITH(ft, @ft_pref, true)) ) AND (CONTAINS(c.metadata.title, @kw, true) OR CONTAINS(c.summary, @kw, true) OR EXISTS (SELECT VALUE 1 FROM cl IN c.claims WHERE CONTAINS(cl.text, @kw, true))) | params: {""fi_pref"": ""A63F7"", ""ft_pref"": ""2C333AA"", ""kw"": ""遊技進行状態""} || [balanced fi_pref=A63F7 ft_pref=2C088EA kw=遊技進行状態] SELECT c.metadata.patent_id AS patent_id, c.metadata.title AS title, c.metadata.classification_fi AS classification_fi, c.metadata.f_term AS f_term, c.summary AS summary, c.claims AS claims, c.metadata.keywords AS doc_keywords, c.metadata.classification_ipc AS classification_ipc, c.metadata.publication_date AS publication_date FROM c WHERE (EXISTS (SELECT VALUE 1 FROM fi IN c.metadata.classification_fi WHERE STARTSWITH(fi, @fi_pref, true)) OR EXISTS (SELECT VALUE 1 FROM ft IN c.metadata.f_term WHERE STARTSWITH(ft, @ft_pref, true)) ) AND (CONTAINS(c.metadata.title, @kw, true) OR CONTAINS(c.summary, @kw, true) OR EXISTS (SELECT VALUE 1 FROM cl IN c.claims WHERE CONTAINS(cl.text, @kw, true))) | params: {""fi_pref"": ""A63F7"", ""ft_pref"": ""2C088EA"", ""kw"": ""遊技進行状態""} || [balanced fi_pref=A63F7 ft_pref=2C333EA kw=遊技進行状態] SELECT c.metadata.patent_id AS patent_id, c.metadata.title AS title, c.metadata.classification_fi AS classification_fi, c.metadata.f_term AS f_term, c.summary AS summary, c.claims AS claims, c.metadata.keywords AS doc_keywords, c.metadata.classification_ipc AS classification_ipc, c.metadata.publication_date AS publication_date FROM c WHERE (EXISTS (SELECT VALUE 1 FROM fi IN c.metadata.classification_fi WHERE STARTSWITH(fi, @fi_pref, true)) OR EXISTS (SELECT VALUE 1 FROM ft IN c.metadata.f_term WHERE STARTSWITH(ft, @ft_pref, true)) ) AND (CONTAINS(c.metadata.title, @kw, true) OR CONTAINS(c.summary, @kw, true) OR EXISTS (SELECT VALUE 1 FROM cl IN c.claims WHERE CONTAINS(cl.text, @kw, true))) | params: {""fi_pref"": ""A63F7"", ""ft_pref"": ""2C333EA"", ""kw"": ""遊技進行状態""}"
2021041203,26,ぱちんこ遊技機,20210318,"[balanced fi_pref=A63F7 ft_pref=2C333AA kw=遊技進行状態] SELECT c.metadata.patent_id AS patent_id, c.metadata.title AS title, c.metadata.classification_fi AS classification_fi, c.metadata.f_term AS f_term, c.summary AS summary, c.claims AS claims, c.metadata.keywords AS doc_keywords, c.metadata.classification_ipc AS classification_ipc, c.metadata.publication_date AS publication_date FROM c WHERE (EXISTS (SELECT VALUE 1 FROM fi IN c.metadata.classification_fi WHERE STARTSWITH(fi, @fi_pref, true)) OR EXISTS (SELECT VALUE 1 FROM ft IN c.metadata.f_term WHERE STARTSWITH(ft, @ft_pref, true)) ) AND (CONTAINS(c.metadata.title, @kw, true) OR CONTAINS(c.summary, @kw, true) OR EXISTS (SELECT VALUE 1 FROM cl IN c.claims WHERE CONTAINS(cl.text, @kw, true))) | params: {""fi_pref"": ""A63F7"", ""ft_pref"": ""2C333AA"", ""kw"": ""遊技進行状態""} || [balanced fi_pref=A63F7 ft_pref=2C088EA kw=遊技進行状態] SELECT c.metadata.patent_id AS patent_id, c.metadata.title AS title, c.metadata.classification_fi AS classification_fi, c.metadata.f_term AS f_term, c.summary AS summary, c.claims AS claims, c.metadata.keywords AS doc_keywords, c.metadata.classification_ipc AS classification_ipc, c.metadata.publication_date AS publication_date FROM c WHERE (EXISTS (SELECT VALUE 1 FROM fi IN c.metadata.classification_fi WHERE STARTSWITH(fi, @fi_pref, true)) OR EXISTS (SELECT VALUE 1 FROM ft IN c.metadata.f_term WHERE STARTSWITH(ft, @ft_pref, true)) ) AND (CONTAINS(c.metadata.title, @kw, true) OR CONTAINS(c.summary, @kw, true) OR EXISTS (SELECT VALUE 1 FROM cl IN c.claims WHERE CONTAINS(cl.text, @kw, true))) | params: {""fi_pref"": ""A63F7"", ""ft_pref"": ""2C088EA"", ""kw"": ""遊技進行状態""} || [balanced fi_pref=A63F7 ft_pref=2C333EA kw=遊技進行状態] SELECT c.metadata.patent_id AS patent_id, c.metadata.title AS title, c.metadata.classification_fi AS classification_fi, c.metadata.f_term AS f_term, c.summary AS summary, c.claims AS claims, c.metadata.keywords AS doc_keywords, c.metadata.classification_ipc AS classification_ipc, c.metadata.publication_date AS publication_date FROM c WHERE (EXISTS (SELECT VALUE 1 FROM fi IN c.metadata.classification_fi WHERE STARTSWITH(fi, @fi_pref, true)) OR EXISTS (SELECT VALUE 1 FROM ft IN c.metadata.f_term WHERE STARTSWITH(ft, @ft_pref, true)) ) AND (CONTAINS(c.metadata.title, @kw, true) OR CONTAINS(c.summary, @kw, true) OR EXISTS (SELECT VALUE 1 FROM cl IN c.claims WHERE CONTAINS(cl.text, @kw, true))) | params: {""fi_pref"": ""A63F7"", ""ft_pref"": ""2C333EA"", ""kw"": ""遊技進行状態""}"
2020039782,26,ぱちんこ遊技機,20200319,"[balanced fi_pref=A63F7 ft_pref=2C333AA kw=遊技進行状態] SELECT c.metadata.patent_id AS patent_id, c.metadata.title AS title, c.metadata.classification_fi AS classification_fi, c.metadata.f_term AS f_term, c.summary AS summary, c.claims AS claims, c.metadata.keywords AS doc_keywords, c.metadata.classification_ipc AS classification_ipc, c.metadata.publication_date AS publication_date FROM c WHERE (EXISTS (SELECT VALUE 1 FROM fi IN c.metadata.classification_fi WHERE STARTSWITH(fi, @fi_pref, true)) OR EXISTS (SELECT VALUE 1 FROM ft IN c.metadata.f_term WHERE STARTSWITH(ft, @ft_pref, true)) ) AND (CONTAINS(c.metadata.title, @kw, true) OR CONTAINS(c.summary, @kw, true) OR EXISTS (SELECT VALUE 1 FROM cl IN c.claims WHERE CONTAINS(cl.text, @kw, true))) | params: {""fi_pref"": ""A63F7"", ""ft_pref"": ""2C333AA"", ""kw"": ""遊技進行状態""} || [balanced fi_pref=A63F7 ft_pref=2C088EA kw=遊技進行状態] SELECT c.metadata.patent_id AS patent_id, c.metadata.title AS title, c.metadata.classification_fi AS classification_fi, c.metadata.f_term AS f_term, c.summary AS summary, c.claims AS claims, c.metadata.keywords AS doc_keywords, c.metadata.classification_ipc AS classification_ipc, c.metadata.publication_date AS publication_date FROM c WHERE (EXISTS (SELECT VALUE 1 FROM fi IN c.metadata.classification_fi WHERE STARTSWITH(fi, @fi_pref, true)) OR EXISTS (SELECT VALUE 1 FROM ft IN c.metadata.f_term WHERE STARTSWITH(ft, @ft_pref, true)) ) AND (CONTAINS(c.metadata.title, @kw, true) OR CONTAINS(c.summary, @kw, true) OR EXISTS (SELECT VALUE 1 FROM cl IN c.claims WHERE CONTAINS(cl.text, @kw, true))) | params: {""fi_pref"": ""A63F7"", ""ft_pref"": ""2C088EA"", ""kw"": ""遊技進行状態""} || [balanced fi_pref=A63F7 ft_pref=2C333EA kw=遊技進行状態] SELECT c.metadata.patent_id AS patent_id, c.metadata.title AS title, c.metadata.classification_fi AS classification_fi, c.metadata.f_term AS f_term, c.summary AS summary, c.claims AS claims, c.metadata.keywords AS doc_keywords, c.metadata.classification_ipc AS classification_ipc, c.metadata.publication_date AS publication_date FROM c WHERE (EXISTS (SELECT VALUE 1 FROM fi IN c.metadata.classification_fi WHERE STARTSWITH(fi, @fi_pref, true)) OR EXISTS (SELECT VALUE 1 FROM ft IN c.metadata.f_term WHERE STARTSWITH(ft, @ft_pref, true)) ) AND (CONTAINS(c.metadata.title, @kw, true) OR CONTAINS(c.summary, @kw, true) OR EXISTS (SELECT VALUE 1 FROM cl IN c.claims WHERE CONTAINS(cl.text, @kw, true))) | params: {""fi_pref"": ""A63F7"", ""ft_pref"": ""2C333EA"", ""kw"": ""遊技進行状態""}"
2021049053,26,弾球遊技機,20210401,"[balanced fi_pref=A63F7 ft_pref=2C333AA kw=表示態様] SELECT c.metadata.patent_id AS patent_id, c.metadata.title AS title, c.metadata.classification_fi AS classification_fi, c.metadata.f_term AS f_term, c.summary AS summary, c.claims AS claims, c.metadata.keywords AS doc_keywords, c.metadata.classification_ipc AS classification_ipc, c.metadata.publication_date AS publication_date FROM c WHERE (EXISTS (SELECT VALUE 1 FROM fi IN c.metadata.classification_fi WHERE STARTSWITH(fi, @fi_pref, true)) OR EXISTS (SELECT VALUE 1 FROM ft IN c.metadata.f_term WHERE STARTSWITH(ft, @ft_pref, true)) ) AND (CONTAINS(c.metadata.title, @kw, true) OR CONTAINS(c.summary, @kw, true) OR EXISTS (SELECT VALUE 1 FROM cl IN c.claims WHERE CONTAINS(cl.text, @kw, true))) | params: {""fi_pref"": ""A63F7"", ""ft_pref"": ""2C333AA"", ""kw"": ""表示態様""} || [balanced fi_pref=A63F7 ft_pref=2C333AA kw=遊技性] SELECT c.metadata.patent_id AS patent_id, c.metadata.title AS title, c.metadata.classification_fi AS classification_fi, c.metadata.f_term AS f_term, c.summary AS summary, c.claims AS claims, c.metadata.keywords AS doc_keywords, c.metadata.classification_ipc AS classification_ipc, c.metadata.publication_date AS publication_date FROM c WHERE (EXISTS (SELECT VALUE 1 FROM fi IN c.metadata.classification_fi WHERE STARTSWITH(fi, @fi_pref, true)) OR EXISTS (SELECT VALUE 1 FROM ft IN c.metadata.f_term WHERE STARTSWITH(ft, @ft_pref, true)) ) AND (CONTAINS(c.metadata.title, @kw, true) OR CONTAINS(c.summary, @kw, true) OR EXISTS (SELECT VALUE 1 FROM cl IN c.claims WHERE CONTAINS(cl.text, @kw, true))) | params: {""fi_pref"": ""A63F7"", ""ft_pref"": ""2C333AA"", ""kw"": ""遊技性""} || [balanced fi_pref=A63F7 ft_pref=2C088EA kw=表示態様] SELECT c.metadata.patent_id AS patent_id, c.metadata.title AS title, c.metadata.classification_fi AS classification_fi, c.metadata.f_term AS f_term, c.summary AS summary, c.claims AS claims, c.metadata.keywords AS doc_keywords, c.metadata.classification_ipc AS classification_ipc, c.metadata.publication_date AS publication_date FROM c WHERE (EXISTS (SELECT VALUE 1 FROM fi IN c.metadata.classification_fi WHERE STARTSWITH(fi, @fi_pref, true)) OR EXISTS (SELECT VALUE 1 FROM ft IN c.metadata.f_term WHERE STARTSWITH(ft, @ft_pref, true)) ) AND (CONTAINS(c.metadata.title, @kw, true) OR CONTAINS(c.summary, @kw, true) OR EXISTS (SELECT VALUE 1 FROM cl IN c.claims WHERE CONTAINS(cl.text, @kw, true))) | params: {""fi_pref"": ""A63F7"", ""ft_pref"": ""2C088EA"", ""kw"": ""表示態様""} || [balanced fi_pref=A63F7 ft_pref=2C088EA kw=遊技性] SELECT c.metadata.patent_id AS patent_id, c.metadata.title AS title, c.metadata.classification_fi AS classification_fi, c.metadata.f_term AS f_term, c.summary AS summary, c.claims AS claims, c.metadata.keywords AS doc_keywords, c.metadata.classification_ipc AS classification_ipc, c.metadata.publication_date AS publication_date FROM c WHERE (EXISTS (SELECT VALUE 1 FROM fi IN c.metadata.classification_fi WHERE STARTSWITH(fi, @fi_pref, true)) OR EXISTS (SELECT VALUE 1 FROM ft IN c.metadata.f_term WHERE STARTSWITH(ft, @ft_pref, true)) ) AND (CONTAINS(c.metadata.title, @kw, true) OR CONTAINS(c.summary, @kw, true) OR EXISTS (SELECT VALUE 1 FROM cl IN c.claims WHERE CONTAINS(cl.text, @kw, true))) | params: {""fi_pref"": ""A63F7"", ""ft_pref"": ""2C088EA"", ""kw"": ""遊技性""} || [balanced fi_pref=A63F7 ft_pref=2C333EA kw=表示態様] SELECT c.metadata.patent_id AS patent_id, c.metadata.title AS title, c.metadata.classification_fi AS classification_fi, c.metadata.f_term AS f_term, c.summary AS summary, c.claims AS claims, c.metadata.keywords AS doc_keywords, c.metadata.classification_ipc AS classification_ipc, c.metadata.publication_date AS publication_date FROM c WHERE (EXISTS (SELECT VALUE 1 FROM fi IN c.metadata.classification_fi WHERE STARTSWITH(fi, @fi_pref, true)) OR EXISTS (SELECT VALUE 1 FROM ft IN c.metadata.f_term WHERE STARTSWITH(ft, @ft_pref, true)) ) AND (CONTAINS(c.metadata.title, @kw, true) OR CONTAINS(c.summary, @kw, true) OR EXISTS (SELECT VALUE 1 FROM cl IN c.claims WHERE CONTAINS(cl.text, @kw, true))) | params: {""fi_pref"": ""A63F7"", ""ft_pref"": ""2C333EA"", ""kw"": ""表示態様""} || [balanced fi_pref=A63F7 ft_pref=2C333EA kw=遊技性] SELECT c.metadata.patent_id AS patent_id, c.metadata.title AS title, c.metadata.classification_fi AS classification_fi, c.metadata.f_term AS f_term, c.summary AS summary, c.claims AS claims, c.metadata.keywords AS doc_keywords, c.metadata.classification_ipc AS classification_ipc, c.metadata.publication_date AS publication_date FROM c WHERE (EXISTS (SELECT VALUE 1 FROM fi IN c.metadata.classification_fi WHERE STARTSWITH(fi, @fi_pref, true)) OR EXISTS (SELECT VALUE 1 FROM ft IN c.metadata.f_term WHERE STARTSWITH(ft, @ft_pref, true)) ) AND (CONTAINS(c.metadata.title, @kw, true) OR CONTAINS(c.summary, @kw, true) OR EXISTS (SELECT VALUE 1 FROM cl IN c.claims WHERE CONTAINS(cl.text, @kw, true))) | params: {""fi_pref"": ""A63F7"", ""ft_pref"": ""2C333EA"", ""kw"": ""遊技性""} || [broad fi_pref=A63F7 ft_pref=2C333AA kw=遊技進行状態] SELECT c.metadata.patent_id AS patent_id, c.metadata.title AS title, c.metadata.classification_fi AS classification_fi, c.metadata.f_term AS f_term, c.summary AS summary, c.claims AS claims, c.metadata.keywords AS doc_keywords, c.metadata.classification_ipc AS classification_ipc, c.metadata.publication_date AS publication_date FROM c WHERE EXISTS (SELECT VALUE 1 FROM fi IN c.metadata.classification_fi WHERE STARTSWITH(fi, @fi_pref, true)) OR EXISTS (SELECT VALUE 1 FROM ft IN c.metadata.f_term WHERE STARTSWITH(ft, @ft_pref, true)) OR CONTAINS(c.metadata.title, @kw, true) | params: {""fi_pref"": ""A63F7"", ""ft_pref"": ""2C333AA"", ""kw"": ""遊技進行状態""}"
2021016583,26,遊技機,20210215,"[balanced fi_pref=A63F7 ft_pref=2C333AA kw=表示態様] SELECT c.metadata.patent_id AS patent_id, c.metadata.title AS title, c.metadata.classification_fi AS classification_fi, c.metadata.f_term AS f_term, c.summary AS summary, c.claims AS claims, c.metadata.keywords AS doc_keywords, c.metadata.classification_ipc AS classification_ipc, c.metadata.publication_date AS publication_date FROM c WHERE (EXISTS (SELECT VALUE 1 FROM fi IN c.metadata.classification_fi WHERE STARTSWITH(fi, @fi_pref, true)) OR EXISTS (SELECT VALUE 1 FROM ft IN c.metadata.f_term WHERE STARTSWITH(ft, @ft_pref, true)) ) AND (CONTAINS(c.metadata.title, @kw, true) OR CONTAINS(c.summary, @kw, true) OR EXISTS (SELECT VALUE 1 FROM cl IN c.claims WHERE CONTAINS(cl.text, @kw, true))) | params: {""fi_pref"": ""A63F7"", ""ft_pref"": ""2C333AA"", ""kw"": ""表示態様""} || [balanced fi_pref=A63F7 ft_pref=2C088EA kw=表示態様] SELECT c.metadata.patent_id AS patent_id, c.metadata.title AS title, c.metadata.classification_fi AS classification_fi, c.metadata.f_term AS f_term, c.summary AS summary, c.claims AS claims, c.metadata.keywords AS doc_keywords, c.metadata.classification_ipc AS classification_ipc, c.metadata.publication_date AS publication_date FROM c WHERE (EXISTS (SELECT VALUE 1 FROM fi IN c.metadata.classification_fi WHERE STARTSWITH(fi, @fi_pref, true)) OR EXISTS (SELECT VALUE 1 FROM ft IN c.metadata.f_term WHERE STARTSWITH(ft, @ft_pref, true)) ) AND (CONTAINS(c.metadata.title, @kw, true) OR CONTAINS(c.summary, @kw, true) OR EXISTS (SELECT VALUE 1 FROM cl IN c.claims WHERE CONTAINS(cl.text, @kw, true))) | params: {""fi_pref"": ""A63F7"", ""ft_pref"": ""2C088EA"", ""kw"": ""表示態様""} || [balanced fi_pref=A63F7 ft_pref=2C333EA kw=表示態様] SELECT c.metadata.patent_id AS patent_id, c.metadata.title AS title, c.metadata.classification_fi AS classification_fi, c.metadata.f_term AS f_term, c.summary AS summary, c.claims AS claims, c.metadata.keywords AS doc_keywords, c.metadata.classification_ipc AS classification_ipc, c.metadata.publication_date AS publication_date FROM c WHERE (EXISTS (SELECT VALUE 1 FROM fi IN c.metadata.classification_fi WHERE STARTSWITH(fi, @fi_pref, true)) OR EXISTS (SELECT VALUE 1 FROM ft IN c.metadata.f_term WHERE STARTSWITH(ft, @ft_pref, true)) ) AND (CONTAINS(c.metadata.title, @kw, true) OR CONTAINS(c.summary, @kw, true) OR EXISTS (SELECT VALUE 1 FROM cl IN c.claims WHERE CONTAINS(cl.text, @kw, true))) | params: {""fi_pref"": ""A63F7"", ""ft_pref"": ""2C333EA"", ""kw"": ""表示態様""}"
2021049050,26,弾球遊技機,20210401,"[balanced fi_pref=A63F7 ft_pref=2C333AA kw=表示態様] SELECT c.metadata.patent_id AS patent_id, c.metadata.title AS title, c.metadata.classification_fi AS classification_fi, c.metadata.f_term AS f_term, c.summary AS summary, c.claims AS claims, c.metadata.keywords AS doc_keywords, c.metadata.classification_ipc AS classification_ipc, c.metadata.publication_date AS publication_date FROM c WHERE (EXISTS (SELECT VALUE 1 FROM fi IN c.metadata.classification_fi WHERE STARTSWITH(fi, @fi_pref, true)) OR EXISTS (SELECT VALUE 1 FROM ft IN c.metadata.f_term WHERE STARTSWITH(ft, @ft_pref, true)) ) AND (CONTAINS(c.metadata.title, @kw, true) OR CONTAINS(c.summary, @kw, true) OR EXISTS (SELECT VALUE 1 FROM cl IN c.claims WHERE CONTAINS(cl.text, @kw, true))) | params: {""fi_pref"": ""A63F7"", ""ft_pref"": ""2C333AA"", ""kw"": ""表示態様""} || [balanced fi_pref=A63F7 ft_pref=2C333AA kw=遊技性] SELECT c.metadata.patent_id AS patent_id, c.metadata.title AS title, c.metadata.classification_fi AS classification_fi, c.metadata.f_term AS f_term, c.summary AS summary, c.claims AS claims, c.metadata.keywords AS doc_keywords, c.metadata.classification_ipc AS classification_ipc, c.metadata.publication_date AS publication_date FROM c WHERE (EXISTS (SELECT VALUE 1 FROM fi IN c.metadata.classification_fi WHERE STARTSWITH(fi, @fi_pref, true)) OR EXISTS (SELECT VALUE 1 FROM ft IN c.metadata.f_term WHERE STARTSWITH(ft, @ft_pref, true)) ) AND (CONTAINS(c.metadata.title, @kw, true) OR CONTAINS(c.summary, @kw, true) OR EXISTS (SELECT VALUE 1 FROM cl IN c.claims WHERE CONTAINS(cl.text, @kw, true))) | params: {""fi_pref"": ""A63F7"", ""ft_pref"": ""2C333AA"", ""kw"": ""遊技性""} || [balanced fi_pref=A63F7 ft_pref=2C088EA kw=表示態様] SELECT c.metadata.patent_id AS patent_id, c.metadata.title AS title, c.metadata.classification_fi AS classification_fi, c.metadata.f_term AS f_term, c.summary AS summary, c.claims AS claims, c.metadata.keywords AS doc_keywords, c.metadata.classification_ipc AS classification_ipc, c.metadata.publication_date AS publication_date FROM c WHERE (EXISTS (SELECT VALUE 1 FROM fi IN c.metadata.classification_fi WHERE STARTSWITH(fi, @fi_pref, true)) OR EXISTS (SELECT VALUE 1 FROM ft IN c.metadata.f_term WHERE STARTSWITH(ft, @ft_pref, true)) ) AND (CONTAINS(c.metadata.title, @kw, true) OR CONTAINS(c.summary, @kw, true) OR EXISTS (SELECT VALUE 1 FROM cl IN c.claims WHERE CONTAINS(cl.text, @kw, true))) | params: {""fi_pref"": ""A63F7"", ""ft_pref"": ""2C088EA"", ""kw"": ""表示態様""} || [balanced fi_pref=A63F7 ft_pref=2C088EA kw=遊技性] SELECT c.metadata.patent_id AS patent_id, c.metadata.title AS title, c.metadata.classification_fi AS classification_fi, c.metadata.f_term AS f_term, c.summary AS summary, c.claims AS claims, c.metadata.keywords AS doc_keywords, c.metadata.classification_ipc AS classification_ipc, c.metadata.publication_date AS publication_date FROM c WHERE (EXISTS (SELECT VALUE 1 FROM fi IN c.metadata.classification_fi WHERE STARTSWITH(fi, @fi_pref, true)) OR EXISTS (SELECT VALUE 1 FROM ft IN c.metadata.f_term WHERE STARTSWITH(ft, @ft_pref, true)) ) AND (CONTAINS(c.metadata.title, @kw, true) OR CONTAINS(c.summary, @kw, true) OR EXISTS (SELECT VALUE 1 FROM cl IN c.claims WHERE CONTAINS(cl.text, @kw, true))) | params: {""fi_pref"": ""A63F7"", ""ft_pref"": ""2C088EA"", ""kw"": ""遊技性""} || [balanced fi_pref=A63F7 ft_pref=2C333EA kw=表示態様] SELECT c.metadata.patent_id AS patent_id, c.metadata.title AS title, c.metadata.classification_fi AS classification_fi, c.metadata.f_term AS f_term, c.summary AS summary, c.claims AS claims, c.metadata.keywords AS doc_keywords, c.metadata.classification_ipc AS classification_ipc, c.metadata.publication_date AS publication_date FROM c WHERE (EXISTS (SELECT VALUE 1 FROM fi IN c.metadata.classification_fi WHERE STARTSWITH(fi, @fi_pref, true)) OR EXISTS (SELECT VALUE 1 FROM ft IN c.metadata.f_term WHERE STARTSWITH(ft, @ft_pref, true)) ) AND (CONTAINS(c.metadata.title, @kw, true) OR CONTAINS(c.summary, @kw, true) OR EXISTS (SELECT VALUE 1 FROM cl IN c.claims WHERE CONTAINS(cl.text, @kw, true))) | params: {""fi_pref"": ""A63F7"", ""ft_pref"": ""2C333EA"", ""kw"": ""表示態様""} || [balanced fi_pref=A63F7 ft_pref=2C333EA kw=遊技性] SELECT c.metadata.patent_id AS patent_id, c.metadata.title AS title, c.metadata.classification_fi AS classification_fi, c.metadata.f_term AS f_term, c.summary AS summary, c.claims AS claims, c.metadata.keywords AS doc_keywords, c.metadata.classification_ipc AS classification_ipc, c.metadata.publication_date AS publication_date FROM c WHERE (EXISTS (SELECT VALUE 1 FROM fi IN c.metadata.classification_fi WHERE STARTSWITH(fi, @fi_pref, true)) OR EXISTS (SELECT VALUE 1 FROM ft IN c.metadata.f_term WHERE STARTSWITH(ft, @ft_pref, true)) ) AND (CONTAINS(c.metadata.title, @kw, true) OR CONTAINS(c.summary, @kw, true) OR EXISTS (SELECT VALUE 1 FROM cl IN c.claims WHERE CONTAINS(cl.text, @kw, true))) | params: {""fi_pref"": ""A63F7"", ""ft_pref"": ""2C333EA"", ""kw"": ""遊技性""}"
2020192196,26,遊技機,20201203,"[balanced fi_pref=A63F7 ft_pref=2C333AA kw=表示態様] SELECT c.metadata.patent_id AS patent_id, c.metadata.title AS title, c.metadata.classification_fi AS classification_fi, c.metadata.f_term AS f_term, c.summary AS summary, c.claims AS claims, c.metadata.keywords AS doc_keywords, c.metadata.classification_ipc AS classification_ipc, c.metadata.publication_date AS publication_date FROM c WHERE (EXISTS (SELECT VALUE 1 FROM fi IN c.metadata.classification_fi WHERE STARTSWITH(fi, @fi_pref, true)) OR EXISTS (SELECT VALUE 1 FROM ft IN c.metadata.f_term WHERE STARTSWITH(ft, @ft_pref, true)) ) AND (CONTAINS(c.metadata.title, @kw, true) OR CONTAINS(c.summary, @kw, true) OR EXISTS (SELECT VALUE 1 FROM cl IN c.claims WHERE CONTAINS(cl.text, @kw, true))) | params: {""fi_pref"": ""A63F7"", ""ft_pref"": ""2C333AA"", ""kw"": ""表示態様""} || [balanced fi_pref=A63F7 ft_pref=2C333AA kw=遊技性] SELECT c.metadata.patent_id AS patent_id, c.metadata.title AS title, c.metadata.classification_fi AS classification_fi, c.metadata.f_term AS f_term, c.summary AS summary, c.claims AS claims, c.metadata.keywords AS doc_keywords, c.metadata.classification_ipc AS classification_ipc, c.metadata.publication_date AS publication_date FROM c WHERE (EXISTS (SELECT VALUE 1 FROM fi IN c.metadata.classification_fi WHERE STARTSWITH(fi, @fi_pref, true)) OR EXISTS (SELECT VALUE 1 FROM ft IN c.metadata.f_term WHERE STARTSWITH(ft, @ft_pref, true)) ) AND (CONTAINS(c.metadata.title, @kw, true) OR CONTAINS(c.summary, @kw, true) OR EXISTS (SELECT VALUE 1 FROM cl IN c.claims WHERE CONTAINS(cl.text, @kw, true))) | params: {""fi_pref"": ""A63F7"", ""ft_pref"": ""2C333AA"", ""kw"": ""遊技性""} || [balanced fi_pref=A63F7 ft_pref=2C088EA kw=表示態様] SELECT c.metadata.patent_id AS patent_id, c.metadata.title AS title, c.metadata.classification_fi AS classification_fi, c.metadata.f_term AS f_term, c.summary AS summary, c.claims AS claims, c.metadata.keywords AS doc_keywords, c.metadata.classification_ipc AS classification_ipc, c.metadata.publication_date AS publication_date FROM c WHERE (EXISTS (SELECT VALUE 1 FROM fi IN c.metadata.classification_fi WHERE STARTSWITH(fi, @fi_pref, true)) OR EXISTS (SELECT VALUE 1 FROM ft IN c.metadata.f_term WHERE STARTSWITH(ft, @ft_pref, true)) ) AND (CONTAINS(c.metadata.title, @kw, true) OR CONTAINS(c.summary, @kw, true) OR EXISTS (SELECT VALUE 1 FROM cl IN c.claims WHERE CONTAINS(cl.text, @kw, true))) | params: {""fi_pref"": ""A63F7"", ""ft_pref"": ""2C088EA"", ""kw"": ""表示態様""} || [balanced fi_pref=A63F7 ft_pref=2C088EA kw=遊技性] SELECT c.metadata.patent_id AS patent_id, c.metadata.title AS title, c.metadata.classification_fi AS classification_fi, c.metadata.f_term AS f_term, c.summary AS summary, c.claims AS claims, c.metadata.keywords AS doc_keywords, c.metadata.classification_ipc AS classification_ipc, c.metadata.publication_date AS publication_date FROM c WHERE (EXISTS (SELECT VALUE 1 FROM fi IN c.metadata.classification_fi WHERE STARTSWITH(fi, @fi_pref, true)) OR EXISTS (SELECT VALUE 1 FROM ft IN c.metadata.f_term WHERE STARTSWITH(ft, @ft_pref, true)) ) AND (CONTAINS(c.metadata.title, @kw, true) OR CONTAINS(c.summary, @kw, true) OR EXISTS (SELECT VALUE 1 FROM cl IN c.claims WHERE CONTAINS(cl.text, @kw, true))) | params: {""fi_pref"": ""A63F7"", ""ft_pref"": ""2C088EA"", ""kw"": ""遊技性""} || [balanced fi_pref=A63F7 ft_pref=2C333EA kw=表示態様] SELECT c.metadata.patent_id AS patent_id, c.metadata.title AS title, c.metadata.classification_fi AS classification_fi, c.metadata.f_term AS f_term, c.summary AS summary, c.claims AS claims, c.metadata.keywords AS doc_keywords, c.metadata.classification_ipc AS classification_ipc, c.metadata.publication_date AS publication_date FROM c WHERE (EXISTS (SELECT VALUE 1 FROM fi IN c.metadata.classification_fi WHERE STARTSWITH(fi, @fi_pref, true)) OR EXISTS (SELECT VALUE 1 FROM ft IN c.metadata.f_term WHERE STARTSWITH(ft, @ft_pref, true)) ) AND (CONTAINS(c.metadata.title, @kw, true) OR CONTAINS(c.summary, @kw, true) OR EXISTS (SELECT VALUE 1 FROM cl IN c.claims WHERE CONTAINS(cl.text, @kw, true))) | params: {""fi_pref"": ""A63F7"", ""ft_pref"": ""2C333EA"", ""kw"": ""表示態様""} || [balanced fi_pref=A63F7 ft_pref=2C333EA kw=遊技性] SELECT c.metadata.patent_id AS patent_id, c.metadata.title AS title, c.metadata.classification_fi AS classification_fi, c.metadata.f_term AS f_term, c.summary AS summary, c.claims AS claims, c.metadata.keywords AS doc_keywords, c.metadata.classification_ipc AS classification_ipc, c.metadata.publication_date AS publication_date FROM c WHERE (EXISTS (SELECT VALUE 1 FROM fi IN c.metadata.classification_fi WHERE STARTSWITH(fi, @fi_pref, true)) OR EXISTS (SELECT VALUE 1 FROM ft IN c.metadata.f_term WHERE STARTSWITH(ft, @ft_pref, true)) ) AND (CONTAINS(c.metadata.title, @kw, true) OR CONTAINS(c.summary, @kw, true) OR EXISTS (SELECT VALUE 1 FROM cl IN c.claims WHERE CONTAINS(cl.text, @kw, true))) | params: {""fi_pref"": ""A63F7"", ""ft_pref"": ""2C333EA"", ""kw"": ""遊技性""}"
2021029741,26,遊技機,20210301,"[balanced fi_pref=A63F7 ft_pref=2C333AA kw=表示態様] SELECT c.metadata.patent_id AS patent_id, c.metadata.title AS title, c.metadata.classification_fi AS classification_fi, c.metadata.f_term AS f_term, c.summary AS summary, c.claims AS claims, c.metadata.keywords AS doc_keywords, c.metadata.classification_ipc AS classification_ipc, c.metadata.publication_date AS publication_date FROM c WHERE (EXISTS (SELECT VALUE 1 FROM fi IN c.metadata.classification_fi WHERE STARTSWITH(fi, @fi_pref, true)) OR EXISTS (SELECT VALUE 1 FROM ft IN c.metadata.f_term WHERE STARTSWITH(ft, @ft_pref, true)) ) AND (CONTAINS(c.metadata.title, @kw, true) OR CONTAINS(c.summary, @kw, true) OR EXISTS (SELECT VALUE 1 FROM cl IN c.claims WHERE CONTAINS(cl.text, @kw, true))) | params: {""fi_pref"": ""A63F7"", ""ft_pref"": ""2C333AA"", ""kw"": ""表示態様""} || [balanced fi_pref=A63F7 ft_pref=2C088EA kw=表示態様] SELECT c.metadata.patent_id AS patent_id, c.metadata.title AS title, c.metadata.classification_fi AS classification_fi, c.metadata.f_term AS f_term, c.summary AS summary, c.claims AS claims, c.metadata.keywords AS doc_keywords, c.metadata.classification_ipc AS classification_ipc, c.metadata.publication_date AS publication_date FROM c WHERE (EXISTS (SELECT VALUE 1 FROM fi IN c.metadata.classification_fi WHERE STARTSWITH(fi, @fi_pref, true)) OR EXISTS (SELECT VALUE 1 FROM ft IN c.metadata.f_term WHERE STARTSWITH(ft, @ft_pref, true)) ) AND (CONTAINS(c.metadata.title, @kw, true) OR CONTAINS(c.summary, @kw, true) OR EXISTS (SELECT VALUE 1 FROM cl IN c.claims WHERE CONTAINS(cl.text, @kw, true))) | params: {""fi_pref"": ""A63F7"", ""ft_pref"": ""2C088EA"", ""kw"": ""表示態様""} || [balanced fi_pref=A63F7 ft_pref=2C333EA kw=表示態様] SELECT c.metadata.patent_id AS patent_id, c.metadata.title AS title, c.metadata.classification_fi AS classification_fi, c.metadata.f_term AS f_term, c.summary AS summary, c.claims AS claims, c.metadata.keywords AS doc_keywords, c.metadata.classification_ipc AS classification_ipc, c.metadata.publication_date AS publication_date FROM c WHERE (EXISTS (SELECT VALUE 1 FROM fi IN c.metadata.classification_fi WHERE STARTSWITH(fi, @fi_pref, true)) OR EXISTS (SELECT VALUE 1 FROM ft IN c.metadata.f_term WHERE STARTSWITH(ft, @ft_pref, true)) ) AND (CONTAINS(c.metadata.title, @kw, true) OR CONTAINS(c.summary, @kw, true) OR EXISTS (SELECT VALUE 1 FROM cl IN c.claims WHERE CONTAINS(cl.text, @kw, true))) | params: {""fi_pref"": ""A63F7"", ""ft_pref"": ""2C333EA"", ""kw"": ""表示態様""}"
2020137681,26,遊技機,20200903,"[balanced fi_pref=A63F7 ft_pref=2C333AA kw=表示態様] SELECT c.metadata.patent_id AS patent_id, c.metadata.title AS title, c.metadata.classification_fi AS classification_fi, c.metadata.f_term AS f_term, c.summary AS summary, c.claims AS claims, c.metadata.keywords AS doc_keywords, c.metadata.classification_ipc AS classification_ipc, c.metadata.publication_date AS publication_date FROM c WHERE (EXISTS (SELECT VALUE 1 FROM fi IN c.metadata.classification_fi WHERE STARTSWITH(fi, @fi_pref, true)) OR EXISTS (SELECT VALUE 1 FROM ft IN c.metadata.f_term WHERE STARTSWITH(ft, @ft_pref, true)) ) AND (CONTAINS(c.metadata.title, @kw, true) OR CONTAINS(c.summary, @kw, true) OR EXISTS (SELECT VALUE 1 FROM cl IN c.claims WHERE CONTAINS(cl.text, @kw, true))) | params: {""fi_pref"": ""A63F7"", ""ft_pref"": ""2C333AA"", ""kw"": ""表示態様""} || [balanced fi_pref=A63F7 ft_pref=2C333AA kw=遊技性] SELECT c.metadata.patent_id AS patent_id, c.metadata.title AS title, c.metadata.classification_fi AS classification_fi, c.metadata.f_term AS f_term, c.summary AS summary, c.claims AS claims, c.metadata.keywords AS doc_keywords, c.metadata.classification_ipc AS classification_ipc, c.metadata.publication_date AS publication_date FROM c WHERE (EXISTS (SELECT VALUE 1 FROM fi IN c.metadata.classification_fi WHERE STARTSWITH(fi, @fi_pref, true)) OR EXISTS (SELECT VALUE 1 FROM ft IN c.metadata.f_term WHERE STARTSWITH(ft, @ft_pref, true)) ) AND (CONTAINS(c.metadata.title, @kw, true) OR CONTAINS(c.summary, @kw, true) OR EXISTS (SELECT VALUE 1 FROM cl IN c.claims WHERE CONTAINS(cl.text, @kw, true))) | params: {""fi_pref"": ""A63F7"", ""ft_pref"": ""2C333AA"", ""kw"": ""遊技性""} || [balanced fi_pref=A63F7 ft_pref=2C088EA kw=表示態様] SELECT c.metadata.patent_id AS patent_id, c.metadata.title AS title, c.metadata.classification_fi AS classification_fi, c.metadata.f_term AS f_term, c.summary AS summary, c.claims AS claims, c.metadata.keywords AS doc_keywords, c.metadata.classification_ipc AS classification_ipc, c.metadata.publication_date AS publication_date FROM c WHERE (EXISTS (SELECT VALUE 1 FROM fi IN c.metadata.classification_fi WHERE STARTSWITH(fi, @fi_pref, true)) OR EXISTS (SELECT VALUE 1 FROM ft IN c.metadata.f_term WHERE STARTSWITH(ft, @ft_pref, true)) ) AND (CONTAINS(c.metadata.title, @kw, true) OR CONTAINS(c.summary, @kw, true) OR EXISTS (SELECT VALUE 1 FROM cl IN c.claims WHERE CONTAINS(cl.text, @kw, true))) | params: {""fi_pref"": ""A63F7"", ""ft_pref"": ""2C088EA"", ""kw"": ""表示態様""} || [balanced fi_pref=A63F7 ft_pref=2C088EA kw=遊技性] SELECT c.metadata.patent_id AS patent_id, c.metadata.title AS title, c.metadata.classification_fi AS classification_fi, c.metadata.f_term AS f_term, c.summary AS summary, c.claims AS claims, c.metadata.keywords AS doc_keywords, c.metadata.classification_ipc AS classification_ipc, c.metadata.publication_date AS publication_date FROM c WHERE (EXISTS (SELECT VALUE 1 FROM fi IN c.metadata.classification_fi WHERE STARTSWITH(fi, @fi_pref, true)) OR EXISTS (SELECT VALUE 1 FROM ft IN c.metadata.f_term WHERE STARTSWITH(ft, @ft_pref, true)) ) AND (CONTAINS(c.metadata.title, @kw, true) OR CONTAINS(c.summary, @kw, true) OR EXISTS (SELECT VALUE 1 FROM cl IN c.claims WHERE CONTAINS(cl.text, @kw, true))) | params: {""fi_pref"": ""A63F7"", ""ft_pref"": ""2C088EA"", ""kw"": ""遊技性""} || [balanced fi_pref=A63F7 ft_pref=2C333EA kw=表示態様] SELECT c.metadata.patent_id AS patent_id, c.metadata.title AS title, c.metadata.classification_fi AS classification_fi, c.metadata.f_term AS f_term, c.summary AS summary, c.claims AS claims, c.metadata.keywords AS doc_keywords, c.metadata.classification_ipc AS classification_ipc, c.metadata.publication_date AS publication_date FROM c WHERE (EXISTS (SELECT VALUE 1 FROM fi IN c.metadata.classification_fi WHERE STARTSWITH(fi, @fi_pref, true)) OR EXISTS (SELECT VALUE 1 FROM ft IN c.metadata.f_term WHERE STARTSWITH(ft, @ft_pref, true)) ) AND (CONTAINS(c.metadata.title, @kw, true) OR CONTAINS(c.summary, @kw, true) OR EXISTS (SELECT VALUE 1 FROM cl IN c.claims WHERE CONTAINS(cl.text, @kw, true))) | params: {""fi_pref"": ""A63F7"", ""ft_pref"": ""2C333EA"", ""kw"": ""表示態様""} || [balanced fi_pref=A63F7 ft_pref=2C333EA kw=遊技性] SELECT c.metadata.patent_id AS patent_id, c.metadata.title AS title, c.metadata.classification_fi AS classification_fi, c.metadata.f_term AS f_term, c.summary AS summary, c.claims AS claims, c.metadata.keywords AS doc_keywords, c.metadata.classification_ipc AS classification_ipc, c.metadata.publication_date AS publication_date FROM c WHERE (EXISTS (SELECT VALUE 1 FROM fi IN c.metadata.classification_fi WHERE STARTSWITH(fi, @fi_pref, true)) OR EXISTS (SELECT VALUE 1 FROM ft IN c.metadata.f_term WHERE STARTSWITH(ft, @ft_pref, true)) ) AND (CONTAINS(c.metadata.title, @kw, true) OR CONTAINS(c.summary, @kw, true) OR EXISTS (SELECT VALUE 1 FROM cl IN c.claims WHERE CONTAINS(cl.text, @kw, true))) | params: {""fi_pref"": ""A63F7"", ""ft_pref"": ""2C333EA"", ""kw"": ""遊技性""}"
2020185228,26,遊技機,20201119,"[balanced fi_pref=A63F7 ft_pref=2C333AA kw=表示態様] SELECT c.metadata.patent_id AS patent_id, c.metadata.title AS title, c.metadata.classification_fi AS classification_fi, c.metadata.f_term AS f_term, c.summary AS summary, c.claims AS claims, c.metadata.keywords AS doc_keywords, c.metadata.classification_ipc AS classification_ipc, c.metadata.publication_date AS publication_date FROM c WHERE (EXISTS (SELECT VALUE 1 FROM fi IN c.metadata.classification_fi WHERE STARTSWITH(fi, @fi_pref, true)) OR EXISTS (SELECT VALUE 1 FROM ft IN c.metadata.f_term WHERE STARTSWITH(ft, @ft_pref, true)) ) AND (CONTAINS(c.metadata.title, @kw, true) OR CONTAINS(c.summary, @kw, true) OR EXISTS (SELECT VALUE 1 FROM cl IN c.claims WHERE CONTAINS(cl.text, @kw, true))) | params: {""fi_pref"": ""A63F7"", ""ft_pref"": ""2C333AA"", ""kw"": ""表示態様""} || [balanced fi_pref=A63F7 ft_pref=2C333AA kw=遊技性] SELECT c.metadata.patent_id AS patent_id, c.metadata.title AS title, c.metadata.classification_fi AS classification_fi, c.metadata.f_term AS f_term, c.summary AS summary, c.claims AS claims, c.metadata.keywords AS doc_keywords, c.metadata.classification_ipc AS classification_ipc, c.metadata.publication_date AS publication_date FROM c WHERE (EXISTS (SELECT VALUE 1 FROM fi IN c.metadata.classification_fi WHERE STARTSWITH(fi, @fi_pref, true)) OR EXISTS (SELECT VALUE 1 FROM ft IN c.metadata.f_term WHERE STARTSWITH(ft, @ft_pref, true)) ) AND (CONTAINS(c.metadata.title, @kw, true) OR CONTAINS(c.summary, @kw, true) OR EXISTS (SELECT VALUE 1 FROM cl IN c.claims WHERE CONTAINS(cl.text, @kw, true))) | params: {""fi_pref"": ""A63F7"", ""ft_pref"": ""2C333AA"", ""kw"": ""遊技性""} || [balanced fi_pref=A63F7 ft_pref=2C088EA kw=表示態様] SELECT c.metadata.patent_id AS patent_id, c.metadata.title AS title, c.metadata.classification_fi AS classification_fi, c.metadata.f_term AS f_term, c.summary AS summary, c.claims AS claims, c.metadata.keywords AS doc_keywords, c.metadata.classification_ipc AS classification_ipc, c.metadata.publication_date AS publication_date FROM c WHERE (EXISTS (SELECT VALUE 1 FROM fi IN c.metadata.classification_fi WHERE STARTSWITH(fi, @fi_pref, true)) OR EXISTS (SELECT VALUE 1 FROM ft IN c.metadata.f_term WHERE STARTSWITH(ft, @ft_pref, true)) ) AND (CONTAINS(c.metadata.title, @kw, true) OR CONTAINS(c.summary, @kw, true) OR EXISTS (SELECT VALUE 1 FROM cl IN c.claims WHERE CONTAINS(cl.text, @kw, true))) | params: {""fi_pref"": ""A63F7"", ""ft_pref"": ""2C088EA"", ""kw"": ""表示態様""} || [balanced fi_pref=A63F7 ft_pref=2C088EA kw=遊技性] SELECT c.metadata.patent_id AS patent_id, c.metadata.title AS title, c.metadata.classification_fi AS classification_fi, c.metadata.f_term AS f_term, c.summary AS summary, c.claims AS claims, c.metadata.keywords AS doc_keywords, c.metadata.classification_ipc AS classification_ipc, c.metadata.publication_date AS publication_date FROM c WHERE (EXISTS (SELECT VALUE 1 FROM fi IN c.metadata.classification_fi WHERE STARTSWITH(fi, @fi_pref, true)) OR EXISTS (SELECT VALUE 1 FROM ft IN c.metadata.f_term WHERE STARTSWITH(ft, @ft_pref, true)) ) AND (CONTAINS(c.metadata.title, @kw, true) OR CONTAINS(c.summary, @kw, true) OR EXISTS (SELECT VALUE 1 FROM cl IN c.claims WHERE CONTAINS(cl.text, @kw, true))) | params: {""fi_pref"": ""A63F7"", ""ft_pref"": ""2C088EA"", ""kw"": ""遊技性""} || [balanced fi_pref=A63F7 ft_pref=2C333EA kw=表示態様] SELECT c.metadata.patent_id AS patent_id, c.metadata.title AS title, c.metadata.classification_fi AS classification_fi, c.metadata.f_term AS f_term, c.summary AS summary, c.claims AS claims, c.metadata.keywords AS doc_keywords, c.metadata.classification_ipc AS classification_ipc, c.metadata.publication_date AS publication_date FROM c WHERE (EXISTS (SELECT VALUE 1 FROM fi IN c.metadata.classification_fi WHERE STARTSWITH(fi, @fi_pref, true)) OR EXISTS (SELECT VALUE 1 FROM ft IN c.metadata.f_term WHERE STARTSWITH(ft, @ft_pref, true)) ) AND (CONTAINS(c.metadata.title, @kw, true) OR CONTAINS(c.summary, @kw, true) OR EXISTS (SELECT VALUE 1 FROM cl IN c.claims WHERE CONTAINS(cl.text, @kw, true))) | params: {""fi_pref"": ""A63F7"", ""ft_pref"": ""2C333EA"", ""kw"": ""表示態様""} || [balanced fi_pref=A63F7 ft_pref=2C333EA kw=遊技性] SELECT c.metadata.patent_id AS patent_id, c.metadata.title AS title, c.metadata.classification_fi AS classification_fi, c.metadata.f_term AS f_term, c.summary AS summary, c.claims AS claims, c.metadata.keywords AS doc_keywords, c.metadata.classification_ipc AS classification_ipc, c.metadata.publication_date AS publication_date FROM c WHERE (EXISTS (SELECT VALUE 1 FROM fi IN c.metadata.classification_fi WHERE STARTSWITH(fi, @fi_pref, true)) OR EXISTS (SELECT VALUE 1 FROM ft IN c.metadata.f_term WHERE STARTSWITH(ft, @ft_pref, true)) ) AND (CONTAINS(c.metadata.title, @kw, true) OR CONTAINS(c.summary, @kw, true) OR EXISTS (SELECT VALUE 1 FROM cl IN c.claims WHERE CONTAINS(cl.text, @kw, true))) | params: {""fi_pref"": ""A63F7"", ""ft_pref"": ""2C333EA"", ""kw"": ""遊技性""}"
2021049052,26,弾球遊技機,20210401,"[balanced fi_pref=A63F7 ft_pref=2C333AA kw=遊技性] SELECT c.metadata.patent_id AS patent_id, c.metadata.title AS title, c.metadata.classification_fi AS classification_fi, c.metadata.f_term AS f_term, c.summary AS summary, c.claims AS claims, c.metadata.keywords AS doc_keywords, c.metadata.classification_ipc AS classification_ipc, c.metadata.publication_date AS publication_date FROM c WHERE (EXISTS (SELECT VALUE 1 FROM fi IN c.metadata.classification_fi WHERE STARTSWITH(fi, @fi_pref, true)) OR EXISTS (SELECT VALUE 1 FROM ft IN c.metadata.f_term WHERE STARTSWITH(ft, @ft_pref, true)) ) AND (CONTAINS(c.metadata.title, @kw, true) OR CONTAINS(c.summary, @kw, true) OR EXISTS (SELECT VALUE 1 FROM cl IN c.claims WHERE CONTAINS(cl.text, @kw, true))) | params: {""fi_pref"": ""A63F7"", ""ft_pref"": ""2C333AA"", ""kw"": ""遊技性""} || [balanced fi_pref=A63F7 ft_pref=2C088EA kw=遊技性] SELECT c.metadata.patent_id AS patent_id, c.metadata.title AS title, c.metadata.classification_fi AS classification_fi, c.metadata.f_term AS f_term, c.summary AS summary, c.claims AS claims, c.metadata.keywords AS doc_keywords, c.metadata.classification_ipc AS classification_ipc, c.metadata.publication_date AS publication_date FROM c WHERE (EXISTS (SELECT VALUE 1 FROM fi IN c.metadata.classification_fi WHERE STARTSWITH(fi, @fi_pref, true)) OR EXISTS (SELECT VALUE 1 FROM ft IN c.metadata.f_term WHERE STARTSWITH(ft, @ft_pref, true)) ) AND (CONTAINS(c.metadata.title, @kw, true) OR CONTAINS(c.summary, @kw, true) OR EXISTS (SELECT VALUE 1 FROM cl IN c.claims WHERE CONTAINS(cl.text, @kw, true))) | params: {""fi_pref"": ""A63F7"", ""ft_pref"": ""2C088EA"", ""kw"": ""遊技性""} || [balanced fi_pref=A63F7 ft_pref=2C333EA kw=遊技性] SELECT c.metadata.patent_id AS patent_id, c.metadata.title AS title, c.metadata.classification_fi AS classification_fi, c.metadata.f_term AS f_term, c.summary AS summary, c.claims AS claims, c.metadata.keywords AS doc_keywords, c.metadata.classification_ipc AS classification_ipc, c.metadata.publication_date AS publication_date FROM c WHERE (EXISTS (SELECT VALUE 1 FROM fi IN c.metadata.classification_fi WHERE STARTSWITH(fi, @fi_pref, true)) OR EXISTS (SELECT VALUE 1 FROM ft IN c.metadata.f_term WHERE STARTSWITH(ft, @ft_pref, true)) ) AND (CONTAINS(c.metadata.title, @kw, true) OR CONTAINS(c.summary, @kw, true) OR EXISTS (SELECT VALUE 1 FROM cl IN c.claims WHERE CONTAINS(cl.text, @kw, true))) | params: {""fi_pref"": ""A63F7"", ""ft_pref"": ""2C333EA"", ""kw"": ""遊技性""}"
2021192862,26,遊技機,20211223,"[balanced fi_pref=A63F7 ft_pref=2C333AA kw=遊技性] SELECT c.metadata.patent_id AS patent_id, c.metadata.title AS title, c.metadata.classification_fi AS classification_fi, c.metadata.f_term AS f_term, c.summary AS summary, c.claims AS claims, c.metadata.keywords AS doc_keywords, c.metadata.classification_ipc AS classification_ipc, c.metadata.publication_date AS publication_date FROM c WHERE (EXISTS (SELECT VALUE 1 FROM fi IN c.metadata.classification_fi WHERE STARTSWITH(fi, @fi_pref, true)) OR EXISTS (SELECT VALUE 1 FROM ft IN c.metadata.f_term WHERE STARTSWITH(ft, @ft_pref, true)) ) AND (CONTAINS(c.metadata.title, @kw, true) OR CONTAINS(c.summary, @kw, true) OR EXISTS (SELECT VALUE 1 FROM cl IN c.claims WHERE CONTAINS(cl.text, @kw, true))) | params: {""fi_pref"": ""A63F7"", ""ft_pref"": ""2C333AA"", ""kw"": ""遊技性""} || [balanced fi_pref=A63F7 ft_pref=2C088EA kw=遊技性] SELECT c.metadata.patent_id AS patent_id, c.metadata.title AS title, c.metadata.classification_fi AS classification_fi, c.metadata.f_term AS f_term, c.summary AS summary, c.claims AS claims, c.metadata.keywords AS doc_keywords, c.metadata.classification_ipc AS classification_ipc, c.metadata.publication_date AS publication_date FROM c WHERE (EXISTS (SELECT VALUE 1 FROM fi IN c.metadata.classification_fi WHERE STARTSWITH(fi, @fi_pref, true)) OR EXISTS (SELECT VALUE 1 FROM ft IN c.metadata.f_term WHERE STARTSWITH(ft, @ft_pref, true)) ) AND (CONTAINS(c.metadata.title, @kw, true) OR CONTAINS(c.summary, @kw, true) OR EXISTS (SELECT VALUE 1 FROM cl IN c.claims WHERE CONTAINS(cl.text, @kw, true))) | params: {""fi_pref"": ""A63F7"", ""ft_pref"": ""2C088EA"", ""kw"": ""遊技性""} || [balanced fi_pref=A63F7 ft_pref=2C333EA kw=遊技性] SELECT c.metadata.patent_id AS patent_id, c.metadata.title AS title, c.metadata.classification_fi AS classification_fi, c.metadata.f_term AS f_term, c.summary AS summary, c.claims AS claims, c.metadata.keywords AS doc_keywords, c.metadata.classification_ipc AS classification_ipc, c.metadata.publication_date AS publication_date FROM c WHERE (EXISTS (SELECT VALUE 1 FROM fi IN c.metadata.classification_fi WHERE STARTSWITH(fi, @fi_pref, true)) OR EXISTS (SELECT VALUE 1 FROM ft IN c.metadata.f_term WHERE STARTSWITH(ft, @ft_pref, true)) ) AND (CONTAINS(c.metadata.title, @kw, true) OR CONTAINS(c.summary, @kw, true) OR EXISTS (SELECT VALUE 1 FROM cl IN c.claims WHERE CONTAINS(cl.text, @kw, true))) | params: {""fi_pref"": ""A63F7"", ""ft_pref"": ""2C333EA"", ""kw"": ""遊技性""}"
2018051016,25,ぱちんこ遊技機,20180405,"[balanced fi_pref=A63F7 ft_pref=2C333AA kw=遊技進行状態] SELECT c.metadata.patent_id AS patent_id, c.metadata.title AS title, c.metadata.classification_fi AS classification_fi, c.metadata.f_term AS f_term, c.summary AS summary, c.claims AS claims, c.metadata.keywords AS doc_keywords, c.metadata.classification_ipc AS classification_ipc, c.metadata.publication_date AS publication_date FROM c WHERE (EXISTS (SELECT VALUE 1 FROM fi IN c.metadata.classification_fi WHERE STARTSWITH(fi, @fi_pref, true)) OR EXISTS (SELECT VALUE 1 FROM ft IN c.metadata.f_term WHERE STARTSWITH(ft, @ft_pref, true)) ) AND (CONTAINS(c.metadata.title, @kw, true) OR CONTAINS(c.summary, @kw, true) OR EXISTS (SELECT VALUE 1 FROM cl IN c.claims WHERE CONTAINS(cl.text, @kw, true))) | params: {""fi_pref"": ""A63F7"", ""ft_pref"": ""2C333AA"", ""kw"": ""遊技進行状態""} || [balanced fi_pref=A63F7 ft_pref=2C333AA kw=遊技性] SELECT c.metadata.patent_id AS patent_id, c.metadata.title AS title, c.metadata.classification_fi AS classification_fi, c.metadata.f_term AS f_term, c.summary AS summary, c.claims AS claims, c.metadata.keywords AS doc_keywords, c.metadata.classification_ipc AS classification_ipc, c.metadata.publication_date AS publication_date FROM c WHERE (EXISTS (SELECT VALUE 1 FROM fi IN c.metadata.classification_fi WHERE STARTSWITH(fi, @fi_pref, true)) OR EXISTS (SELECT VALUE 1 FROM ft IN c.metadata.f_term WHERE STARTSWITH(ft, @ft_pref, true)) ) AND (CONTAINS(c.metadata.title, @kw, true) OR CONTAINS(c.summary, @kw, true) OR EXISTS (SELECT VALUE 1 FROM cl IN c.claims WHERE CONTAINS(cl.text, @kw, true))) | params: {""fi_pref"": ""A63F7"", ""ft_pref"": ""2C333AA"", ""kw"": ""遊技性""} || [balanced fi_pref=A63F7 ft_pref=2C088EA kw=遊技進行状態] SELECT c.metadata.patent_id AS patent_id, c.metadata.title AS title, c.metadata.classification_fi AS classification_fi, c.metadata.f_term AS f_term, c.summary AS summary, c.claims AS claims, c.metadata.keywords AS doc_keywords, c.metadata.classification_ipc AS classification_ipc, c.metadata.publication_date AS publication_date FROM c WHERE (EXISTS (SELECT VALUE 1 FROM fi IN c.metadata.classification_fi WHERE STARTSWITH(fi, @fi_pref, true)) OR EXISTS (SELECT VALUE 1 FROM ft IN c.metadata.f_term WHERE STARTSWITH(ft, @ft_pref, true)) ) AND (CONTAINS(c.metadata.title, @kw, true) OR CONTAINS(c.summary, @kw, true) OR EXISTS (SELECT VALUE 1 FROM cl IN c.claims WHERE CONTAINS(cl.text, @kw, true))) | params: {""fi_pref"": ""A63F7"", ""ft_pref"": ""2C088EA"", ""kw"": ""遊技進行状態""} || [balanced fi_pref=A63F7 ft_pref=2C088EA kw=遊技性] SELECT c.metadata.patent_id AS patent_id, c.metadata.title AS title, c.metadata.classification_fi AS classification_fi, c.metadata.f_term AS f_term, c.summary AS summary, c.claims AS claims, c.metadata.keywords AS doc_keywords, c.metadata.classification_ipc AS classification_ipc, c.metadata.publication_date AS publication_date FROM c WHERE (EXISTS (SELECT VALUE 1 FROM fi IN c.metadata.classification_fi WHERE STARTSWITH(fi, @fi_pref, true)) OR EXISTS (SELECT VALUE 1 FROM ft IN c.metadata.f_term WHERE STARTSWITH(ft, @ft_pref, true)) ) AND (CONTAINS(c.metadata.title, @kw, true) OR CONTAINS(c.summary, @kw, true) OR EXISTS (SELECT VALUE 1 FROM cl IN c.claims WHERE CONTAINS(cl.text, @kw, true))) | params: {""fi_pref"": ""A63F7"", ""ft_pref"": ""2C088EA"", ""kw"": ""遊技性""} || [balanced fi_pref=A63F7 ft_pref=2C333EA kw=遊技進行状態] SELECT c.metadata.patent_id AS patent_id, c.metadata.title AS title, c.metadata.classification_fi AS classification_fi, c.metadata.f_term AS f_term, c.summary AS summary, c.claims AS claims, c.metadata.keywords AS doc_keywords, c.metadata.classification_ipc AS classification_ipc, c.metadata.publication_date AS publication_date FROM c WHERE (EXISTS (SELECT VALUE 1 FROM fi IN c.metadata.classification_fi WHERE STARTSWITH(fi, @fi_pref, true)) OR EXISTS (SELECT VALUE 1 FROM ft IN c.metadata.f_term WHERE STARTSWITH(ft, @ft_pref, true)) ) AND (CONTAINS(c.metadata.title, @kw, true) OR CONTAINS(c.summary, @kw, true) OR EXISTS (SELECT VALUE 1 FROM cl IN c.claims WHERE CONTAINS(cl.text, @kw, true))) | params: {""fi_pref"": ""A63F7"", ""ft_pref"": ""2C333EA"", ""kw"": ""遊技進行状態""} || [balanced fi_pref=A63F7 ft_pref=2C333EA kw=遊技性] SELECT c.metadata.patent_id AS patent_id, c.metadata.title AS title, c.metadata.classification_fi AS classification_fi, c.metadata.f_term AS f_term, c.summary AS summary, c.claims AS claims, c.metadata.keywords AS doc_keywords, c.metadata.classification_ipc AS classification_ipc, c.metadata.publication_date AS publication_date FROM c WHERE (EXISTS (SELECT VALUE 1 FROM fi IN c.metadata.classification_fi WHERE STARTSWITH(fi, @fi_pref, true)) OR EXISTS (SELECT VALUE 1 FROM ft IN c.metadata.f_term WHERE STARTSWITH(ft, @ft_pref, true)) ) AND (CONTAINS(c.metadata.title, @kw, true) OR CONTAINS(c.summary, @kw, true) OR EXISTS (SELECT VALUE 1 FROM cl IN c.claims WHERE CONTAINS(cl.text, @kw, true))) | params: {""fi_pref"": ""A63F7"", ""ft_pref"": ""2C333EA"", ""kw"": ""遊技性""}"
2016202644,25,ぱちんこ遊技機,20161208,"[balanced fi_pref=A63F7 ft_pref=2C333AA kw=遊技進行状態] SELECT c.metadata.patent_id AS patent_id, c.metadata.title AS title, c.metadata.classification_fi AS classification_fi, c.metadata.f_term AS f_term, c.summary AS summary, c.claims AS claims, c.metadata.keywords AS doc_keywords, c.metadata.classification_ipc AS classification_ipc, c.metadata.publication_date AS publication_date FROM c WHERE (EXISTS (SELECT VALUE 1 FROM fi IN c.metadata.classification_fi WHERE STARTSWITH(fi, @fi_pref, true)) OR EXISTS (SELECT VALUE 1 FROM ft IN c.metadata.f_term WHERE STARTSWITH(ft, @ft_pref, true)) ) AND (CONTAINS(c.metadata.title, @kw, true) OR CONTAINS(c.summary, @kw, true) OR EXISTS (SELECT VALUE 1 FROM cl IN c.claims WHERE CONTAINS(cl.text, @kw, true))) | params: {""fi_pref"": ""A63F7"", ""ft_pref"": ""2C333AA"", ""kw"": ""遊技進行状態""} || [balanced fi_pref=A63F7 ft_pref=2C333AA kw=遊技性] SELECT c.metadata.patent_id AS patent_id, c.metadata.title AS title, c.metadata.classification_fi AS classification_fi, c.metadata.f_term AS f_term, c.summary AS summary, c.claims AS claims, c.metadata.keywords AS doc_keywords, c.metadata.classification_ipc AS classification_ipc, c.metadata.publication_date AS publication_date FROM c WHERE (EXISTS (SELECT VALUE 1 FROM fi IN c.metadata.classification_fi WHERE STARTSWITH(fi, @fi_pref, true)) OR EXISTS (SELECT VALUE 1 FROM ft IN c.metadata.f_term WHERE STARTSWITH(ft, @ft_pref, true)) ) AND (CONTAINS(c.metadata.title, @kw, true) OR CONTAINS(c.summary, @kw, true) OR EXISTS (SELECT VALUE 1 FROM cl IN c.claims WHERE CONTAINS(cl.text, @kw, true))) | params: {""fi_pref"": ""A63F7"", ""ft_pref"": ""2C333AA"", ""kw"": ""遊技性""} || [balanced fi_pref=A63F7 ft_pref=2C088EA kw=遊技進行状態] SELECT c.metadata.patent_id AS patent_id, c.metadata.title AS title, c.metadata.classification_fi AS classification_fi, c.metadata.f_term AS f_term, c.summary AS summary, c.claims AS claims, c.metadata.keywords AS doc_keywords, c.metadata.classification_ipc AS classification_ipc, c.metadata.publication_date AS publication_date FROM c WHERE (EXISTS (SELECT VALUE 1 FROM fi IN c.metadata.classification_fi WHERE STARTSWITH(fi, @fi_pref, true)) OR EXISTS (SELECT VALUE 1 FROM ft IN c.metadata.f_term WHERE STARTSWITH(ft, @ft_pref, true)) ) AND (CONTAINS(c.metadata.title, @kw, true) OR CONTAINS(c.summary, @kw, true) OR EXISTS (SELECT VALUE 1 FROM cl IN c.claims WHERE CONTAINS(cl.text, @kw, true))) | params: {""fi_pref"": ""A63F7"", ""ft_pref"": ""2C088EA"", ""kw"": ""遊技進行状態""} || [balanced fi_pref=A63F7 ft_pref=2C088EA kw=遊技性] SELECT c.metadata.patent_id AS patent_id, c.metadata.title AS title, c.metadata.classification_fi AS classification_fi, c.metadata.f_term AS f_term, c.summary AS summary, c.claims AS claims, c.metadata.keywords AS doc_keywords, c.metadata.classification_ipc AS classification_ipc, c.metadata.publication_date AS publication_date FROM c WHERE (EXISTS (SELECT VALUE 1 FROM fi IN c.metadata.classification_fi WHERE STARTSWITH(fi, @fi_pref, true)) OR EXISTS (SELECT VALUE 1 FROM ft IN c.metadata.f_term WHERE STARTSWITH(ft, @ft_pref, true)) ) AND (CONTAINS(c.metadata.title, @kw, true) OR CONTAINS(c.summary, @kw, true) OR EXISTS (SELECT VALUE 1 FROM cl IN c.claims WHERE CONTAINS(cl.text, @kw, true))) | params: {""fi_pref"": ""A63F7"", ""ft_pref"": ""2C088EA"", ""kw"": ""遊技性""} || [balanced fi_pref=A63F7 ft_pref=2C333EA kw=遊技進行状態] SELECT c.metadata.patent_id AS patent_id, c.metadata.title AS title, c.metadata.classification_fi AS classification_fi, c.metadata.f_term AS f_term, c.summary AS summary, c.claims AS claims, c.metadata.keywords AS doc_keywords, c.metadata.classification_ipc AS classification_ipc, c.metadata.publication_date AS publication_date FROM c WHERE (EXISTS (SELECT VALUE 1 FROM fi IN c.metadata.classification_fi WHERE STARTSWITH(fi, @fi_pref, true)) OR EXISTS (SELECT VALUE 1 FROM ft IN c.metadata.f_term WHERE STARTSWITH(ft, @ft_pref, true)) ) AND (CONTAINS(c.metadata.title, @kw, true) OR CONTAINS(c.summary, @kw, true) OR EXISTS (SELECT VALUE 1 FROM cl IN c.claims WHERE CONTAINS(cl.text, @kw, true))) | params: {""fi_pref"": ""A63F7"", ""ft_pref"": ""2C333EA"", ""kw"": ""遊技進行状態""} || [balanced fi_pref=A63F7 ft_pref=2C333EA kw=遊技性] SELECT c.metadata.patent_id AS patent_id, c.metadata.title AS title, c.metadata.classification_fi AS classification_fi, c.metadata.f_term AS f_term, c.summary AS summary, c.claims AS claims, c.metadata.keywords AS doc_keywords, c.metadata.classification_ipc AS classification_ipc, c.metadata.publication_date AS publication_date FROM c WHERE (EXISTS (SELECT VALUE 1 FROM fi IN c.metadata.classification_fi WHERE STARTSWITH(fi, @fi_pref, true)) OR EXISTS (SELECT VALUE 1 FROM ft IN c.metadata.f_term WHERE STARTSWITH(ft, @ft_pref, true)) ) AND (CONTAINS(c.metadata.title, @kw, true) OR CONTAINS(c.summary, @kw, true) OR EXISTS (SELECT VALUE 1 FROM cl IN c.claims WHERE CONTAINS(cl.text, @kw, true))) | params: {""fi_pref"": ""A63F7"", ""ft_pref"": ""2C333EA"", ""kw"": ""遊技性""}"
2017070769,25,ぱちんこ遊技機,20170413,"[balanced fi_pref=A63F7 ft_pref=2C333AA kw=遊技進行状態] SELECT c.metadata.patent_id AS patent_id, c.metadata.title AS title, c.metadata.classification_fi AS classification_fi, c.metadata.f_term AS f_term, c.summary AS summary, c.claims AS claims, c.metadata.keywords AS doc_keywords, c.metadata.classification_ipc AS classification_ipc, c.metadata.publication_date AS publication_date FROM c WHERE (EXISTS (SELECT VALUE 1 FROM fi IN c.metadata.classification_fi WHERE STARTSWITH(fi, @fi_pref, true)) OR EXISTS (SELECT VALUE 1 FROM ft IN c.metadata.f_term WHERE STARTSWITH(ft, @ft_pref, true)) ) AND (CONTAINS(c.metadata.title, @kw, true) OR CONTAINS(c.summary, @kw, true) OR EXISTS (SELECT VALUE 1 FROM cl IN c.claims WHERE CONTAINS(cl.text, @kw, true))) | params: {""fi_pref"": ""A63F7"", ""ft_pref"": ""2C333AA"", ""kw"": ""遊技進行状態""} || [balanced fi_pref=A63F7 ft_pref=2C333AA kw=遊技性] SELECT c.metadata.patent_id AS patent_id, c.metadata.title AS title, c.metadata.classification_fi AS classification_fi, c.metadata.f_term AS f_term, c.summary AS summary, c.claims AS claims, c.metadata.keywords AS doc_keywords, c.metadata.classification_ipc AS classification_ipc, c.metadata.publication_date AS publication_date FROM c WHERE (EXISTS (SELECT VALUE 1 FROM fi IN c.metadata.classification_fi WHERE STARTSWITH(fi, @fi_pref, true)) OR EXISTS (SELECT VALUE 1 FROM ft IN c.metadata.f_term WHERE STARTSWITH(ft, @ft_pref, true)) ) AND (CONTAINS(c.metadata.title, @kw, true) OR CONTAINS(c.summary, @kw, true) OR EXISTS (SELECT VALUE 1 FROM cl IN c.claims WHERE CONTAINS(cl.text, @kw, true))) | params: {""fi_pref"": ""A63F7"", ""ft_pref"": ""2C333AA"", ""kw"": ""遊技性""} || [balanced fi_pref=A63F7 ft_pref=2C088EA kw=遊技進行状態] SELECT c.metadata.patent_id AS patent_id, c.metadata.title AS title, c.metadata.classification_fi AS classification_fi, c.metadata.f_term AS f_term, c.summary AS summary, c.claims AS claims, c.metadata.keywords AS doc_keywords, c.metadata.classification_ipc AS classification_ipc, c.metadata.publication_date AS publication_date FROM c WHERE (EXISTS (SELECT VALUE 1 FROM fi IN c.metadata.classification_fi WHERE STARTSWITH(fi, @fi_pref, true)) OR EXISTS (SELECT VALUE 1 FROM ft IN c.metadata.f_term WHERE STARTSWITH(ft, @ft_pref, true)) ) AND (CONTAINS(c.metadata.title, @kw, true) OR CONTAINS(c.summary, @kw, true) OR EXISTS (SELECT VALUE 1 FROM cl IN c.claims WHERE CONTAINS(cl.text, @kw, true))) | params: {""fi_pref"": ""A63F7"", ""ft_pref"": ""2C088EA"", ""kw"": ""遊技進行状態""} || [balanced fi_pref=A63F7 ft_pref=2C088EA kw=遊技性] SELECT c.metadata.patent_id AS patent_id, c.metadata.title AS title, c.metadata.classification_fi AS classification_fi, c.metadata.f_term AS f_term, c.summary AS summary, c.claims AS claims, c.metadata.keywords AS doc_keywords, c.metadata.classification_ipc AS classification_ipc, c.metadata.publication_date AS publication_date FROM c WHERE (EXISTS (SELECT VALUE 1 FROM fi IN c.metadata.classification_fi WHERE STARTSWITH(fi, @fi_pref, true)) OR EXISTS (SELECT VALUE 1 FROM ft IN c.metadata.f_term WHERE STARTSWITH(ft, @ft_pref, true)) ) AND (CONTAINS(c.metadata.title, @kw, true) OR CONTAINS(c.summary, @kw, true) OR EXISTS (SELECT VALUE 1 FROM cl IN c.claims WHERE CONTAINS(cl.text, @kw, true))) | params: {""fi_pref"": ""A63F7"", ""ft_pref"": ""2C088EA"", ""kw"": ""遊技性""} || [balanced fi_pref=A63F7 ft_pref=2C333EA kw=遊技進行状態] SELECT c.metadata.patent_id AS patent_id, c.metadata.title AS title, c.metadata.classification_fi AS classification_fi, c.metadata.f_term AS f_term, c.summary AS summary, c.claims AS claims, c.metadata.keywords AS doc_keywords, c.metadata.classification_ipc AS classification_ipc, c.metadata.publication_date AS publication_date FROM c WHERE (EXISTS (SELECT VALUE 1 FROM fi IN c.metadata.classification_fi WHERE STARTSWITH(fi, @fi_pref, true)) OR EXISTS (SELECT VALUE 1 FROM ft IN c.metadata.f_term WHERE STARTSWITH(ft, @ft_pref, true)) ) AND (CONTAINS(c.metadata.title, @kw, true) OR CONTAINS(c.summary, @kw, true) OR EXISTS (SELECT VALUE 1 FROM cl IN c.claims WHERE CONTAINS(cl.text, @kw, true))) | params: {""fi_pref"": ""A63F7"", ""ft_pref"": ""2C333EA"", ""kw"": ""遊技進行状態""} || [balanced fi_pref=A63F7 ft_pref=2C333EA kw=遊技性] SELECT c.metadata.patent_id AS patent_id, c.metadata.title AS title, c.metadata.classification_fi AS classification_fi, c.metadata.f_term AS f_term, c.summary AS summary, c.claims AS claims, c.metadata.keywords AS doc_keywords, c.metadata.classification_ipc AS classification_ipc, c.metadata.publication_date AS publication_date FROM c WHERE (EXISTS (SELECT VALUE 1 FROM fi IN c.metadata.classification_fi WHERE STARTSWITH(fi, @fi_pref, true)) OR EXISTS (SELECT VALUE 1 FROM ft IN c.metadata.f_term WHERE STARTSWITH(ft, @ft_pref, true)) ) AND (CONTAINS(c.metadata.title, @kw, true) OR CONTAINS(c.summary, @kw, true) OR EXISTS (SELECT VALUE 1 FROM cl IN c.claims WHERE CONTAINS(cl.text, @kw, true))) | params: {""fi_pref"": ""A63F7"", ""ft_pref"": ""2C333EA"", ""kw"": ""遊技性""}"
2016202643,25,ぱちんこ遊技機,20161208,"[balanced fi_pref=A63F7 ft_pref=2C333AA kw=遊技進行状態] SELECT c.metadata.patent_id AS patent_id, c.metadata.title AS title, c.metadata.classification_fi AS classification_fi, c.metadata.f_term AS f_term, c.summary AS summary, c.claims AS claims, c.metadata.keywords AS doc_keywords, c.metadata.classification_ipc AS classification_ipc, c.metadata.publication_date AS publication_date FROM c WHERE (EXISTS (SELECT VALUE 1 FROM fi IN c.metadata.classification_fi WHERE STARTSWITH(fi, @fi_pref, true)) OR EXISTS (SELECT VALUE 1 FROM ft IN c.metadata.f_term WHERE STARTSWITH(ft, @ft_pref, true)) ) AND (CONTAINS(c.metadata.title, @kw, true) OR CONTAINS(c.summary, @kw, true) OR EXISTS (SELECT VALUE 1 FROM cl IN c.claims WHERE CONTAINS(cl.text, @kw, true))) | params: {""fi_pref"": ""A63F7"", ""ft_pref"": ""2C333AA"", ""kw"": ""遊技進行状態""} || [balanced fi_pref=A63F7 ft_pref=2C333AA kw=遊技性] SELECT c.metadata.patent_id AS patent_id, c.metadata.title AS title, c.metadata.classification_fi AS classification_fi, c.metadata.f_term AS f_term, c.summary AS summary, c.claims AS claims, c.metadata.keywords AS doc_keywords, c.metadata.classification_ipc AS classification_ipc, c.metadata.publication_date AS publication_date FROM c WHERE (EXISTS (SELECT VALUE 1 FROM fi IN c.metadata.classification_fi WHERE STARTSWITH(fi, @fi_pref, true)) OR EXISTS (SELECT VALUE 1 FROM ft IN c.metadata.f_term WHERE STARTSWITH(ft, @ft_pref, true)) ) AND (CONTAINS(c.metadata.title, @kw, true) OR CONTAINS(c.summary, @kw, true) OR EXISTS (SELECT VALUE 1 FROM cl IN c.claims WHERE CONTAINS(cl.text, @kw, true))) | params: {""fi_pref"": ""A63F7"", ""ft_pref"": ""2C333AA"", ""kw"": ""遊技性""} || [balanced fi_pref=A63F7 ft_pref=2C088EA kw=遊技進行状態] SELECT c.metadata.patent_id AS patent_id, c.metadata.title AS title, c.metadata.classification_fi AS classification_fi, c.metadata.f_term AS f_term, c.summary AS summary, c.claims AS claims, c.metadata.keywords AS doc_keywords, c.metadata.classification_ipc AS classification_ipc, c.metadata.publication_date AS publication_date FROM c WHERE (EXISTS (SELECT VALUE 1 FROM fi IN c.metadata.classification_fi WHERE STARTSWITH(fi, @fi_pref, true)) OR EXISTS (SELECT VALUE 1 FROM ft IN c.metadata.f_term WHERE STARTSWITH(ft, @ft_pref, true)) ) AND (CONTAINS(c.metadata.title, @kw, true) OR CONTAINS(c.summary, @kw, true) OR EXISTS (SELECT VALUE 1 FROM cl IN c.claims WHERE CONTAINS(cl.text, @kw, true))) | params: {""fi_pref"": ""A63F7"", ""ft_pref"": ""2C088EA"", ""kw"": ""遊技進行状態""} || [balanced fi_pref=A63F7 ft_pref=2C088EA kw=遊技性] SELECT c.metadata.patent_id AS patent_id, c.metadata.title AS title, c.metadata.classification_fi AS classification_fi, c.metadata.f_term AS f_term, c.summary AS summary, c.claims AS claims, c.metadata.keywords AS doc_keywords, c.metadata.classification_ipc AS classification_ipc, c.metadata.publication_date AS publication_date FROM c WHERE (EXISTS (SELECT VALUE 1 FROM fi IN c.metadata.classification_fi WHERE STARTSWITH(fi, @fi_pref, true)) OR EXISTS (SELECT VALUE 1 FROM ft IN c.metadata.f_term WHERE STARTSWITH(ft, @ft_pref, true)) ) AND (CONTAINS(c.metadata.title, @kw, true) OR CONTAINS(c.summary, @kw, true) OR EXISTS (SELECT VALUE 1 FROM cl IN c.claims WHERE CONTAINS(cl.text, @kw, true))) | params: {""fi_pref"": ""A63F7"", ""ft_pref"": ""2C088EA"", ""kw"": ""遊技性""} || [balanced fi_pref=A63F7 ft_pref=2C333EA kw=遊技進行状態] SELECT c.metadata.patent_id AS patent_id, c.metadata.title AS title, c.metadata.classification_fi AS classification_fi, c.metadata.f_term AS f_term, c.summary AS summary, c.claims AS claims, c.metadata.keywords AS doc_keywords, c.metadata.classification_ipc AS classification_ipc, c.metadata.publication_date AS publication_date FROM c WHERE (EXISTS (SELECT VALUE 1 FROM fi IN c.metadata.classification_fi WHERE STARTSWITH(fi, @fi_pref, true)) OR EXISTS (SELECT VALUE 1 FROM ft IN c.metadata.f_term WHERE STARTSWITH(ft, @ft_pref, true)) ) AND (CONTAINS(c.metadata.title, @kw, true) OR CONTAINS(c.summary, @kw, true) OR EXISTS (SELECT VALUE 1 FROM cl IN c.claims WHERE CONTAINS(cl.text, @kw, true))) | params: {""fi_pref"": ""A63F7"", ""ft_pref"": ""2C333EA"", ""kw"": ""遊技進行状態""} || [balanced fi_pref=A63F7 ft_pref=2C333EA kw=遊技性] SELECT c.metadata.patent_id AS patent_id, c.metadata.title AS title, c.metadata.classification_fi AS classification_fi, c.metadata.f_term AS f_term, c.summary AS summary, c.claims AS claims, c.metadata.keywords AS doc_keywords, c.metadata.classification_ipc AS classification_ipc, c.metadata.publication_date AS publication_date FROM c WHERE (EXISTS (SELECT VALUE 1 FROM fi IN c.metadata.classification_fi WHERE STARTSWITH(fi, @fi_pref, true)) OR EXISTS (SELECT VALUE 1 FROM ft IN c.metadata.f_term WHERE STARTSWITH(ft, @ft_pref, true)) ) AND (CONTAINS(c.metadata.title, @kw, true) OR CONTAINS(c.summary, @kw, true) OR EXISTS (SELECT VALUE 1 FROM cl IN c.claims WHERE CONTAINS(cl.text, @kw, true))) | params: {""fi_pref"": ""A63F7"", ""ft_pref"": ""2C333EA"", ""kw"": ""遊技性""}"
2019042234,25,遊技機,20190322,"[balanced fi_pref=A63F7 ft_pref=2C333AA kw=遊技進行状態] SELECT c.metadata.patent_id AS patent_id, c.metadata.title AS title, c.metadata.classification_fi AS classification_fi, c.metadata.f_term AS f_term, c.summary AS summary, c.claims AS claims, c.metadata.keywords AS doc_keywords, c.metadata.classification_ipc AS classification_ipc, c.metadata.publication_date AS publication_date FROM c WHERE (EXISTS (SELECT VALUE 1 FROM fi IN c.metadata.classification_fi WHERE STARTSWITH(fi, @fi_pref, true)) OR EXISTS (SELECT VALUE 1 FROM ft IN c.metadata.f_term WHERE STARTSWITH(ft, @ft_pref, true)) ) AND (CONTAINS(c.metadata.title, @kw, true) OR CONTAINS(c.summary, @kw, true) OR EXISTS (SELECT VALUE 1 FROM cl IN c.claims WHERE CONTAINS(cl.text, @kw, true))) | params: {""fi_pref"": ""A63F7"", ""ft_pref"": ""2C333AA"", ""kw"": ""遊技進行状態""} || [balanced fi_pref=A63F7 ft_pref=2C333AA kw=遊技性] SELECT c.metadata.patent_id AS patent_id, c.metadata.title AS title, c.metadata.classification_fi AS classification_fi, c.metadata.f_term AS f_term, c.summary AS summary, c.claims AS claims, c.metadata.keywords AS doc_keywords, c.metadata.classification_ipc AS classification_ipc, c.metadata.publication_date AS publication_date FROM c WHERE (EXISTS (SELECT VALUE 1 FROM fi IN c.metadata.classification_fi WHERE STARTSWITH(fi, @fi_pref, true)) OR EXISTS (SELECT VALUE 1 FROM ft IN c.metadata.f_term WHERE STARTSWITH(ft, @ft_pref, true)) ) AND (CONTAINS(c.metadata.title, @kw, true) OR CONTAINS(c.summary, @kw, true) OR EXISTS (SELECT VALUE 1 FROM cl IN c.claims WHERE CONTAINS(cl.text, @kw, true))) | params: {""fi_pref"": ""A63F7"", ""ft_pref"": ""2C333AA"", ""kw"": ""遊技性""} || [balanced fi_pref=A63F7 ft_pref=2C088EA kw=遊技進行状態] SELECT c.metadata.patent_id AS patent_id, c.metadata.title AS title, c.metadata.classification_fi AS classification_fi, c.metadata.f_term AS f_term, c.summary AS summary, c.claims AS claims, c.metadata.keywords AS doc_keywords, c.metadata.classification_ipc AS classification_ipc, c.metadata.publication_date AS publication_date FROM c WHERE (EXISTS (SELECT VALUE 1 FROM fi IN c.metadata.classification_fi WHERE STARTSWITH(fi, @fi_pref, true)) OR EXISTS (SELECT VALUE 1 FROM ft IN c.metadata.f_term WHERE STARTSWITH(ft, @ft_pref, true)) ) AND (CONTAINS(c.metadata.title, @kw, true) OR CONTAINS(c.summary, @kw, true) OR EXISTS (SELECT VALUE 1 FROM cl IN c.claims WHERE CONTAINS(cl.text, @kw, true))) | params: {""fi_pref"": ""A63F7"", ""ft_pref"": ""2C088EA"", ""kw"": ""遊技進行状態""} || [balanced fi_pref=A63F7 ft_pref=2C088EA kw=遊技性] SELECT c.metadata.patent_id AS patent_id, c.metadata.title AS title, c.metadata.classification_fi AS classification_fi, c.metadata.f_term AS f_term, c.summary AS summary, c.claims AS claims, c.metadata.keywords AS doc_keywords, c.metadata.classification_ipc AS classification_ipc, c.metadata.publication_date AS publication_date FROM c WHERE (EXISTS (SELECT VALUE 1 FROM fi IN c.metadata.classification_fi WHERE STARTSWITH(fi, @fi_pref, true)) OR EXISTS (SELECT VALUE 1 FROM ft IN c.metadata.f_term WHERE STARTSWITH(ft, @ft_pref, true)) ) AND (CONTAINS(c.metadata.title, @kw, true) OR CONTAINS(c.summary, @kw, true) OR EXISTS (SELECT VALUE 1 FROM cl IN c.claims WHERE CONTAINS(cl.text, @kw, true))) | params: {""fi_pref"": ""A63F7"", ""ft_pref"": ""2C088EA"", ""kw"": ""遊技性""} || [balanced fi_pref=A63F7 ft_pref=2C333EA kw=遊技進行状態] SELECT c.metadata.patent_id AS patent_id, c.metadata.title AS title, c.metadata.classification_fi AS classification_fi, c.metadata.f_term AS f_term, c.summary AS summary, c.claims AS claims, c.metadata.keywords AS doc_keywords, c.metadata.classification_ipc AS classification_ipc, c.metadata.publication_date AS publication_date FROM c WHERE (EXISTS (SELECT VALUE 1 FROM fi IN c.metadata.classification_fi WHERE STARTSWITH(fi, @fi_pref, true)) OR EXISTS (SELECT VALUE 1 FROM ft IN c.metadata.f_term WHERE STARTSWITH(ft, @ft_pref, true)) ) AND (CONTAINS(c.metadata.title, @kw, true) OR CONTAINS(c.summary, @kw, true) OR EXISTS (SELECT VALUE 1 FROM cl IN c.claims WHERE CONTAINS(cl.text, @kw, true))) | params: {""fi_pref"": ""A63F7"", ""ft_pref"": ""2C333EA"", ""kw"": ""遊技進行状態""} || [balanced fi_pref=A63F7 ft_pref=2C333EA kw=遊技性] SELECT c.metadata.patent_id AS patent_id, c.metadata.title AS title, c.metadata.classification_fi AS classification_fi, c.metadata.f_term AS f_term, c.summary AS summary, c.claims AS claims, c.metadata.keywords AS doc_keywords, c.metadata.classification_ipc AS classification_ipc, c.metadata.publication_date AS publication_date FROM c WHERE (EXISTS (SELECT VALUE 1 FROM fi IN c.metadata.classification_fi WHERE STARTSWITH(fi, @fi_pref, true)) OR EXISTS (SELECT VALUE 1 FROM ft IN c.metadata.f_term WHERE STARTSWITH(ft, @ft_pref, true)) ) AND (CONTAINS(c.metadata.title, @kw, true) OR CONTAINS(c.summary, @kw, true) OR EXISTS (SELECT VALUE 1 FROM cl IN c.claims WHERE CONTAINS(cl.text, @kw, true))) | params: {""fi_pref"": ""A63F7"", ""ft_pref"": ""2C333EA"", ""kw"": ""遊技性""}"
2017006697,25,ぱちんこ遊技機,20170112,"[balanced fi_pref=A63F7 ft_pref=2C333AA kw=遊技進行状態] SELECT c.metadata.patent_id AS patent_id, c.metadata.title AS title, c.metadata.classification_fi AS classification_fi, c.metadata.f_term AS f_term, c.summary AS summary, c.claims AS claims, c.metadata.keywords AS doc_keywords, c.metadata.classification_ipc AS classification_ipc, c.metadata.publication_date AS publication_date FROM c WHERE (EXISTS (SELECT VALUE 1 FROM fi IN c.metadata.classification_fi WHERE STARTSWITH(fi, @fi_pref, true)) OR EXISTS (SELECT VALUE 1 FROM ft IN c.metadata.f_term WHERE STARTSWITH(ft, @ft_pref, true)) ) AND (CONTAINS(c.metadata.title, @kw, true) OR CONTAINS(c.summary, @kw, true) OR EXISTS (SELECT VALUE 1 FROM cl IN c.claims WHERE CONTAINS(cl.text, @kw, true))) | params: {""fi_pref"": ""A63F7"", ""ft_pref"": ""2C333AA"", ""kw"": ""遊技進行状態""} || [balanced fi_pref=A63F7 ft_pref=2C333AA kw=遊技性] SELECT c.metadata.patent_id AS patent_id, c.metadata.title AS title, c.metadata.classification_fi AS classification_fi, c.metadata.f_term AS f_term, c.summary AS summary, c.claims AS claims, c.metadata.keywords AS doc_keywords, c.metadata.classification_ipc AS classification_ipc, c.metadata.publication_date AS publication_date FROM c WHERE (EXISTS (SELECT VALUE 1 FROM fi IN c.metadata.classification_fi WHERE STARTSWITH(fi, @fi_pref, true)) OR EXISTS (SELECT VALUE 1 FROM ft IN c.metadata.f_term WHERE STARTSWITH(ft, @ft_pref, true)) ) AND (CONTAINS(c.metadata.title, @kw, true) OR CONTAINS(c.summary, @kw, true) OR EXISTS (SELECT VALUE 1 FROM cl IN c.claims WHERE CONTAINS(cl.text, @kw, true))) | params: {""fi_pref"": ""A63F7"", ""ft_pref"": ""2C333AA"", ""kw"": ""遊技性""} || [balanced fi_pref=A63F7 ft_pref=2C088EA kw=遊技進行状態] SELECT c.metadata.patent_id AS patent_id, c.metadata.title AS title, c.metadata.classification_fi AS classification_fi, c.metadata.f_term AS f_term, c.summary AS summary, c.claims AS claims, c.metadata.keywords AS doc_keywords, c.metadata.classification_ipc AS classification_ipc, c.metadata.publication_date AS publication_date FROM c WHERE (EXISTS (SELECT VALUE 1 FROM fi IN c.metadata.classification_fi WHERE STARTSWITH(fi, @fi_pref, true)) OR EXISTS (SELECT VALUE 1 FROM ft IN c.metadata.f_term WHERE STARTSWITH(ft, @ft_pref, true)) ) AND (CONTAINS(c.metadata.title, @kw, true) OR CONTAINS(c.summary, @kw, true) OR EXISTS (SELECT VALUE 1 FROM cl IN c.claims WHERE CONTAINS(cl.text, @kw, true))) | params: {""fi_pref"": ""A63F7"", ""ft_pref"": ""2C088EA"", ""kw"": ""遊技進行状態""} || [balanced fi_pref=A63F7 ft_pref=2C088EA kw=遊技性] SELECT c.metadata.patent_id AS patent_id, c.metadata.title AS title, c.metadata.classification_fi AS classification_fi, c.metadata.f_term AS f_term, c.summary AS summary, c.claims AS claims, c.metadata.keywords AS doc_keywords, c.metadata.classification_ipc AS classification_ipc, c.metadata.publication_date AS publication_date FROM c WHERE (EXISTS (SELECT VALUE 1 FROM fi IN c.metadata.classification_fi WHERE STARTSWITH(fi, @fi_pref, true)) OR EXISTS (SELECT VALUE 1 FROM ft IN c.metadata.f_term WHERE STARTSWITH(ft, @ft_pref, true)) ) AND (CONTAINS(c.metadata.title, @kw, true) OR CONTAINS(c.summary, @kw, true) OR EXISTS (SELECT VALUE 1 FROM cl IN c.claims WHERE CONTAINS(cl.text, @kw, true))) | params: {""fi_pref"": ""A63F7"", ""ft_pref"": ""2C088EA"", ""kw"": ""遊技性""} || [balanced fi_pref=A63F7 ft_pref=2C333EA kw=遊技進行状態] SELECT c.metadata.patent_id AS patent_id, c.metadata.title AS title, c.metadata.classification_fi AS classification_fi, c.metadata.f_term AS f_term, c.summary AS summary, c.claims AS claims, c.metadata.keywords AS doc_keywords, c.metadata.classification_ipc AS classification_ipc, c.metadata.publication_date AS publication_date FROM c WHERE (EXISTS (SELECT VALUE 1 FROM fi IN c.metadata.classification_fi WHERE STARTSWITH(fi, @fi_pref, true)) OR EXISTS (SELECT VALUE 1 FROM ft IN c.metadata.f_term WHERE STARTSWITH(ft, @ft_pref, true)) ) AND (CONTAINS(c.metadata.title, @kw, true) OR CONTAINS(c.summary, @kw, true) OR EXISTS (SELECT VALUE 1 FROM cl IN c.claims WHERE CONTAINS(cl.text, @kw, true))) | params: {""fi_pref"": ""A63F7"", ""ft_pref"": ""2C333EA"", ""kw"": ""遊技進行状態""} || [balanced fi_pref=A63F7 ft_pref=2C333EA kw=遊技性] SELECT c.metadata.patent_id AS patent_id, c.metadata.title AS title, c.metadata.classification_fi AS classification_fi, c.metadata.f_term AS f_term, c.summary AS summary, c.claims AS claims, c.metadata.keywords AS doc_keywords, c.metadata.classification_ipc AS classification_ipc, c.metadata.publication_date AS publication_date FROM c WHERE (EXISTS (SELECT VALUE 1 FROM fi IN c.metadata.classification_fi WHERE STARTSWITH(fi, @fi_pref, true)) OR EXISTS (SELECT VALUE 1 FROM ft IN c.metadata.f_term WHERE STARTSWITH(ft, @ft_pref, true)) ) AND (CONTAINS(c.metadata.title, @kw, true) OR CONTAINS(c.summary, @kw, true) OR EXISTS (SELECT VALUE 1 FROM cl IN c.claims WHERE CONTAINS(cl.text, @kw, true))) | params: {""fi_pref"": ""A63F7"", ""ft_pref"": ""2C333EA"", ""kw"": ""遊技性""}"
2017123939,25,ぱちんこ遊技機,20170720,"[balanced fi_pref=A63F7 ft_pref=2C333AA kw=遊技進行状態] SELECT c.metadata.patent_id AS patent_id, c.metadata.title AS title, c.metadata.classification_fi AS classification_fi, c.metadata.f_term AS f_term, c.summary AS summary, c.claims AS claims, c.metadata.keywords AS doc_keywords, c.metadata.classification_ipc AS classification_ipc, c.metadata.publication_date AS publication_date FROM c WHERE (EXISTS (SELECT VALUE 1 FROM fi IN c.metadata.classification_fi WHERE STARTSWITH(fi, @fi_pref, true)) OR EXISTS (SELECT VALUE 1 FROM ft IN c.metadata.f_term WHERE STARTSWITH(ft, @ft_pref, true)) ) AND (CONTAINS(c.metadata.title, @kw, true) OR CONTAINS(c.summary, @kw, true) OR EXISTS (SELECT VALUE 1 FROM cl IN c.claims WHERE CONTAINS(cl.text, @kw, true))) | params: {""fi_pref"": ""A63F7"", ""ft_pref"": ""2C333AA"", ""kw"": ""遊技進行状態""} || [balanced fi_pref=A63F7 ft_pref=2C088EA kw=遊技進行状態] SELECT c.metadata.patent_id AS patent_id, c.metadata.title AS title, c.metadata.classification_fi AS classification_fi, c.metadata.f_term AS f_term, c.summary AS summary, c.claims AS claims, c.metadata.keywords AS doc_keywords, c.metadata.classification_ipc AS classification_ipc, c.metadata.publication_date AS publication_date FROM c WHERE (EXISTS (SELECT VALUE 1 FROM fi IN c.metadata.classification_fi WHERE STARTSWITH(fi, @fi_pref, true)) OR EXISTS (SELECT VALUE 1 FROM ft IN c.metadata.f_term WHERE STARTSWITH(ft, @ft_pref, true)) ) AND (CONTAINS(c.metadata.title, @kw, true) OR CONTAINS(c.summary, @kw, true) OR EXISTS (SELECT VALUE 1 FROM cl IN c.claims WHERE CONTAINS(cl.text, @kw, true))) | params: {""fi_pref"": ""A63F7"", ""ft_pref"": ""2C088EA"", ""kw"": ""遊技進行状態""} || [balanced fi_pref=A63F7 ft_pref=2C333EA kw=遊技進行状態] SELECT c.metadata.patent_id AS patent_id, c.metadata.title AS title, c.metadata.classification_fi AS classification_fi, c.metadata.f_term AS f_term, c.summary AS summary, c.claims AS claims, c.metadata.keywords AS doc_keywords, c.metadata.classification_ipc AS classification_ipc, c.metadata.publication_date AS publication_date FROM c WHERE (EXISTS (SELECT VALUE 1 FROM fi IN c.metadata.classification_fi WHERE STARTSWITH(fi, @fi_pref, true)) OR EXISTS (SELECT VALUE 1 FROM ft IN c.metadata.f_term WHERE STARTSWITH(ft, @ft_pref, true)) ) AND (CONTAINS(c.metadata.title, @kw, true) OR CONTAINS(c.summary, @kw, true) OR EXISTS (SELECT VALUE 1 FROM cl IN c.claims WHERE CONTAINS(cl.text, @kw, true))) | params: {""fi_pref"": ""A63F7"", ""ft_pref"": ""2C333EA"", ""kw"": ""遊技進行状態""}"
2019088901,25,遊技機,20190613,"[balanced fi_pref=A63F7 ft_pref=2C333AA kw=遊技進行状態] SELECT c.metadata.patent_id AS patent_id, c.metadata.title AS title, c.metadata.classification_fi AS classification_fi, c.metadata.f_term AS f_term, c.summary AS summary, c.claims AS claims, c.metadata.keywords AS doc_keywords, c.metadata.classification_ipc AS classification_ipc, c.metadata.publication_date AS publication_date FROM c WHERE (EXISTS (SELECT VALUE 1 FROM fi IN c.metadata.classification_fi WHERE STARTSWITH(fi, @fi_pref, true)) OR EXISTS (SELECT VALUE 1 FROM ft IN c.metadata.f_term WHERE STARTSWITH(ft, @ft_pref, true)) ) AND (CONTAINS(c.metadata.title, @kw, true) OR CONTAINS(c.summary, @kw, true) OR EXISTS (SELECT VALUE 1 FROM cl IN c.claims WHERE CONTAINS(cl.text, @kw, true))) | params: {""fi_pref"": ""A63F7"", ""ft_pref"": ""2C333AA"", ""kw"": ""遊技進行状態""} || [balanced fi_pref=A63F7 ft_pref=2C088EA kw=遊技進行状態] SELECT c.metadata.patent_id AS patent_id, c.metadata.title AS title, c.metadata.classification_fi AS classification_fi, c.metadata.f_term AS f_term, c.summary AS summary, c.claims AS claims, c.metadata.keywords AS doc_keywords, c.metadata.classification_ipc AS classification_ipc, c.metadata.publication_date AS publication_date FROM c WHERE (EXISTS (SELECT VALUE 1 FROM fi IN c.metadata.classification_fi WHERE STARTSWITH(fi, @fi_pref, true)) OR EXISTS (SELECT VALUE 1 FROM ft IN c.metadata.f_term WHERE STARTSWITH(ft, @ft_pref, true)) ) AND (CONTAINS(c.metadata.title, @kw, true) OR CONTAINS(c.summary, @kw, true) OR EXISTS (SELECT VALUE 1 FROM cl IN c.claims WHERE CONTAINS(cl.text, @kw, true))) | params: {""fi_pref"": ""A63F7"", ""ft_pref"": ""2C088EA"", ""kw"": ""遊技進行状態""} || [balanced fi_pref=A63F7 ft_pref=2C333EA kw=遊技進行状態] SELECT c.metadata.patent_id AS patent_id, c.metadata.title AS title, c.metadata.classification_fi AS classification_fi, c.metadata.f_term AS f_term, c.summary AS summary, c.claims AS claims, c.metadata.keywords AS doc_keywords, c.metadata.classification_ipc AS classification_ipc, c.metadata.publication_date AS publication_date FROM c WHERE (EXISTS (SELECT VALUE 1 FROM fi IN c.metadata.classification_fi WHERE STARTSWITH(fi, @fi_pref, true)) OR EXISTS (SELECT VALUE 1 FROM ft IN c.metadata.f_term WHERE STARTSWITH(ft, @ft_pref, true)) ) AND (CONTAINS(c.metadata.title, @kw, true) OR CONTAINS(c.summary, @kw, true) OR EXISTS (SELECT VALUE 1 FROM cl IN c.claims WHERE CONTAINS(cl.text, @kw, true))) | params: {""fi_pref"": ""A63F7"", ""ft_pref"": ""2C333EA"", ""kw"": ""遊技進行状態""}"
2018130271,25,ぱちんこ遊技機,20180823,"[balanced fi_pref=A63F7 ft_pref=2C333AA kw=遊技進行状態] SELECT c.metadata.patent_id AS patent_id, c.metadata.title AS title, c.metadata.classification_fi AS classification_fi, c.metadata.f_term AS f_term, c.summary AS summary, c.claims AS claims, c.metadata.keywords AS doc_keywords, c.metadata.classification_ipc AS classification_ipc, c.metadata.publication_date AS publication_date FROM c WHERE (EXISTS (SELECT VALUE 1 FROM fi IN c.metadata.classification_fi WHERE STARTSWITH(fi, @fi_pref, true)) OR EXISTS (SELECT VALUE 1 FROM ft IN c.metadata.f_term WHERE STARTSWITH(ft, @ft_pref, true)) ) AND (CONTAINS(c.metadata.title, @kw, true) OR CONTAINS(c.summary, @kw, true) OR EXISTS (SELECT VALUE 1 FROM cl IN c.claims WHERE CONTAINS(cl.text, @kw, true))) | params: {""fi_pref"": ""A63F7"", ""ft_pref"": ""2C333AA"", ""kw"": ""遊技進行状態""} || [balanced fi_pref=A63F7 ft_pref=2C088EA kw=遊技進行状態] SELECT c.metadata.patent_id AS patent_id, c.metadata.title AS title, c.metadata.classification_fi AS classification_fi, c.metadata.f_term AS f_term, c.summary AS summary, c.claims AS claims, c.metadata.keywords AS doc_keywords, c.metadata.classification_ipc AS classification_ipc, c.metadata.publication_date AS publication_date FROM c WHERE (EXISTS (SELECT VALUE 1 FROM fi IN c.metadata.classification_fi WHERE STARTSWITH(fi, @fi_pref, true)) OR EXISTS (SELECT VALUE 1 FROM ft IN c.metadata.f_term WHERE STARTSWITH(ft, @ft_pref, true)) ) AND (CONTAINS(c.metadata.title, @kw, true) OR CONTAINS(c.summary, @kw, true) OR EXISTS (SELECT VALUE 1 FROM cl IN c.claims WHERE CONTAINS(cl.text, @kw, true))) | params: {""fi_pref"": ""A63F7"", ""ft_pref"": ""2C088EA"", ""kw"": ""遊技進行状態""} || [balanced fi_pref=A63F7 ft_pref=2C333EA kw=遊技進行状態] SELECT c.metadata.patent_id AS patent_id, c.metadata.title AS title, c.metadata.classification_fi AS classification_fi, c.metadata.f_term AS f_term, c.summary AS summary, c.claims AS claims, c.metadata.keywords AS doc_keywords, c.metadata.classification_ipc AS classification_ipc, c.metadata.publication_date AS publication_date FROM c WHERE (EXISTS (SELECT VALUE 1 FROM fi IN c.metadata.classification_fi WHERE STARTSWITH(fi, @fi_pref, true)) OR EXISTS (SELECT VALUE 1 FROM ft IN c.metadata.f_term WHERE STARTSWITH(ft, @ft_pref, true)) ) AND (CONTAINS(c.metadata.title, @kw, true) OR CONTAINS(c.summary, @kw, true) OR EXISTS (SELECT VALUE 1 FROM cl IN c.claims WHERE CONTAINS(cl.text, @kw, true))) | params: {""fi_pref"": ""A63F7"", ""ft_pref"": ""2C333EA"", ""kw"": ""遊技進行状態""}"
2019042229,25,遊技機,20190322,"[balanced fi_pref=A63F7 ft_pref=2C333AA kw=遊技進行状態] SELECT c.metadata.patent_id AS patent_id, c.metadata.title AS title, c.metadata.classification_fi AS classification_fi, c.metadata.f_term AS f_term, c.summary AS summary, c.claims AS claims, c.metadata.keywords AS doc_keywords, c.metadata.classification_ipc AS classification_ipc, c.metadata.publication_date AS publication_date FROM c WHERE (EXISTS (SELECT VALUE 1 FROM fi IN c.metadata.classification_fi WHERE STARTSWITH(fi, @fi_pref, true)) OR EXISTS (SELECT VALUE 1 FROM ft IN c.metadata.f_term WHERE STARTSWITH(ft, @ft_pref, true)) ) AND (CONTAINS(c.metadata.title, @kw, true) OR CONTAINS(c.summary, @kw, true) OR EXISTS (SELECT VALUE 1 FROM cl IN c.claims WHERE CONTAINS(cl.text, @kw, true))) | params: {""fi_pref"": ""A63F7"", ""ft_pref"": ""2C333AA"", ""kw"": ""遊技進行状態""} || [balanced fi_pref=A63F7 ft_pref=2C088EA kw=遊技進行状態] SELECT c.metadata.patent_id AS patent_id, c.metadata.title AS title, c.metadata.classification_fi AS classification_fi, c.metadata.f_term AS f_term, c.summary AS summary, c.claims AS claims, c.metadata.keywords AS doc_keywords, c.metadata.classification_ipc AS classification_ipc, c.metadata.publication_date AS publication_date FROM c WHERE (EXISTS (SELECT VALUE 1 FROM fi IN c.metadata.classification_fi WHERE STARTSWITH(fi, @fi_pref, true)) OR EXISTS (SELECT VALUE 1 FROM ft IN c.metadata.f_term WHERE STARTSWITH(ft, @ft_pref, true)) ) AND (CONTAINS(c.metadata.title, @kw, true) OR CONTAINS(c.summary, @kw, true) OR EXISTS (SELECT VALUE 1 FROM cl IN c.claims WHERE CONTAINS(cl.text, @kw, true))) | params: {""fi_pref"": ""A63F7"", ""ft_pref"": ""2C088EA"", ""kw"": ""遊技進行状態""} || [balanced fi_pref=A63F7 ft_pref=2C333EA kw=遊技進行状態] SELECT c.metadata.patent_id AS patent_id, c.metadata.title AS title, c.metadata.classification_fi AS classification_fi, c.metadata.f_term AS f_term, c.summary AS summary, c.claims AS claims, c.metadata.keywords AS doc_keywords, c.metadata.classification_ipc AS classification_ipc, c.metadata.publication_date AS publication_date FROM c WHERE (EXISTS (SELECT VALUE 1 FROM fi IN c.metadata.classification_fi WHERE STARTSWITH(fi, @fi_pref, true)) OR EXISTS (SELECT VALUE 1 FROM ft IN c.metadata.f_term WHERE STARTSWITH(ft, @ft_pref, true)) ) AND (CONTAINS(c.metadata.title, @kw, true) OR CONTAINS(c.summary, @kw, true) OR EXISTS (SELECT VALUE 1 FROM cl IN c.claims WHERE CONTAINS(cl.text, @kw, true))) | params: {""fi_pref"": ""A63F7"", ""ft_pref"": ""2C333EA"", ""kw"": ""遊技進行状態""}"
2017123940,25,ぱちんこ遊技機,20170720,"[balanced fi_pref=A63F7 ft_pref=2C333AA kw=遊技進行状態] SELECT c.metadata.patent_id AS patent_id, c.metadata.title AS title, c.metadata.classification_fi AS classification_fi, c.metadata.f_term AS f_term, c.summary AS summary, c.claims AS claims, c.metadata.keywords AS doc_keywords, c.metadata.classification_ipc AS classification_ipc, c.metadata.publication_date AS publication_date FROM c WHERE (EXISTS (SELECT VALUE 1 FROM fi IN c.metadata.classification_fi WHERE STARTSWITH(fi, @fi_pref, true)) OR EXISTS (SELECT VALUE 1 FROM ft IN c.metadata.f_term WHERE STARTSWITH(ft, @ft_pref, true)) ) AND (CONTAINS(c.metadata.title, @kw, true) OR CONTAINS(c.summary, @kw, true) OR EXISTS (SELECT VALUE 1 FROM cl IN c.claims WHERE CONTAINS(cl.text, @kw, true))) | params: {""fi_pref"": ""A63F7"", ""ft_pref"": ""2C333AA"", ""kw"": ""遊技進行状態""} || [balanced fi_pref=A63F7 ft_pref=2C088EA kw=遊技進行状態] SELECT c.metadata.patent_id AS patent_id, c.metadata.title AS title, c.metadata.classification_fi AS classification_fi, c.metadata.f_term AS f_term, c.summary AS summary, c.claims AS claims, c.metadata.keywords AS doc_keywords, c.metadata.classification_ipc AS classification_ipc, c.metadata.publication_date AS publication_date FROM c WHERE (EXISTS (SELECT VALUE 1 FROM fi IN c.metadata.classification_fi WHERE STARTSWITH(fi, @fi_pref, true)) OR EXISTS (SELECT VALUE 1 FROM ft IN c.metadata.f_term WHERE STARTSWITH(ft, @ft_pref, true)) ) AND (CONTAINS(c.metadata.title, @kw, true) OR CONTAINS(c.summary, @kw, true) OR EXISTS (SELECT VALUE 1 FROM cl IN c.claims WHERE CONTAINS(cl.text, @kw, true))) | params: {""fi_pref"": ""A63F7"", ""ft_pref"": ""2C088EA"", ""kw"": ""遊技進行状態""} || [balanced fi_pref=A63F7 ft_pref=2C333EA kw=遊技進行状態] SELECT c.metadata.patent_id AS patent_id, c.metadata.title AS title, c.metadata.classification_fi AS classification_fi, c.metadata.f_term AS f_term, c.summary AS summary, c.claims AS claims, c.metadata.keywords AS doc_keywords, c.metadata.classification_ipc AS classification_ipc, c.metadata.publication_date AS publication_date FROM c WHERE (EXISTS (SELECT VALUE 1 FROM fi IN c.metadata.classification_fi WHERE STARTSWITH(fi, @fi_pref, true)) OR EXISTS (SELECT VALUE 1 FROM ft IN c.metadata.f_term WHERE STARTSWITH(ft, @ft_pref, true)) ) AND (CONTAINS(c.metadata.title, @kw, true) OR CONTAINS(c.summary, @kw, true) OR EXISTS (SELECT VALUE 1 FROM cl IN c.claims WHERE CONTAINS(cl.text, @kw, true))) | params: {""fi_pref"": ""A63F7"", ""ft_pref"": ""2C333EA"", ""kw"": ""遊技進行状態""}"
2018089015,25,ぱちんこ遊技機,20180614,"[balanced fi_pref=A63F7 ft_pref=2C333AA kw=遊技進行状態] SELECT c.metadata.patent_id AS patent_id, c.metadata.title AS title, c.metadata.classification_fi AS classification_fi, c.metadata.f_term AS f_term, c.summary AS summary, c.claims AS claims, c.metadata.keywords AS doc_keywords, c.metadata.classification_ipc AS classification_ipc, c.metadata.publication_date AS publication_date FROM c WHERE (EXISTS (SELECT VALUE 1 FROM fi IN c.metadata.classification_fi WHERE STARTSWITH(fi, @fi_pref, true)) OR EXISTS (SELECT VALUE 1 FROM ft IN c.metadata.f_term WHERE STARTSWITH(ft, @ft_pref, true)) ) AND (CONTAINS(c.metadata.title, @kw, true) OR CONTAINS(c.summary, @kw, true) OR EXISTS (SELECT VALUE 1 FROM cl IN c.claims WHERE CONTAINS(cl.text, @kw, true))) | params: {""fi_pref"": ""A63F7"", ""ft_pref"": ""2C333AA"", ""kw"": ""遊技進行状態""} || [balanced fi_pref=A63F7 ft_pref=2C088EA kw=遊技進行状態] SELECT c.metadata.patent_id AS patent_id, c.metadata.title AS title, c.metadata.classification_fi AS classification_fi, c.metadata.f_term AS f_term, c.summary AS summary, c.claims AS claims, c.metadata.keywords AS doc_keywords, c.metadata.classification_ipc AS classification_ipc, c.metadata.publication_date AS publication_date FROM c WHERE (EXISTS (SELECT VALUE 1 FROM fi IN c.metadata.classification_fi WHERE STARTSWITH(fi, @fi_pref, true)) OR EXISTS (SELECT VALUE 1 FROM ft IN c.metadata.f_term WHERE STARTSWITH(ft, @ft_pref, true)) ) AND (CONTAINS(c.metadata.title, @kw, true) OR CONTAINS(c.summary, @kw, true) OR EXISTS (SELECT VALUE 1 FROM cl IN c.claims WHERE CONTAINS(cl.text, @kw, true))) | params: {""fi_pref"": ""A63F7"", ""ft_pref"": ""2C088EA"", ""kw"": ""遊技進行状態""} || [balanced fi_pref=A63F7 ft_pref=2C333EA kw=遊技進行状態] SELECT c.metadata.patent_id AS patent_id, c.metadata.title AS title, c.metadata.classification_fi AS classification_fi, c.metadata.f_term AS f_term, c.summary AS summary, c.claims AS claims, c.metadata.keywords AS doc_keywords, c.metadata.classification_ipc AS classification_ipc, c.metadata.publication_date AS publication_date FROM c WHERE (EXISTS (SELECT VALUE 1 FROM fi IN c.metadata.classification_fi WHERE STARTSWITH(fi, @fi_pref, true)) OR EXISTS (SELECT VALUE 1 FROM ft IN c.metadata.f_term WHERE STARTSWITH(ft, @ft_pref, true)) ) AND (CONTAINS(c.metadata.title, @kw, true) OR CONTAINS(c.summary, @kw, true) OR EXISTS (SELECT VALUE 1 FROM cl IN c.claims WHERE CONTAINS(cl.text, @kw, true))) | params: {""fi_pref"": ""A63F7"", ""ft_pref"": ""2C333EA"", ""kw"": ""遊技進行状態""}"
2017051491,25,ぱちんこ遊技機,20170316,"[balanced fi_pref=A63F7 ft_pref=2C333AA kw=遊技進行状態] SELECT c.metadata.patent_id AS patent_id, c.metadata.title AS title, c.metadata.classification_fi AS classification_fi, c.metadata.f_term AS f_term, c.summary AS summary, c.claims AS claims, c.metadata.keywords AS doc_keywords, c.metadata.classification_ipc AS classification_ipc, c.metadata.publication_date AS publication_date FROM c WHERE (EXISTS (SELECT VALUE 1 FROM fi IN c.metadata.classification_fi WHERE STARTSWITH(fi, @fi_pref, true)) OR EXISTS (SELECT VALUE 1 FROM ft IN c.metadata.f_term WHERE STARTSWITH(ft, @ft_pref, true)) ) AND (CONTAINS(c.metadata.title, @kw, true) OR CONTAINS(c.summary, @kw, true) OR EXISTS (SELECT VALUE 1 FROM cl IN c.claims WHERE CONTAINS(cl.text, @kw, true))) | params: {""fi_pref"": ""A63F7"", ""ft_pref"": ""2C333AA"", ""kw"": ""遊技進行状態""} || [balanced fi_pref=A63F7 ft_pref=2C088EA kw=遊技進行状態] SELECT c.metadata.patent_id AS patent_id, c.metadata.title AS title, c.metadata.classification_fi AS classification_fi, c.metadata.f_term AS f_term, c.summary AS summary, c.claims AS claims, c.metadata.keywords AS doc_keywords, c.metadata.classification_ipc AS classification_ipc, c.metadata.publication_date AS publication_date FROM c WHERE (EXISTS (SELECT VALUE 1 FROM fi IN c.metadata.classification_fi WHERE STARTSWITH(fi, @fi_pref, true)) OR EXISTS (SELECT VALUE 1 FROM ft IN c.metadata.f_term WHERE STARTSWITH(ft, @ft_pref, true)) ) AND (CONTAINS(c.metadata.title, @kw, true) OR CONTAINS(c.summary, @kw, true) OR EXISTS (SELECT VALUE 1 FROM cl IN c.claims WHERE CONTAINS(cl.text, @kw, true))) | params: {""fi_pref"": ""A63F7"", ""ft_pref"": ""2C088EA"", ""kw"": ""遊技進行状態""} || [balanced fi_pref=A63F7 ft_pref=2C333EA kw=遊技進行状態] SELECT c.metadata.patent_id AS patent_id, c.metadata.title AS title, c.metadata.classification_fi AS classification_fi, c.metadata.f_term AS f_term, c.summary AS summary, c.claims AS claims, c.metadata.keywords AS doc_keywords, c.metadata.classification_ipc AS classification_ipc, c.metadata.publication_date AS publication_date FROM c WHERE (EXISTS (SELECT VALUE 1 FROM fi IN c.metadata.classification_fi WHERE STARTSWITH(fi, @fi_pref, true)) OR EXISTS (SELECT VALUE 1 FROM ft IN c.metadata.f_term WHERE STARTSWITH(ft, @ft_pref, true)) ) AND (CONTAINS(c.metadata.title, @kw, true) OR CONTAINS(c.summary, @kw, true) OR EXISTS (SELECT VALUE 1 FROM cl IN c.claims WHERE CONTAINS(cl.text, @kw, true))) | params: {""fi_pref"": ""A63F7"", ""ft_pref"": ""2C333EA"", ""kw"": ""遊技進行状態""}"
2017070770,25,ぱちんこ遊技機,20170413,"[balanced fi_pref=A63F7 ft_pref=2C333AA kw=遊技進行状態] SELECT c.metadata.patent_id AS patent_id, c.metadata.title AS title, c.metadata.classification_fi AS classification_fi, c.metadata.f_term AS f_term, c.summary AS summary, c.claims AS claims, c.metadata.keywords AS doc_keywords, c.metadata.classification_ipc AS classification_ipc, c.metadata.publication_date AS publication_date FROM c WHERE (EXISTS (SELECT VALUE 1 FROM fi IN c.metadata.classification_fi WHERE STARTSWITH(fi, @fi_pref, true)) OR EXISTS (SELECT VALUE 1 FROM ft IN c.metadata.f_term WHERE STARTSWITH(ft, @ft_pref, true)) ) AND (CONTAINS(c.metadata.title, @kw, true) OR CONTAINS(c.summary, @kw, true) OR EXISTS (SELECT VALUE 1 FROM cl IN c.claims WHERE CONTAINS(cl.text, @kw, true))) | params: {""fi_pref"": ""A63F7"", ""ft_pref"": ""2C333AA"", ""kw"": ""遊技進行状態""} || [balanced fi_pref=A63F7 ft_pref=2C088EA kw=遊技進行状態] SELECT c.metadata.patent_id AS patent_id, c.metadata.title AS title, c.metadata.classification_fi AS classification_fi, c.metadata.f_term AS f_term, c.summary AS summary, c.claims AS claims, c.metadata.keywords AS doc_keywords, c.metadata.classification_ipc AS classification_ipc, c.metadata.publication_date AS publication_date FROM c WHERE (EXISTS (SELECT VALUE 1 FROM fi IN c.metadata.classification_fi WHERE STARTSWITH(fi, @fi_pref, true)) OR EXISTS (SELECT VALUE 1 FROM ft IN c.metadata.f_term WHERE STARTSWITH(ft, @ft_pref, true)) ) AND (CONTAINS(c.metadata.title, @kw, true) OR CONTAINS(c.summary, @kw, true) OR EXISTS (SELECT VALUE 1 FROM cl IN c.claims WHERE CONTAINS(cl.text, @kw, true))) | params: {""fi_pref"": ""A63F7"", ""ft_pref"": ""2C088EA"", ""kw"": ""遊技進行状態""} || [balanced fi_pref=A63F7 ft_pref=2C333EA kw=遊技進行状態] SELECT c.metadata.patent_id AS patent_id, c.metadata.title AS title, c.metadata.classification_fi AS classification_fi, c.metadata.f_term AS f_term, c.summary AS summary, c.claims AS claims, c.metadata.keywords AS doc_keywords, c.metadata.classification_ipc AS classification_ipc, c.metadata.publication_date AS publication_date FROM c WHERE (EXISTS (SELECT VALUE 1 FROM fi IN c.metadata.classification_fi WHERE STARTSWITH(fi, @fi_pref, true)) OR EXISTS (SELECT VALUE 1 FROM ft IN c.metadata.f_term WHERE STARTSWITH(ft, @ft_pref, true)) ) AND (CONTAINS(c.metadata.title, @kw, true) OR CONTAINS(c.summary, @kw, true) OR EXISTS (SELECT VALUE 1 FROM cl IN c.claims WHERE CONTAINS(cl.text, @kw, true))) | params: {""fi_pref"": ""A63F7"", ""ft_pref"": ""2C333EA"", ""kw"": ""遊技進行状態""}"
2018089029,25,ぱちんこ遊技機,20180614,"[balanced fi_pref=A63F7 ft_pref=2C333AA kw=遊技進行状態] SELECT c.metadata.patent_id AS patent_id, c.metadata.title AS title, c.metadata.classification_fi AS classification_fi, c.metadata.f_term AS f_term, c.summary AS summary, c.claims AS claims, c.metadata.keywords AS doc_keywords, c.metadata.classification_ipc AS classification_ipc, c.metadata.publication_date AS publication_date FROM c WHERE (EXISTS (SELECT VALUE 1 FROM fi IN c.metadata.classification_fi WHERE STARTSWITH(fi, @fi_pref, true)) OR EXISTS (SELECT VALUE 1 FROM ft IN c.metadata.f_term WHERE STARTSWITH(ft, @ft_pref, true)) ) AND (CONTAINS(c.metadata.title, @kw, true) OR CONTAINS(c.summary, @kw, true) OR EXISTS (SELECT VALUE 1 FROM cl IN c.claims WHERE CONTAINS(cl.text, @kw, true))) | params: {""fi_pref"": ""A63F7"", ""ft_pref"": ""2C333AA"", ""kw"": ""遊技進行状態""} || [balanced fi_pref=A63F7 ft_pref=2C088EA kw=遊技進行状態] SELECT c.metadata.patent_id AS patent_id, c.metadata.title AS title, c.metadata.classification_fi AS classification_fi, c.metadata.f_term AS f_term, c.summary AS summary, c.claims AS claims, c.metadata.keywords AS doc_keywords, c.metadata.classification_ipc AS classification_ipc, c.metadata.publication_date AS publication_date FROM c WHERE (EXISTS (SELECT VALUE 1 FROM fi IN c.metadata.classification_fi WHERE STARTSWITH(fi, @fi_pref, true)) OR EXISTS (SELECT VALUE 1 FROM ft IN c.metadata.f_term WHERE STARTSWITH(ft, @ft_pref, true)) ) AND (CONTAINS(c.metadata.title, @kw, true) OR CONTAINS(c.summary, @kw, true) OR EXISTS (SELECT VALUE 1 FROM cl IN c.claims WHERE CONTAINS(cl.text, @kw, true))) | params: {""fi_pref"": ""A63F7"", ""ft_pref"": ""2C088EA"", ""kw"": ""遊技進行状態""} || [balanced fi_pref=A63F7 ft_pref=2C333EA kw=遊技進行状態] SELECT c.metadata.patent_id AS patent_id, c.metadata.title AS title, c.metadata.classification_fi AS classification_fi, c.metadata.f_term AS f_term, c.summary AS summary, c.claims AS claims, c.metadata.keywords AS doc_keywords, c.metadata.classification_ipc AS classification_ipc, c.metadata.publication_date AS publication_date FROM c WHERE (EXISTS (SELECT VALUE 1 FROM fi IN c.metadata.classification_fi WHERE STARTSWITH(fi, @fi_pref, true)) OR EXISTS (SELECT VALUE 1 FROM ft IN c.metadata.f_term WHERE STARTSWITH(ft, @ft_pref, true)) ) AND (CONTAINS(c.metadata.title, @kw, true) OR CONTAINS(c.summary, @kw, true) OR EXISTS (SELECT VALUE 1 FROM cl IN c.claims WHERE CONTAINS(cl.text, @kw, true))) | params: {""fi_pref"": ""A63F7"", ""ft_pref"": ""2C333EA"", ""kw"": ""遊技進行状態""}"
2017080220,25,ぱちんこ遊技機,20170518,"[balanced fi_pref=A63F7 ft_pref=2C333AA kw=遊技進行状態] SELECT c.metadata.patent_id AS patent_id, c.metadata.title AS title, c.metadata.classification_fi AS classification_fi, c.metadata.f_term AS f_term, c.summary AS summary, c.claims AS claims, c.metadata.keywords AS doc_keywords, c.metadata.classification_ipc AS classification_ipc, c.metadata.publication_date AS publication_date FROM c WHERE (EXISTS (SELECT VALUE 1 FROM fi IN c.metadata.classification_fi WHERE STARTSWITH(fi, @fi_pref, true)) OR EXISTS (SELECT VALUE 1 FROM ft IN c.metadata.f_term WHERE STARTSWITH(ft, @ft_pref, true)) ) AND (CONTAINS(c.metadata.title, @kw, true) OR CONTAINS(c.summary, @kw, true) OR EXISTS (SELECT VALUE 1 FROM cl IN c.claims WHERE CONTAINS(cl.text, @kw, true))) | params: {""fi_pref"": ""A63F7"", ""ft_pref"": ""2C333AA"", ""kw"": ""遊技進行状態""} || [balanced fi_pref=A63F7 ft_pref=2C088EA kw=遊技進行状態] SELECT c.metadata.patent_id AS patent_id, c.metadata.title AS title, c.metadata.classification_fi AS classification_fi, c.metadata.f_term AS f_term, c.summary AS summary, c.claims AS claims, c.metadata.keywords AS doc_keywords, c.metadata.classification_ipc AS classification_ipc, c.metadata.publication_date AS publication_date FROM c WHERE (EXISTS (SELECT VALUE 1 FROM fi IN c.metadata.classification_fi WHERE STARTSWITH(fi, @fi_pref, true)) OR EXISTS (SELECT VALUE 1 FROM ft IN c.metadata.f_term WHERE STARTSWITH(ft, @ft_pref, true)) ) AND (CONTAINS(c.metadata.title, @kw, true) OR CONTAINS(c.summary, @kw, true) OR EXISTS (SELECT VALUE 1 FROM cl IN c.claims WHERE CONTAINS(cl.text, @kw, true))) | params: {""fi_pref"": ""A63F7"", ""ft_pref"": ""2C088EA"", ""kw"": ""遊技進行状態""} || [balanced fi_pref=A63F7 ft_pref=2C333EA kw=遊技進行状態] SELECT c.metadata.patent_id AS patent_id, c.metadata.title AS title, c.metadata.classification_fi AS classification_fi, c.metadata.f_term AS f_term, c.summary AS summary, c.claims AS claims, c.metadata.keywords AS doc_keywords, c.metadata.classification_ipc AS classification_ipc, c.metadata.publication_date AS publication_date FROM c WHERE (EXISTS (SELECT VALUE 1 FROM fi IN c.metadata.classification_fi WHERE STARTSWITH(fi, @fi_pref, true)) OR EXISTS (SELECT VALUE 1 FROM ft IN c.metadata.f_term WHERE STARTSWITH(ft, @ft_pref, true)) ) AND (CONTAINS(c.metadata.title, @kw, true) OR CONTAINS(c.summary, @kw, true) OR EXISTS (SELECT VALUE 1 FROM cl IN c.claims WHERE CONTAINS(cl.text, @kw, true))) | params: {""fi_pref"": ""A63F7"", ""ft_pref"": ""2C333EA"", ""kw"": ""遊技進行状態""}"
2018130270,25,ぱちんこ遊技機,20180823,"[balanced fi_pref=A63F7 ft_pref=2C333AA kw=遊技進行状態] SELECT c.metadata.patent_id AS patent_id, c.metadata.title AS title, c.metadata.classification_fi AS classification_fi, c.metadata.f_term AS f_term, c.summary AS summary, c.claims AS claims, c.metadata.keywords AS doc_keywords, c.metadata.classification_ipc AS classification_ipc, c.metadata.publication_date AS publication_date FROM c WHERE (EXISTS (SELECT VALUE 1 FROM fi IN c.metadata.classification_fi WHERE STARTSWITH(fi, @fi_pref, true)) OR EXISTS (SELECT VALUE 1 FROM ft IN c.metadata.f_term WHERE STARTSWITH(ft, @ft_pref, true)) ) AND (CONTAINS(c.metadata.title, @kw, true) OR CONTAINS(c.summary, @kw, true) OR EXISTS (SELECT VALUE 1 FROM cl IN c.claims WHERE CONTAINS(cl.text, @kw, true))) | params: {""fi_pref"": ""A63F7"", ""ft_pref"": ""2C333AA"", ""kw"": ""遊技進行状態""} || [balanced fi_pref=A63F7 ft_pref=2C088EA kw=遊技進行状態] SELECT c.metadata.patent_id AS patent_id, c.metadata.title AS title, c.metadata.classification_fi AS classification_fi, c.metadata.f_term AS f_term, c.summary AS summary, c.claims AS claims, c.metadata.keywords AS doc_keywords, c.metadata.classification_ipc AS classification_ipc, c.metadata.publication_date AS publication_date FROM c WHERE (EXISTS (SELECT VALUE 1 FROM fi IN c.metadata.classification_fi WHERE STARTSWITH(fi, @fi_pref, true)) OR EXISTS (SELECT VALUE 1 FROM ft IN c.metadata.f_term WHERE STARTSWITH(ft, @ft_pref, true)) ) AND (CONTAINS(c.metadata.title, @kw, true) OR CONTAINS(c.summary, @kw, true) OR EXISTS (SELECT VALUE 1 FROM cl IN c.claims WHERE CONTAINS(cl.text, @kw, true))) | params: {""fi_pref"": ""A63F7"", ""ft_pref"": ""2C088EA"", ""kw"": ""遊技進行状態""} || [balanced fi_pref=A63F7 ft_pref=2C333EA kw=遊技進行状態] SELECT c.metadata.patent_id AS patent_id, c.metadata.title AS title, c.metadata.classification_fi AS classification_fi, c.metadata.f_term AS f_term, c.summary AS summary, c.claims AS claims, c.metadata.keywords AS doc_keywords, c.metadata.classification_ipc AS classification_ipc, c.metadata.publication_date AS publication_date FROM c WHERE (EXISTS (SELECT VALUE 1 FROM fi IN c.metadata.classification_fi WHERE STARTSWITH(fi, @fi_pref, true)) OR EXISTS (SELECT VALUE 1 FROM ft IN c.metadata.f_term WHERE STARTSWITH(ft, @ft_pref, true)) ) AND (CONTAINS(c.metadata.title, @kw, true) OR CONTAINS(c.summary, @kw, true) OR EXISTS (SELECT VALUE 1 FROM cl IN c.claims WHERE CONTAINS(cl.text, @kw, true))) | params: {""fi_pref"": ""A63F7"", ""ft_pref"": ""2C333EA"", ""kw"": ""遊技進行状態""}"
2017074395,25,ぱちんこ遊技機,20170420,"[balanced fi_pref=A63F7 ft_pref=2C333AA kw=遊技進行状態] SELECT c.metadata.patent_id AS patent_id, c.metadata.title AS title, c.metadata.classification_fi AS classification_fi, c.metadata.f_term AS f_term, c.summary AS summary, c.claims AS claims, c.metadata.keywords AS doc_keywords, c.metadata.classification_ipc AS classification_ipc, c.metadata.publication_date AS publication_date FROM c WHERE (EXISTS (SELECT VALUE 1 FROM fi IN c.metadata.classification_fi WHERE STARTSWITH(fi, @fi_pref, true)) OR EXISTS (SELECT VALUE 1 FROM ft IN c.metadata.f_term WHERE STARTSWITH(ft, @ft_pref, true)) ) AND (CONTAINS(c.metadata.title, @kw, true) OR CONTAINS(c.summary, @kw, true) OR EXISTS (SELECT VALUE 1 FROM cl IN c.claims WHERE CONTAINS(cl.text, @kw, true))) | params: {""fi_pref"": ""A63F7"", ""ft_pref"": ""2C333AA"", ""kw"": ""遊技進行状態""} || [balanced fi_pref=A63F7 ft_pref=2C088EA kw=遊技進行状態] SELECT c.metadata.patent_id AS patent_id, c.metadata.title AS title, c.metadata.classification_fi AS classification_fi, c.metadata.f_term AS f_term, c.summary AS summary, c.claims AS claims, c.metadata.keywords AS doc_keywords, c.metadata.classification_ipc AS classification_ipc, c.metadata.publication_date AS publication_date FROM c WHERE (EXISTS (SELECT VALUE 1 FROM fi IN c.metadata.classification_fi WHERE STARTSWITH(fi, @fi_pref, true)) OR EXISTS (SELECT VALUE 1 FROM ft IN c.metadata.f_term WHERE STARTSWITH(ft, @ft_pref, true)) ) AND (CONTAINS(c.metadata.title, @kw, true) OR CONTAINS(c.summary, @kw, true) OR EXISTS (SELECT VALUE 1 FROM cl IN c.claims WHERE CONTAINS(cl.text, @kw, true))) | params: {""fi_pref"": ""A63F7"", ""ft_pref"": ""2C088EA"", ""kw"": ""遊技進行状態""} || [balanced fi_pref=A63F7 ft_pref=2C333EA kw=遊技進行状態] SELECT c.metadata.patent_id AS patent_id, c.metadata.title AS title, c.metadata.classification_fi AS classification_fi, c.metadata.f_term AS f_term, c.summary AS summary, c.claims AS claims, c.metadata.keywords AS doc_keywords, c.metadata.classification_ipc AS classification_ipc, c.metadata.publication_date AS publication_date FROM c WHERE (EXISTS (SELECT VALUE 1 FROM fi IN c.metadata.classification_fi WHERE STARTSWITH(fi, @fi_pref, true)) OR EXISTS (SELECT VALUE 1 FROM ft IN c.metadata.f_term WHERE STARTSWITH(ft, @ft_pref, true)) ) AND (CONTAINS(c.metadata.title, @kw, true) OR CONTAINS(c.summary, @kw, true) OR EXISTS (SELECT VALUE 1 FROM cl IN c.claims WHERE CONTAINS(cl.text, @kw, true))) | params: {""fi_pref"": ""A63F7"", ""ft_pref"": ""2C333EA"", ""kw"": ""遊技進行状態""}"
2017123942,25,ぱちんこ遊技機,20170720,"[balanced fi_pref=A63F7 ft_pref=2C333AA kw=遊技進行状態] SELECT c.metadata.patent_id AS patent_id, c.metadata.title AS title, c.metadata.classification_fi AS classification_fi, c.metadata.f_term AS f_term, c.summary AS summary, c.claims AS claims, c.metadata.keywords AS doc_keywords, c.metadata.classification_ipc AS classification_ipc, c.metadata.publication_date AS publication_date FROM c WHERE (EXISTS (SELECT VALUE 1 FROM fi IN c.metadata.classification_fi WHERE STARTSWITH(fi, @fi_pref, true)) OR EXISTS (SELECT VALUE 1 FROM ft IN c.metadata.f_term WHERE STARTSWITH(ft, @ft_pref, true)) ) AND (CONTAINS(c.metadata.title, @kw, true) OR CONTAINS(c.summary, @kw, true) OR EXISTS (SELECT VALUE 1 FROM cl IN c.claims WHERE CONTAINS(cl.text, @kw, true))) | params: {""fi_pref"": ""A63F7"", ""ft_pref"": ""2C333AA"", ""kw"": ""遊技進行状態""} || [balanced fi_pref=A63F7 ft_pref=2C088EA kw=遊技進行状態] SELECT c.metadata.patent_id AS patent_id, c.metadata.title AS title, c.metadata.classification_fi AS classification_fi, c.metadata.f_term AS f_term, c.summary AS summary, c.claims AS claims, c.metadata.keywords AS doc_keywords, c.metadata.classification_ipc AS classification_ipc, c.metadata.publication_date AS publication_date FROM c WHERE (EXISTS (SELECT VALUE 1 FROM fi IN c.metadata.classification_fi WHERE STARTSWITH(fi, @fi_pref, true)) OR EXISTS (SELECT VALUE 1 FROM ft IN c.metadata.f_term WHERE STARTSWITH(ft, @ft_pref, true)) ) AND (CONTAINS(c.metadata.title, @kw, true) OR CONTAINS(c.summary, @kw, true) OR EXISTS (SELECT VALUE 1 FROM cl IN c.claims WHERE CONTAINS(cl.text, @kw, true))) | params: {""fi_pref"": ""A63F7"", ""ft_pref"": ""2C088EA"", ""kw"": ""遊技進行状態""} || [balanced fi_pref=A63F7 ft_pref=2C333EA kw=遊技進行状態] SELECT c.metadata.patent_id AS patent_id, c.metadata.title AS title, c.metadata.classification_fi AS classification_fi, c.metadata.f_term AS f_term, c.summary AS summary, c.claims AS claims, c.metadata.keywords AS doc_keywords, c.metadata.classification_ipc AS classification_ipc, c.metadata.publication_date AS publication_date FROM c WHERE (EXISTS (SELECT VALUE 1 FROM fi IN c.metadata.classification_fi WHERE STARTSWITH(fi, @fi_pref, true)) OR EXISTS (SELECT VALUE 1 FROM ft IN c.metadata.f_term WHERE STARTSWITH(ft, @ft_pref, true)) ) AND (CONTAINS(c.metadata.title, @kw, true) OR CONTAINS(c.summary, @kw, true) OR EXISTS (SELECT VALUE 1 FROM cl IN c.claims WHERE CONTAINS(cl.text, @kw, true))) | params: {""fi_pref"": ""A63F7"", ""ft_pref"": ""2C333EA"", ""kw"": ""遊技進行状態""}"
2018051014,25,ぱちんこ遊技機,20180405,"[balanced fi_pref=A63F7 ft_pref=2C333AA kw=遊技進行状態] SELECT c.metadata.patent_id AS patent_id, c.metadata.title AS title, c.metadata.classification_fi AS classification_fi, c.metadata.f_term AS f_term, c.summary AS summary, c.claims AS claims, c.metadata.keywords AS doc_keywords, c.metadata.classification_ipc AS classification_ipc, c.metadata.publication_date AS publication_date FROM c WHERE (EXISTS (SELECT VALUE 1 FROM fi IN c.metadata.classification_fi WHERE STARTSWITH(fi, @fi_pref, true)) OR EXISTS (SELECT VALUE 1 FROM ft IN c.metadata.f_term WHERE STARTSWITH(ft, @ft_pref, true)) ) AND (CONTAINS(c.metadata.title, @kw, true) OR CONTAINS(c.summary, @kw, true) OR EXISTS (SELECT VALUE 1 FROM cl IN c.claims WHERE CONTAINS(cl.text, @kw, true))) | params: {""fi_pref"": ""A63F7"", ""ft_pref"": ""2C333AA"", ""kw"": ""遊技進行状態""} || [balanced fi_pref=A63F7 ft_pref=2C088EA kw=遊技進行状態] SELECT c.metadata.patent_id AS patent_id, c.metadata.title AS title, c.metadata.classification_fi AS classification_fi, c.metadata.f_term AS f_term, c.summary AS summary, c.claims AS claims, c.metadata.keywords AS doc_keywords, c.metadata.classification_ipc AS classification_ipc, c.metadata.publication_date AS publication_date FROM c WHERE (EXISTS (SELECT VALUE 1 FROM fi IN c.metadata.classification_fi WHERE STARTSWITH(fi, @fi_pref, true)) OR EXISTS (SELECT VALUE 1 FROM ft IN c.metadata.f_term WHERE STARTSWITH(ft, @ft_pref, true)) ) AND (CONTAINS(c.metadata.title, @kw, true) OR CONTAINS(c.summary, @kw, true) OR EXISTS (SELECT VALUE 1 FROM cl IN c.claims WHERE CONTAINS(cl.text, @kw, true))) | params: {""fi_pref"": ""A63F7"", ""ft_pref"": ""2C088EA"", ""kw"": ""遊技進行状態""} || [balanced fi_pref=A63F7 ft_pref=2C333EA kw=遊技進行状態] SELECT c.metadata.patent_id AS patent_id, c.metadata.title AS title, c.metadata.classification_fi AS classification_fi, c.metadata.f_term AS f_term, c.summary AS summary, c.claims AS claims, c.metadata.keywords AS doc_keywords, c.metadata.classification_ipc AS classification_ipc, c.metadata.publication_date AS publication_date FROM c WHERE (EXISTS (SELECT VALUE 1 FROM fi IN c.metadata.classification_fi WHERE STARTSWITH(fi, @fi_pref, true)) OR EXISTS (SELECT VALUE 1 FROM ft IN c.metadata.f_term WHERE STARTSWITH(ft, @ft_pref, true)) ) AND (CONTAINS(c.metadata.title, @kw, true) OR CONTAINS(c.summary, @kw, true) OR EXISTS (SELECT VALUE 1 FROM cl IN c.claims WHERE CONTAINS(cl.text, @kw, true))) | params: {""fi_pref"": ""A63F7"", ""ft_pref"": ""2C333EA"", ""kw"": ""遊技進行状態""}"
2017080214,25,ぱちんこ遊技機,20170518,"[balanced fi_pref=A63F7 ft_pref=2C333AA kw=遊技進行状態] SELECT c.metadata.patent_id AS patent_id, c.metadata.title AS title, c.metadata.classification_fi AS classification_fi, c.metadata.f_term AS f_term, c.summary AS summary, c.claims AS claims, c.metadata.keywords AS doc_keywords, c.metadata.classification_ipc AS classification_ipc, c.metadata.publication_date AS publication_date FROM c WHERE (EXISTS (SELECT VALUE 1 FROM fi IN c.metadata.classification_fi WHERE STARTSWITH(fi, @fi_pref, true)) OR EXISTS (SELECT VALUE 1 FROM ft IN c.metadata.f_term WHERE STARTSWITH(ft, @ft_pref, true)) ) AND (CONTAINS(c.metadata.title, @kw, true) OR CONTAINS(c.summary, @kw, true) OR EXISTS (SELECT VALUE 1 FROM cl IN c.claims WHERE CONTAINS(cl.text, @kw, true))) | params: {""fi_pref"": ""A63F7"", ""ft_pref"": ""2C333AA"", ""kw"": ""遊技進行状態""} || [balanced fi_pref=A63F7 ft_pref=2C088EA kw=遊技進行状態] SELECT c.metadata.patent_id AS patent_id, c.metadata.title AS title, c.metadata.classification_fi AS classification_fi, c.metadata.f_term AS f_term, c.summary AS summary, c.claims AS claims, c.metadata.keywords AS doc_keywords, c.metadata.classification_ipc AS classification_ipc, c.metadata.publication_date AS publication_date FROM c WHERE (EXISTS (SELECT VALUE 1 FROM fi IN c.metadata.classification_fi WHERE STARTSWITH(fi, @fi_pref, true)) OR EXISTS (SELECT VALUE 1 FROM ft IN c.metadata.f_term WHERE STARTSWITH(ft, @ft_pref, true)) ) AND (CONTAINS(c.metadata.title, @kw, true) OR CONTAINS(c.summary, @kw, true) OR EXISTS (SELECT VALUE 1 FROM cl IN c.claims WHERE CONTAINS(cl.text, @kw, true))) | params: {""fi_pref"": ""A63F7"", ""ft_pref"": ""2C088EA"", ""kw"": ""遊技進行状態""} || [balanced fi_pref=A63F7 ft_pref=2C333EA kw=遊技進行状態] SELECT c.metadata.patent_id AS patent_id, c.metadata.title AS title, c.metadata.classification_fi AS classification_fi, c.metadata.f_term AS f_term, c.summary AS summary, c.claims AS claims, c.metadata.keywords AS doc_keywords, c.metadata.classification_ipc AS classification_ipc, c.metadata.publication_date AS publication_date FROM c WHERE (EXISTS (SELECT VALUE 1 FROM fi IN c.metadata.classification_fi WHERE STARTSWITH(fi, @fi_pref, true)) OR EXISTS (SELECT VALUE 1 FROM ft IN c.metadata.f_term WHERE STARTSWITH(ft, @ft_pref, true)) ) AND (CONTAINS(c.metadata.title, @kw, true) OR CONTAINS(c.summary, @kw, true) OR EXISTS (SELECT VALUE 1 FROM cl IN c.claims WHERE CONTAINS(cl.text, @kw, true))) | params: {""fi_pref"": ""A63F7"", ""ft_pref"": ""2C333EA"", ""kw"": ""遊技進行状態""}"
2018134202,25,ぱちんこ遊技機,20180830,"[balanced fi_pref=A63F7 ft_pref=2C333AA kw=遊技進行状態] SELECT c.metadata.patent_id AS patent_id, c.metadata.title AS title, c.metadata.classification_fi AS classification_fi, c.metadata.f_term AS f_term, c.summary AS summary, c.claims AS claims, c.metadata.keywords AS doc_keywords, c.metadata.classification_ipc AS classification_ipc, c.metadata.publication_date AS publication_date FROM c WHERE (EXISTS (SELECT VALUE 1 FROM fi IN c.metadata.classification_fi WHERE STARTSWITH(fi, @fi_pref, true)) OR EXISTS (SELECT VALUE 1 FROM ft IN c.metadata.f_term WHERE STARTSWITH(ft, @ft_pref, true)) ) AND (CONTAINS(c.metadata.title, @kw, true) OR CONTAINS(c.summary, @kw, true) OR EXISTS (SELECT VALUE 1 FROM cl IN c.claims WHERE CONTAINS(cl.text, @kw, true))) | params: {""fi_pref"": ""A63F7"", ""ft_pref"": ""2C333AA"", ""kw"": ""遊技進行状態""} || [balanced fi_pref=A63F7 ft_pref=2C088EA kw=遊技進行状態] SELECT c.metadata.patent_id AS patent_id, c.metadata.title AS title, c.metadata.classification_fi AS classification_fi, c.metadata.f_term AS f_term, c.summary AS summary, c.claims AS claims, c.metadata.keywords AS doc_keywords, c.metadata.classification_ipc AS classification_ipc, c.metadata.publication_date AS publication_date FROM c WHERE (EXISTS (SELECT VALUE 1 FROM fi IN c.metadata.classification_fi WHERE STARTSWITH(fi, @fi_pref, true)) OR EXISTS (SELECT VALUE 1 FROM ft IN c.metadata.f_term WHERE STARTSWITH(ft, @ft_pref, true)) ) AND (CONTAINS(c.metadata.title, @kw, true) OR CONTAINS(c.summary, @kw, true) OR EXISTS (SELECT VALUE 1 FROM cl IN c.claims WHERE CONTAINS(cl.text, @kw, true))) | params: {""fi_pref"": ""A63F7"", ""ft_pref"": ""2C088EA"", ""kw"": ""遊技進行状態""} || [balanced fi_pref=A63F7 ft_pref=2C333EA kw=遊技進行状態] SELECT c.metadata.patent_id AS patent_id, c.metadata.title AS title, c.metadata.classification_fi AS classification_fi, c.metadata.f_term AS f_term, c.summary AS summary, c.claims AS claims, c.metadata.keywords AS doc_keywords, c.metadata.classification_ipc AS classification_ipc, c.metadata.publication_date AS publication_date FROM c WHERE (EXISTS (SELECT VALUE 1 FROM fi IN c.metadata.classification_fi WHERE STARTSWITH(fi, @fi_pref, true)) OR EXISTS (SELECT VALUE 1 FROM ft IN c.metadata.f_term WHERE STARTSWITH(ft, @ft_pref, true)) ) AND (CONTAINS(c.metadata.title, @kw, true) OR CONTAINS(c.summary, @kw, true) OR EXISTS (SELECT VALUE 1 FROM cl IN c.claims WHERE CONTAINS(cl.text, @kw, true))) | params: {""fi_pref"": ""A63F7"", ""ft_pref"": ""2C333EA"", ""kw"": ""遊技進行状態""}"
2019030724,25,ぱちんこ遊技機,20190228,"[balanced fi_pref=A63F7 ft_pref=2C333AA kw=遊技進行状態] SELECT c.metadata.patent_id AS patent_id, c.metadata.title AS title, c.metadata.classification_fi AS classification_fi, c.metadata.f_term AS f_term, c.summary AS summary, c.claims AS claims, c.metadata.keywords AS doc_keywords, c.metadata.classification_ipc AS classification_ipc, c.metadata.publication_date AS publication_date FROM c WHERE (EXISTS (SELECT VALUE 1 FROM fi IN c.metadata.classification_fi WHERE STARTSWITH(fi, @fi_pref, true)) OR EXISTS (SELECT VALUE 1 FROM ft IN c.metadata.f_term WHERE STARTSWITH(ft, @ft_pref, true)) ) AND (CONTAINS(c.metadata.title, @kw, true) OR CONTAINS(c.summary, @kw, true) OR EXISTS (SELECT VALUE 1 FROM cl IN c.claims WHERE CONTAINS(cl.text, @kw, true))) | params: {""fi_pref"": ""A63F7"", ""ft_pref"": ""2C333AA"", ""kw"": ""遊技進行状態""} || [balanced fi_pref=A63F7 ft_pref=2C088EA kw=遊技進行状態] SELECT c.metadata.patent_id AS patent_id, c.metadata.title AS title, c.metadata.classification_fi AS classification_fi, c.metadata.f_term AS f_term, c.summary AS summary, c.claims AS claims, c.metadata.keywords AS doc_keywords, c.metadata.classification_ipc AS classification_ipc, c.metadata.publication_date AS publication_date FROM c WHERE (EXISTS (SELECT VALUE 1 FROM fi IN c.metadata.classification_fi WHERE STARTSWITH(fi, @fi_pref, true)) OR EXISTS (SELECT VALUE 1 FROM ft IN c.metadata.f_term WHERE STARTSWITH(ft, @ft_pref, true)) ) AND (CONTAINS(c.metadata.title, @kw, true) OR CONTAINS(c.summary, @kw, true) OR EXISTS (SELECT VALUE 1 FROM cl IN c.claims WHERE CONTAINS(cl.text, @kw, true))) | params: {""fi_pref"": ""A63F7"", ""ft_pref"": ""2C088EA"", ""kw"": ""遊技進行状態""} || [balanced fi_pref=A63F7 ft_pref=2C333EA kw=遊技進行状態] SELECT c.metadata.patent_id AS patent_id, c.metadata.title AS title, c.metadata.classification_fi AS classification_fi, c.metadata.f_term AS f_term, c.summary AS summary, c.claims AS claims, c.metadata.keywords AS doc_keywords, c.metadata.classification_ipc AS classification_ipc, c.metadata.publication_date AS publication_date FROM c WHERE (EXISTS (SELECT VALUE 1 FROM fi IN c.metadata.classification_fi WHERE STARTSWITH(fi, @fi_pref, true)) OR EXISTS (SELECT VALUE 1 FROM ft IN c.metadata.f_term WHERE STARTSWITH(ft, @ft_pref, true)) ) AND (CONTAINS(c.metadata.title, @kw, true) OR CONTAINS(c.summary, @kw, true) OR EXISTS (SELECT VALUE 1 FROM cl IN c.claims WHERE CONTAINS(cl.text, @kw, true))) | params: {""fi_pref"": ""A63F7"", ""ft_pref"": ""2C333EA"", ""kw"": ""遊技進行状態""}"
2020195686,25,遊技機,20201210,"[balanced fi_pref=A63F7 ft_pref=2C333AA kw=表示態様] SELECT c.metadata.patent_id AS patent_id, c.metadata.title AS title, c.metadata.classification_fi AS classification_fi, c.metadata.f_term AS f_term, c.summary AS summary, c.claims AS claims, c.metadata.keywords AS doc_keywords, c.metadata.classification_ipc AS classification_ipc, c.metadata.publication_date AS publication_date FROM c WHERE (EXISTS (SELECT VALUE 1 FROM fi IN c.metadata.classification_fi WHERE STARTSWITH(fi, @fi_pref, true)) OR EXISTS (SELECT VALUE 1 FROM ft IN c.metadata.f_term WHERE STARTSWITH(ft, @ft_pref, true)) ) AND (CONTAINS(c.metadata.title, @kw, true) OR CONTAINS(c.summary, @kw, true) OR EXISTS (SELECT VALUE 1 FROM cl IN c.claims WHERE CONTAINS(cl.text, @kw, true))) | params: {""fi_pref"": ""A63F7"", ""ft_pref"": ""2C333AA"", ""kw"": ""表示態様""} || [balanced fi_pref=A63F7 ft_pref=2C088EA kw=表示態様] SELECT c.metadata.patent_id AS patent_id, c.metadata.title AS title, c.metadata.classification_fi AS classification_fi, c.metadata.f_term AS f_term, c.summary AS summary, c.claims AS claims, c.metadata.keywords AS doc_keywords, c.metadata.classification_ipc AS classification_ipc, c.metadata.publication_date AS publication_date FROM c WHERE (EXISTS (SELECT VALUE 1 FROM fi IN c.metadata.classification_fi WHERE STARTSWITH(fi, @fi_pref, true)) OR EXISTS (SELECT VALUE 1 FROM ft IN c.metadata.f_term WHERE STARTSWITH(ft, @ft_pref, true)) ) AND (CONTAINS(c.metadata.title, @kw, true) OR CONTAINS(c.summary, @kw, true) OR EXISTS (SELECT VALUE 1 FROM cl IN c.claims WHERE CONTAINS(cl.text, @kw, true))) | params: {""fi_pref"": ""A63F7"", ""ft_pref"": ""2C088EA"", ""kw"": ""表示態様""} || [balanced fi_pref=A63F7 ft_pref=2C333EA kw=表示態様] SELECT c.metadata.patent_id AS patent_id, c.metadata.title AS title, c.metadata.classification_fi AS classification_fi, c.metadata.f_term AS f_term, c.summary AS summary, c.claims AS claims, c.metadata.keywords AS doc_keywords, c.metadata.classification_ipc AS classification_ipc, c.metadata.publication_date AS publication_date FROM c WHERE (EXISTS (SELECT VALUE 1 FROM fi IN c.metadata.classification_fi WHERE STARTSWITH(fi, @fi_pref, true)) OR EXISTS (SELECT VALUE 1 FROM ft IN c.metadata.f_term WHERE STARTSWITH(ft, @ft_pref, true)) ) AND (CONTAINS(c.metadata.title, @kw, true) OR CONTAINS(c.summary, @kw, true) OR EXISTS (SELECT VALUE 1 FROM cl IN c.claims WHERE CONTAINS(cl.text, @kw, true))) | params: {""fi_pref"": ""A63F7"", ""ft_pref"": ""2C333EA"", ""kw"": ""表示態様""} || [broad fi_pref=A63F7 ft_pref=2C333AA kw=遊技進行状態] SELECT c.metadata.patent_id AS patent_id, c.metadata.title AS title, c.metadata.classification_fi AS classification_fi, c.metadata.f_term AS f_term, c.summary AS summary, c.claims AS claims, c.metadata.keywords AS doc_keywords, c.metadata.classification_ipc AS classification_ipc, c.metadata.publication_date AS publication_date FROM c WHERE EXISTS (SELECT VALUE 1 FROM fi IN c.metadata.classification_fi WHERE STARTSWITH(fi, @fi_pref, true)) OR EXISTS (SELECT VALUE 1 FROM ft IN c.metadata.f_term WHERE STARTSWITH(ft, @ft_pref, true)) OR CONTAINS(c.metadata.title, @kw, true) | params: {""fi_pref"": ""A63F7"", ""ft_pref"": ""2C333AA"", ""kw"": ""遊技進行状態""}"
2021053042,25,遊技機,20210408,"[balanced fi_pref=A63F7 ft_pref=2C333AA kw=表示態様] SELECT c.metadata.patent_id AS patent_id, c.metadata.title AS title, c.metadata.classification_fi AS classification_fi, c.metadata.f_term AS f_term, c.summary AS summary, c.claims AS claims, c.metadata.keywords AS doc_keywords, c.metadata.classification_ipc AS classification_ipc, c.metadata.publication_date AS publication_date FROM c WHERE (EXISTS (SELECT VALUE 1 FROM fi IN c.metadata.classification_fi WHERE STARTSWITH(fi, @fi_pref, true)) OR EXISTS (SELECT VALUE 1 FROM ft IN c.metadata.f_term WHERE STARTSWITH(ft, @ft_pref, true)) ) AND (CONTAINS(c.metadata.title, @kw, true) OR CONTAINS(c.summary, @kw, true) OR EXISTS (SELECT VALUE 1 FROM cl IN c.claims WHERE CONTAINS(cl.text, @kw, true))) | params: {""fi_pref"": ""A63F7"", ""ft_pref"": ""2C333AA"", ""kw"": ""表示態様""} || [balanced fi_pref=A63F7 ft_pref=2C088EA kw=表示態様] SELECT c.metadata.patent_id AS patent_id, c.metadata.title AS title, c.metadata.classification_fi AS classification_fi, c.metadata.f_term AS f_term, c.summary AS summary, c.claims AS claims, c.metadata.keywords AS doc_keywords, c.metadata.classification_ipc AS classification_ipc, c.metadata.publication_date AS publication_date FROM c WHERE (EXISTS (SELECT VALUE 1 FROM fi IN c.metadata.classification_fi WHERE STARTSWITH(fi, @fi_pref, true)) OR EXISTS (SELECT VALUE 1 FROM ft IN c.metadata.f_term WHERE STARTSWITH(ft, @ft_pref, true)) ) AND (CONTAINS(c.metadata.title, @kw, true) OR CONTAINS(c.summary, @kw, true) OR EXISTS (SELECT VALUE 1 FROM cl IN c.claims WHERE CONTAINS(cl.text, @kw, true))) | params: {""fi_pref"": ""A63F7"", ""ft_pref"": ""2C088EA"", ""kw"": ""表示態様""} || [balanced fi_pref=A63F7 ft_pref=2C333EA kw=表示態様] SELECT c.metadata.patent_id AS patent_id, c.metadata.title AS title, c.metadata.classification_fi AS classification_fi, c.metadata.f_term AS f_term, c.summary AS summary, c.claims AS claims, c.metadata.keywords AS doc_keywords, c.metadata.classification_ipc AS classification_ipc, c.metadata.publication_date AS publication_date FROM c WHERE (EXISTS (SELECT VALUE 1 FROM fi IN c.metadata.classification_fi WHERE STARTSWITH(fi, @fi_pref, true)) OR EXISTS (SELECT VALUE 1 FROM ft IN c.metadata.f_term WHERE STARTSWITH(ft, @ft_pref, true)) ) AND (CONTAINS(c.metadata.title, @kw, true) OR CONTAINS(c.summary, @kw, true) OR EXISTS (SELECT VALUE 1 FROM cl IN c.claims WHERE CONTAINS(cl.text, @kw, true))) | params: {""fi_pref"": ""A63F7"", ""ft_pref"": ""2C333EA"", ""kw"": ""表示態様""} || [broad fi_pref=A63F7 ft_pref=2C333AA kw=遊技進行状態] SELECT c.metadata.patent_id AS patent_id, c.metadata.title AS title, c.metadata.classification_fi AS classification_fi, c.metadata.f_term AS f_term, c.summary AS summary, c.claims AS claims, c.metadata.keywords AS doc_keywords, c.metadata.classification_ipc AS classification_ipc, c.metadata.publication_date AS publication_date FROM c WHERE EXISTS (SELECT VALUE 1 FROM fi IN c.metadata.classification_fi WHERE STARTSWITH(fi, @fi_pref, true)) OR EXISTS (SELECT VALUE 1 FROM ft IN c.metadata.f_term WHERE STARTSWITH(ft, @ft_pref, true)) OR CONTAINS(c.metadata.title, @kw, true) | params: {""fi_pref"": ""A63F7"", ""ft_pref"": ""2C333AA"", ""kw"": ""遊技進行状態""}"
2020162774,25,遊技機,20201008,"[balanced fi_pref=A63F7 ft_pref=2C333AA kw=表示態様] SELECT c.metadata.patent_id AS patent_id, c.metadata.title AS title, c.metadata.classification_fi AS classification_fi, c.metadata.f_term AS f_term, c.summary AS summary, c.claims AS claims, c.metadata.keywords AS doc_keywords, c.metadata.classification_ipc AS classification_ipc, c.metadata.publication_date AS publication_date FROM c WHERE (EXISTS (SELECT VALUE 1 FROM fi IN c.metadata.classification_fi WHERE STARTSWITH(fi, @fi_pref, true)) OR EXISTS (SELECT VALUE 1 FROM ft IN c.metadata.f_term WHERE STARTSWITH(ft, @ft_pref, true)) ) AND (CONTAINS(c.metadata.title, @kw, true) OR CONTAINS(c.summary, @kw, true) OR EXISTS (SELECT VALUE 1 FROM cl IN c.claims WHERE CONTAINS(cl.text, @kw, true))) | params: {""fi_pref"": ""A63F7"", ""ft_pref"": ""2C333AA"", ""kw"": ""表示態様""} || [balanced fi_pref=A63F7 ft_pref=2C088EA kw=表示態様] SELECT c.metadata.patent_id AS patent_id, c.metadata.title AS title, c.metadata.classification_fi AS classification_fi, c.metadata.f_term AS f_term, c.summary AS summary, c.claims AS claims, c.metadata.keywords AS doc_keywords, c.metadata.classification_ipc AS classification_ipc, c.metadata.publication_date AS publication_date FROM c WHERE (EXISTS (SELECT VALUE 1 FROM fi IN c.metadata.classification_fi WHERE STARTSWITH(fi, @fi_pref, true)) OR EXISTS (SELECT VALUE 1 FROM ft IN c.metadata.f_term WHERE STARTSWITH(ft, @ft_pref, true)) ) AND (CONTAINS(c.metadata.title, @kw, true) OR CONTAINS(c.summary, @kw, true) OR EXISTS (SELECT VALUE 1 FROM cl IN c.claims WHERE CONTAINS(cl.text, @kw, true))) | params: {""fi_pref"": ""A63F7"", ""ft_pref"": ""2C088EA"", ""kw"": ""表示態様""} || [balanced fi_pref=A63F7 ft_pref=2C333EA kw=表示態様] SELECT c.metadata.patent_id AS patent_id, c.metadata.title AS title, c.metadata.classification_fi AS classification_fi, c.metadata.f_term AS f_term, c.summary AS summary, c.claims AS claims, c.metadata.keywords AS doc_keywords, c.metadata.classification_ipc AS classification_ipc, c.metadata.publication_date AS publication_date FROM c WHERE (EXISTS (SELECT VALUE 1 FROM fi IN c.metadata.classification_fi WHERE STARTSWITH(fi, @fi_pref, true)) OR EXISTS (SELECT VALUE 1 FROM ft IN c.metadata.f_term WHERE STARTSWITH(ft, @ft_pref, true)) ) AND (CONTAINS(c.metadata.title, @kw, true) OR CONTAINS(c.summary, @kw, true) OR EXISTS (SELECT VALUE 1 FROM cl IN c.claims WHERE CONTAINS(cl.text, @kw, true))) | params: {""fi_pref"": ""A63F7"", ""ft_pref"": ""2C333EA"", ""kw"": ""表示態様""} || [broad fi_pref=A63F7 ft_pref=2C333AA kw=遊技進行状態] SELECT c.metadata.patent_id AS patent_id, c.metadata.title AS title, c.metadata.classification_fi AS classification_fi, c.metadata.f_term AS f_term, c.summary AS summary, c.claims AS claims, c.metadata.keywords AS doc_keywords, c.metadata.classification_ipc AS classification_ipc, c.metadata.publication_date AS publication_date FROM c WHERE EXISTS (SELECT VALUE 1 FROM fi IN c.metadata.classification_fi WHERE STARTSWITH(fi, @fi_pref, true)) OR EXISTS (SELECT VALUE 1 FROM ft IN c.metadata.f_term WHERE STARTSWITH(ft, @ft_pref, true)) OR CONTAINS(c.metadata.title, @kw, true) | params: {""fi_pref"": ""A63F7"", ""ft_pref"": ""2C333AA"", ""kw"": ""遊技進行状態""}"
2021029701,25,遊技機,20210301,"[balanced fi_pref=A63F7 ft_pref=2C333AA kw=表示態様] SELECT c.metadata.patent_id AS patent_id, c.metadata.title AS title, c.metadata.classification_fi AS classification_fi, c.metadata.f_term AS f_term, c.summary AS summary, c.claims AS claims, c.metadata.keywords AS doc_keywords, c.metadata.classification_ipc AS classification_ipc, c.metadata.publication_date AS publication_date FROM c WHERE (EXISTS (SELECT VALUE 1 FROM fi IN c.metadata.classification_fi WHERE STARTSWITH(fi, @fi_pref, true)) OR EXISTS (SELECT VALUE 1 FROM ft IN c.metadata.f_term WHERE STARTSWITH(ft, @ft_pref, true)) ) AND (CONTAINS(c.metadata.title, @kw, true) OR CONTAINS(c.summary, @kw, true) OR EXISTS (SELECT VALUE 1 FROM cl IN c.claims WHERE CONTAINS(cl.text, @kw, true))) | params: {""fi_pref"": ""A63F7"", ""ft_pref"": ""2C333AA"", ""kw"": ""表示態様""} || [balanced fi_pref=A63F7 ft_pref=2C088EA kw=表示態様] SELECT c.metadata.patent_id AS patent_id, c.metadata.title AS title, c.metadata.classification_fi AS classification_fi, c.metadata.f_term AS f_term, c.summary AS summary, c.claims AS claims, c.metadata.keywords AS doc_keywords, c.metadata.classification_ipc AS classification_ipc, c.metadata.publication_date AS publication_date FROM c WHERE (EXISTS (SELECT VALUE 1 FROM fi IN c.metadata.classification_fi WHERE STARTSWITH(fi, @fi_pref, true)) OR EXISTS (SELECT VALUE 1 FROM ft IN c.metadata.f_term WHERE STARTSWITH(ft, @ft_pref, true)) ) AND (CONTAINS(c.metadata.title, @kw, true) OR CONTAINS(c.summary, @kw, true) OR EXISTS (SELECT VALUE 1 FROM cl IN c.claims WHERE CONTAINS(cl.text, @kw, true))) | params: {""fi_pref"": ""A63F7"", ""ft_pref"": ""2C088EA"", ""kw"": ""表示態様""} || [balanced fi_pref=A63F7 ft_pref=2C333EA kw=表示態様] SELECT c.metadata.patent_id AS patent_id, c.metadata.title AS title, c.metadata.classification_fi AS classification_fi, c.metadata.f_term AS f_term, c.summary AS summary, c.claims AS claims, c.metadata.keywords AS doc_keywords, c.metadata.classification_ipc AS classification_ipc, c.metadata.publication_date AS publication_date FROM c WHERE (EXISTS (SELECT VALUE 1 FROM fi IN c.metadata.classification_fi WHERE STARTSWITH(fi, @fi_pref, true)) OR EXISTS (SELECT VALUE 1 FROM ft IN c.metadata.f_term WHERE STARTSWITH(ft, @ft_pref, true)) ) AND (CONTAINS(c.metadata.title, @kw, true) OR CONTAINS(c.summary, @kw, true) OR EXISTS (SELECT VALUE 1 FROM cl IN c.claims WHERE CONTAINS(cl.text, @kw, true))) | params: {""fi_pref"": ""A63F7"", ""ft_pref"": ""2C333EA"", ""kw"": ""表示態様""}"
2020178808,25,遊技機,20201105,"[balanced fi_pref=A63F7 ft_pref=2C333AA kw=表示態様] SELECT c.metadata.patent_id AS patent_id, c.metadata.title AS title, c.metadata.classification_fi AS classification_fi, c.metadata.f_term AS f_term, c.summary AS summary, c.claims AS claims, c.metadata.keywords AS doc_keywords, c.metadata.classification_ipc AS classification_ipc, c.metadata.publication_date AS publication_date FROM c WHERE (EXISTS (SELECT VALUE 1 FROM fi IN c.metadata.classification_fi WHERE STARTSWITH(fi, @fi_pref, true)) OR EXISTS (SELECT VALUE 1 FROM ft IN c.metadata.f_term WHERE STARTSWITH(ft, @ft_pref, true)) ) AND (CONTAINS(c.metadata.title, @kw, true) OR CONTAINS(c.summary, @kw, true) OR EXISTS (SELECT VALUE 1 FROM cl IN c.claims WHERE CONTAINS(cl.text, @kw, true))) | params: {""fi_pref"": ""A63F7"", ""ft_pref"": ""2C333AA"", ""kw"": ""表示態様""} || [balanced fi_pref=A63F7 ft_pref=2C088EA kw=表示態様] SELECT c.metadata.patent_id AS patent_id, c.metadata.title AS title, c.metadata.classification_fi AS classification_fi, c.metadata.f_term AS f_term, c.summary AS summary, c.claims AS claims, c.metadata.keywords AS doc_keywords, c.metadata.classification_ipc AS classification_ipc, c.metadata.publication_date AS publication_date FROM c WHERE (EXISTS (SELECT VALUE 1 FROM fi IN c.metadata.classification_fi WHERE STARTSWITH(fi, @fi_pref, true)) OR EXISTS (SELECT VALUE 1 FROM ft IN c.metadata.f_term WHERE STARTSWITH(ft, @ft_pref, true)) ) AND (CONTAINS(c.metadata.title, @kw, true) OR CONTAINS(c.summary, @kw, true) OR EXISTS (SELECT VALUE 1 FROM cl IN c.claims WHERE CONTAINS(cl.text, @kw, true))) | params: {""fi_pref"": ""A63F7"", ""ft_pref"": ""2C088EA"", ""kw"": ""表示態様""} || [balanced fi_pref=A63F7 ft_pref=2C333EA kw=表示態様] SELECT c.metadata.patent_id AS patent_id, c.metadata.title AS title, c.metadata.classification_fi AS classification_fi, c.metadata.f_term AS f_term, c.summary AS summary, c.claims AS claims, c.metadata.keywords AS doc_keywords, c.metadata.classification_ipc AS classification_ipc, c.metadata.publication_date AS publication_date FROM c WHERE (EXISTS (SELECT VALUE 1 FROM fi IN c.metadata.classification_fi WHERE STARTSWITH(fi, @fi_pref, true)) OR EXISTS (SELECT VALUE 1 FROM ft IN c.metadata.f_term WHERE STARTSWITH(ft, @ft_pref, true)) ) AND (CONTAINS(c.metadata.title, @kw, true) OR CONTAINS(c.summary, @kw, true) OR EXISTS (SELECT VALUE 1 FROM cl IN c.claims WHERE CONTAINS(cl.text, @kw, true))) | params: {""fi_pref"": ""A63F7"", ""ft_pref"": ""2C333EA"", ""kw"": ""表示態様""}"
2021049004,25,遊技機,20210401,"[balanced fi_pref=A63F7 ft_pref=2C333AA kw=表示態様] SELECT c.metadata.patent_id AS patent_id, c.metadata.title AS title, c.metadata.classification_fi AS classification_fi, c.metadata.f_term AS f_term, c.summary AS summary, c.claims AS claims, c.metadata.keywords AS doc_keywords, c.metadata.classification_ipc AS classification_ipc, c.metadata.publication_date AS publication_date FROM c WHERE (EXISTS (SELECT VALUE 1 FROM fi IN c.metadata.classification_fi WHERE STARTSWITH(fi, @fi_pref, true)) OR EXISTS (SELECT VALUE 1 FROM ft IN c.metadata.f_term WHERE STARTSWITH(ft, @ft_pref, true)) ) AND (CONTAINS(c.metadata.title, @kw, true) OR CONTAINS(c.summary, @kw, true) OR EXISTS (SELECT VALUE 1 FROM cl IN c.claims WHERE CONTAINS(cl.text, @kw, true))) | params: {""fi_pref"": ""A63F7"", ""ft_pref"": ""2C333AA"", ""kw"": ""表示態様""} || [balanced fi_pref=A63F7 ft_pref=2C088EA kw=表示態様] SELECT c.metadata.patent_id AS patent_id, c.metadata.title AS title, c.metadata.classification_fi AS classification_fi, c.metadata.f_term AS f_term, c.summary AS summary, c.claims AS claims, c.metadata.keywords AS doc_keywords, c.metadata.classification_ipc AS classification_ipc, c.metadata.publication_date AS publication_date FROM c WHERE (EXISTS (SELECT VALUE 1 FROM fi IN c.metadata.classification_fi WHERE STARTSWITH(fi, @fi_pref, true)) OR EXISTS (SELECT VALUE 1 FROM ft IN c.metadata.f_term WHERE STARTSWITH(ft, @ft_pref, true)) ) AND (CONTAINS(c.metadata.title, @kw, true) OR CONTAINS(c.summary, @kw, true) OR EXISTS (SELECT VALUE 1 FROM cl IN c.claims WHERE CONTAINS(cl.text, @kw, true))) | params: {""fi_pref"": ""A63F7"", ""ft_pref"": ""2C088EA"", ""kw"": ""表示態様""} || [balanced fi_pref=A63F7 ft_pref=2C333EA kw=表示態様] SELECT c.metadata.patent_id AS patent_id, c.metadata.title AS title, c.metadata.classification_fi AS classification_fi, c.metadata.f_term AS f_term, c.summary AS summary, c.claims AS claims, c.metadata.keywords AS doc_keywords, c.metadata.classification_ipc AS classification_ipc, c.metadata.publication_date AS publication_date FROM c WHERE (EXISTS (SELECT VALUE 1 FROM fi IN c.metadata.classification_fi WHERE STARTSWITH(fi, @fi_pref, true)) OR EXISTS (SELECT VALUE 1 FROM ft IN c.metadata.f_term WHERE STARTSWITH(ft, @ft_pref, true)) ) AND (CONTAINS(c.metadata.title, @kw, true) OR CONTAINS(c.summary, @kw, true) OR EXISTS (SELECT VALUE 1 FROM cl IN c.claims WHERE CONTAINS(cl.text, @kw, true))) | params: {""fi_pref"": ""A63F7"", ""ft_pref"": ""2C333EA"", ""kw"": ""表示態様""}"
2020189052,25,遊技機,20201126,"[balanced fi_pref=A63F7 ft_pref=2C333AA kw=表示態様] SELECT c.metadata.patent_id AS patent_id, c.metadata.title AS title, c.metadata.classification_fi AS classification_fi, c.metadata.f_term AS f_term, c.summary AS summary, c.claims AS claims, c.metadata.keywords AS doc_keywords, c.metadata.classification_ipc AS classification_ipc, c.metadata.publication_date AS publication_date FROM c WHERE (EXISTS (SELECT VALUE 1 FROM fi IN c.metadata.classification_fi WHERE STARTSWITH(fi, @fi_pref, true)) OR EXISTS (SELECT VALUE 1 FROM ft IN c.metadata.f_term WHERE STARTSWITH(ft, @ft_pref, true)) ) AND (CONTAINS(c.metadata.title, @kw, true) OR CONTAINS(c.summary, @kw, true) OR EXISTS (SELECT VALUE 1 FROM cl IN c.claims WHERE CONTAINS(cl.text, @kw, true))) | params: {""fi_pref"": ""A63F7"", ""ft_pref"": ""2C333AA"", ""kw"": ""表示態様""} || [balanced fi_pref=A63F7 ft_pref=2C088EA kw=表示態様] SELECT c.metadata.patent_id AS patent_id, c.metadata.title AS title, c.metadata.classification_fi AS classification_fi, c.metadata.f_term AS f_term, c.summary AS summary, c.claims AS claims, c.metadata.keywords AS doc_keywords, c.metadata.classification_ipc AS classification_ipc, c.metadata.publication_date AS publication_date FROM c WHERE (EXISTS (SELECT VALUE 1 FROM fi IN c.metadata.classification_fi WHERE STARTSWITH(fi, @fi_pref, true)) OR EXISTS (SELECT VALUE 1 FROM ft IN c.metadata.f_term WHERE STARTSWITH(ft, @ft_pref, true)) ) AND (CONTAINS(c.metadata.title, @kw, true) OR CONTAINS(c.summary, @kw, true) OR EXISTS (SELECT VALUE 1 FROM cl IN c.claims WHERE CONTAINS(cl.text, @kw, true))) | params: {""fi_pref"": ""A63F7"", ""ft_pref"": ""2C088EA"", ""kw"": ""表示態様""} || [balanced fi_pref=A63F7 ft_pref=2C333EA kw=表示態様] SELECT c.metadata.patent_id AS patent_id, c.metadata.title AS title, c.metadata.classification_fi AS classification_fi, c.metadata.f_term AS f_term, c.summary AS summary, c.claims AS claims, c.metadata.keywords AS doc_keywords, c.metadata.classification_ipc AS classification_ipc, c.metadata.publication_date AS publication_date FROM c WHERE (EXISTS (SELECT VALUE 1 FROM fi IN c.metadata.classification_fi WHERE STARTSWITH(fi, @fi_pref, true)) OR EXISTS (SELECT VALUE 1 FROM ft IN c.metadata.f_term WHERE STARTSWITH(ft, @ft_pref, true)) ) AND (CONTAINS(c.metadata.title, @kw, true) OR CONTAINS(c.summary, @kw, true) OR EXISTS (SELECT VALUE 1 FROM cl IN c.claims WHERE CONTAINS(cl.text, @kw, true))) | params: {""fi_pref"": ""A63F7"", ""ft_pref"": ""2C333EA"", ""kw"": ""表示態様""}"
2021053136,25,遊技機,20210408,"[balanced fi_pref=A63F7 ft_pref=2C333AA kw=表示態様] SELECT c.metadata.patent_id AS patent_id, c.metadata.title AS title, c.metadata.classification_fi AS classification_fi, c.metadata.f_term AS f_term, c.summary AS summary, c.claims AS claims, c.metadata.keywords AS doc_keywords, c.metadata.classification_ipc AS classification_ipc, c.metadata.publication_date AS publication_date FROM c WHERE (EXISTS (SELECT VALUE 1 FROM fi IN c.metadata.classification_fi WHERE STARTSWITH(fi, @fi_pref, true)) OR EXISTS (SELECT VALUE 1 FROM ft IN c.metadata.f_term WHERE STARTSWITH(ft, @ft_pref, true)) ) AND (CONTAINS(c.metadata.title, @kw, true) OR CONTAINS(c.summary, @kw, true) OR EXISTS (SELECT VALUE 1 FROM cl IN c.claims WHERE CONTAINS(cl.text, @kw, true))) | params: {""fi_pref"": ""A63F7"", ""ft_pref"": ""2C333AA"", ""kw"": ""表示態様""} || [balanced fi_pref=A63F7 ft_pref=2C088EA kw=表示態様] SELECT c.metadata.patent_id AS patent_id, c.metadata.title AS title, c.metadata.classification_fi AS classification_fi, c.metadata.f_term AS f_term, c.summary AS summary, c.claims AS claims, c.metadata.keywords AS doc_keywords, c.metadata.classification_ipc AS classification_ipc, c.metadata.publication_date AS publication_date FROM c WHERE (EXISTS (SELECT VALUE 1 FROM fi IN c.metadata.classification_fi WHERE STARTSWITH(fi, @fi_pref, true)) OR EXISTS (SELECT VALUE 1 FROM ft IN c.metadata.f_term WHERE STARTSWITH(ft, @ft_pref, true)) ) AND (CONTAINS(c.metadata.title, @kw, true) OR CONTAINS(c.summary, @kw, true) OR EXISTS (SELECT VALUE 1 FROM cl IN c.claims WHERE CONTAINS(cl.text, @kw, true))) | params: {""fi_pref"": ""A63F7"", ""ft_pref"": ""2C088EA"", ""kw"": ""表示態様""} || [balanced fi_pref=A63F7 ft_pref=2C333EA kw=表示態様] SELECT c.metadata.patent_id AS patent_id, c.metadata.title AS title, c.metadata.classification_fi AS classification_fi, c.metadata.f_term AS f_term, c.summary AS summary, c.claims AS claims, c.metadata.keywords AS doc_keywords, c.metadata.classification_ipc AS classification_ipc, c.metadata.publication_date AS publication_date FROM c WHERE (EXISTS (SELECT VALUE 1 FROM fi IN c.metadata.classification_fi WHERE STARTSWITH(fi, @fi_pref, true)) OR EXISTS (SELECT VALUE 1 FROM ft IN c.metadata.f_term WHERE STARTSWITH(ft, @ft_pref, true)) ) AND (CONTAINS(c.metadata.title, @kw, true) OR CONTAINS(c.summary, @kw, true) OR EXISTS (SELECT VALUE 1 FROM cl IN c.claims WHERE CONTAINS(cl.text, @kw, true))) | params: {""fi_pref"": ""A63F7"", ""ft_pref"": ""2C333EA"", ""kw"": ""表示態様""}"
2020189054,25,遊技機,20201126,"[balanced fi_pref=A63F7 ft_pref=2C333AA kw=表示態様] SELECT c.metadata.patent_id AS patent_id, c.metadata.title AS title, c.metadata.classification_fi AS classification_fi, c.metadata.f_term AS f_term, c.summary AS summary, c.claims AS claims, c.metadata.keywords AS doc_keywords, c.metadata.classification_ipc AS classification_ipc, c.metadata.publication_date AS publication_date FROM c WHERE (EXISTS (SELECT VALUE 1 FROM fi IN c.metadata.classification_fi WHERE STARTSWITH(fi, @fi_pref, true)) OR EXISTS (SELECT VALUE 1 FROM ft IN c.metadata.f_term WHERE STARTSWITH(ft, @ft_pref, true)) ) AND (CONTAINS(c.metadata.title, @kw, true) OR CONTAINS(c.summary, @kw, true) OR EXISTS (SELECT VALUE 1 FROM cl IN c.claims WHERE CONTAINS(cl.text, @kw, true))) | params: {""fi_pref"": ""A63F7"", ""ft_pref"": ""2C333AA"", ""kw"": ""表示態様""} || [balanced fi_pref=A63F7 ft_pref=2C088EA kw=表示態様] SELECT c.metadata.patent_id AS patent_id, c.metadata.title AS title, c.metadata.classification_fi AS classification_fi, c.metadata.f_term AS f_term, c.summary AS summary, c.claims AS claims, c.metadata.keywords AS doc_keywords, c.metadata.classification_ipc AS classification_ipc, c.metadata.publication_date AS publication_date FROM c WHERE (EXISTS (SELECT VALUE 1 FROM fi IN c.metadata.classification_fi WHERE STARTSWITH(fi, @fi_pref, true)) OR EXISTS (SELECT VALUE 1 FROM ft IN c.metadata.f_term WHERE STARTSWITH(ft, @ft_pref, true)) ) AND (CONTAINS(c.metadata.title, @kw, true) OR CONTAINS(c.summary, @kw, true) OR EXISTS (SELECT VALUE 1 FROM cl IN c.claims WHERE CONTAINS(cl.text, @kw, true))) | params: {""fi_pref"": ""A63F7"", ""ft_pref"": ""2C088EA"", ""kw"": ""表示態様""} || [balanced fi_pref=A63F7 ft_pref=2C333EA kw=表示態様] SELECT c.metadata.patent_id AS patent_id, c.metadata.title AS title, c.metadata.classification_fi AS classification_fi, c.metadata.f_term AS f_term, c.summary AS summary, c.claims AS claims, c.metadata.keywords AS doc_keywords, c.metadata.classification_ipc AS classification_ipc, c.metadata.publication_date AS publication_date FROM c WHERE (EXISTS (SELECT VALUE 1 FROM fi IN c.metadata.classification_fi WHERE STARTSWITH(fi, @fi_pref, true)) OR EXISTS (SELECT VALUE 1 FROM ft IN c.metadata.f_term WHERE STARTSWITH(ft, @ft_pref, true)) ) AND (CONTAINS(c.metadata.title, @kw, true) OR CONTAINS(c.summary, @kw, true) OR EXISTS (SELECT VALUE 1 FROM cl IN c.claims WHERE CONTAINS(cl.text, @kw, true))) | params: {""fi_pref"": ""A63F7"", ""ft_pref"": ""2C333EA"", ""kw"": ""表示態様""}"
2021045218,25,遊技機,20210325,"[balanced fi_pref=A63F7 ft_pref=2C333AA kw=表示態様] SELECT c.metadata.patent_id AS patent_id, c.metadata.title AS title, c.metadata.classification_fi AS classification_fi, c.metadata.f_term AS f_term, c.summary AS summary, c.claims AS claims, c.metadata.keywords AS doc_keywords, c.metadata.classification_ipc AS classification_ipc, c.metadata.publication_date AS publication_date FROM c WHERE (EXISTS (SELECT VALUE 1 FROM fi IN c.metadata.classification_fi WHERE STARTSWITH(fi, @fi_pref, true)) OR EXISTS (SELECT VALUE 1 FROM ft IN c.metadata.f_term WHERE STARTSWITH(ft, @ft_pref, true)) ) AND (CONTAINS(c.metadata.title, @kw, true) OR CONTAINS(c.summary, @kw, true) OR EXISTS (SELECT VALUE 1 FROM cl IN c.claims WHERE CONTAINS(cl.text, @kw, true))) | params: {""fi_pref"": ""A63F7"", ""ft_pref"": ""2C333AA"", ""kw"": ""表示態様""} || [balanced fi_pref=A63F7 ft_pref=2C088EA kw=表示態様] SELECT c.metadata.patent_id AS patent_id, c.metadata.title AS title, c.metadata.classification_fi AS classification_fi, c.metadata.f_term AS f_term, c.summary AS summary, c.claims AS claims, c.metadata.keywords AS doc_keywords, c.metadata.classification_ipc AS classification_ipc, c.metadata.publication_date AS publication_date FROM c WHERE (EXISTS (SELECT VALUE 1 FROM fi IN c.metadata.classification_fi WHERE STARTSWITH(fi, @fi_pref, true)) OR EXISTS (SELECT VALUE 1 FROM ft IN c.metadata.f_term WHERE STARTSWITH(ft, @ft_pref, true)) ) AND (CONTAINS(c.metadata.title, @kw, true) OR CONTAINS(c.summary, @kw, true) OR EXISTS (SELECT VALUE 1 FROM cl IN c.claims WHERE CONTAINS(cl.text, @kw, true))) | params: {""fi_pref"": ""A63F7"", ""ft_pref"": ""2C088EA"", ""kw"": ""表示態様""} || [balanced fi_pref=A63F7 ft_pref=2C333EA kw=表示態様] SELECT c.metadata.patent_id AS patent_id, c.metadata.title AS title, c.metadata.classification_fi AS classification_fi, c.metadata.f_term AS f_term, c.summary AS summary, c.claims AS claims, c.metadata.keywords AS doc_keywords, c.metadata.classification_ipc AS classification_ipc, c.metadata.publication_date AS publication_date FROM c WHERE (EXISTS (SELECT VALUE 1 FROM fi IN c.metadata.classification_fi WHERE STARTSWITH(fi, @fi_pref, true)) OR EXISTS (SELECT VALUE 1 FROM ft IN c.metadata.f_term WHERE STARTSWITH(ft, @ft_pref, true)) ) AND (CONTAINS(c.metadata.title, @kw, true) OR CONTAINS(c.summary, @kw, true) OR EXISTS (SELECT VALUE 1 FROM cl IN c.claims WHERE CONTAINS(cl.text, @kw, true))) | params: {""fi_pref"": ""A63F7"", ""ft_pref"": ""2C333EA"", ""kw"": ""表示態様""}"
2020189053,25,遊技機,20201126,"[balanced fi_pref=A63F7 ft_pref=2C333AA kw=表示態様] SELECT c.metadata.patent_id AS patent_id, c.metadata.title AS title, c.metadata.classification_fi AS classification_fi, c.metadata.f_term AS f_term, c.summary AS summary, c.claims AS claims, c.metadata.keywords AS doc_keywords, c.metadata.classification_ipc AS classification_ipc, c.metadata.publication_date AS publication_date FROM c WHERE (EXISTS (SELECT VALUE 1 FROM fi IN c.metadata.classification_fi WHERE STARTSWITH(fi, @fi_pref, true)) OR EXISTS (SELECT VALUE 1 FROM ft IN c.metadata.f_term WHERE STARTSWITH(ft, @ft_pref, true)) ) AND (CONTAINS(c.metadata.title, @kw, true) OR CONTAINS(c.summary, @kw, true) OR EXISTS (SELECT VALUE 1 FROM cl IN c.claims WHERE CONTAINS(cl.text, @kw, true))) | params: {""fi_pref"": ""A63F7"", ""ft_pref"": ""2C333AA"", ""kw"": ""表示態様""} || [balanced fi_pref=A63F7 ft_pref=2C088EA kw=表示態様] SELECT c.metadata.patent_id AS patent_id, c.metadata.title AS title, c.metadata.classification_fi AS classification_fi, c.metadata.f_term AS f_term, c.summary AS summary, c.claims AS claims, c.metadata.keywords AS doc_keywords, c.metadata.classification_ipc AS classification_ipc, c.metadata.publication_date AS publication_date FROM c WHERE (EXISTS (SELECT VALUE 1 FROM fi IN c.metadata.classification_fi WHERE STARTSWITH(fi, @fi_pref, true)) OR EXISTS (SELECT VALUE 1 FROM ft IN c.metadata.f_term WHERE STARTSWITH(ft, @ft_pref, true)) ) AND (CONTAINS(c.metadata.title, @kw, true) OR CONTAINS(c.summary, @kw, true) OR EXISTS (SELECT VALUE 1 FROM cl IN c.claims WHERE CONTAINS(cl.text, @kw, true))) | params: {""fi_pref"": ""A63F7"", ""ft_pref"": ""2C088EA"", ""kw"": ""表示態様""} || [balanced fi_pref=A63F7 ft_pref=2C333EA kw=表示態様] SELECT c.metadata.patent_id AS patent_id, c.metadata.title AS title, c.metadata.classification_fi AS classification_fi, c.metadata.f_term AS f_term, c.summary AS summary, c.claims AS claims, c.metadata.keywords AS doc_keywords, c.metadata.classification_ipc AS classification_ipc, c.metadata.publication_date AS publication_date FROM c WHERE (EXISTS (SELECT VALUE 1 FROM fi IN c.metadata.classification_fi WHERE STARTSWITH(fi, @fi_pref, true)) OR EXISTS (SELECT VALUE 1 FROM ft IN c.metadata.f_term WHERE STARTSWITH(ft, @ft_pref, true)) ) AND (CONTAINS(c.metadata.title, @kw, true) OR CONTAINS(c.summary, @kw, true) OR EXISTS (SELECT VALUE 1 FROM cl IN c.claims WHERE CONTAINS(cl.text, @kw, true))) | params: {""fi_pref"": ""A63F7"", ""ft_pref"": ""2C333EA"", ""kw"": ""表示態様""}"
2020185241,25,遊技機,20201119,"[balanced fi_pref=A63F7 ft_pref=2C333AA kw=表示態様] SELECT c.metadata.patent_id AS patent_id, c.metadata.title AS title, c.metadata.classification_fi AS classification_fi, c.metadata.f_term AS f_term, c.summary AS summary, c.claims AS claims, c.metadata.keywords AS doc_keywords, c.metadata.classification_ipc AS classification_ipc, c.metadata.publication_date AS publication_date FROM c WHERE (EXISTS (SELECT VALUE 1 FROM fi IN c.metadata.classification_fi WHERE STARTSWITH(fi, @fi_pref, true)) OR EXISTS (SELECT VALUE 1 FROM ft IN c.metadata.f_term WHERE STARTSWITH(ft, @ft_pref, true)) ) AND (CONTAINS(c.metadata.title, @kw, true) OR CONTAINS(c.summary, @kw, true) OR EXISTS (SELECT VALUE 1 FROM cl IN c.claims WHERE CONTAINS(cl.text, @kw, true))) | params: {""fi_pref"": ""A63F7"", ""ft_pref"": ""2C333AA"", ""kw"": ""表示態様""} || [balanced fi_pref=A63F7 ft_pref=2C088EA kw=表示態様] SELECT c.metadata.patent_id AS patent_id, c.metadata.title AS title, c.metadata.classification_fi AS classification_fi, c.metadata.f_term AS f_term, c.summary AS summary, c.claims AS claims, c.metadata.keywords AS doc_keywords, c.metadata.classification_ipc AS classification_ipc, c.metadata.publication_date AS publication_date FROM c WHERE (EXISTS (SELECT VALUE 1 FROM fi IN c.metadata.classification_fi WHERE STARTSWITH(fi, @fi_pref, true)) OR EXISTS (SELECT VALUE 1 FROM ft IN c.metadata.f_term WHERE STARTSWITH(ft, @ft_pref, true)) ) AND (CONTAINS(c.metadata.title, @kw, true) OR CONTAINS(c.summary, @kw, true) OR EXISTS (SELECT VALUE 1 FROM cl IN c.claims WHERE CONTAINS(cl.text, @kw, true))) | params: {""fi_pref"": ""A63F7"", ""ft_pref"": ""2C088EA"", ""kw"": ""表示態様""} || [balanced fi_pref=A63F7 ft_pref=2C333EA kw=表示態様] SELECT c.metadata.patent_id AS patent_id, c.metadata.title AS title, c.metadata.classification_fi AS classification_fi, c.metadata.f_term AS f_term, c.summary AS summary, c.claims AS claims, c.metadata.keywords AS doc_keywords, c.metadata.classification_ipc AS classification_ipc, c.metadata.publication_date AS publication_date FROM c WHERE (EXISTS (SELECT VALUE 1 FROM fi IN c.metadata.classification_fi WHERE STARTSWITH(fi, @fi_pref, true)) OR EXISTS (SELECT VALUE 1 FROM ft IN c.metadata.f_term WHERE STARTSWITH(ft, @ft_pref, true)) ) AND (CONTAINS(c.metadata.title, @kw, true) OR CONTAINS(c.summary, @kw, true) OR EXISTS (SELECT VALUE 1 FROM cl IN c.claims WHERE CONTAINS(cl.text, @kw, true))) | params: {""fi_pref"": ""A63F7"", ""ft_pref"": ""2C333EA"", ""kw"": ""表示態様""}"
2021053044,25,遊技機,20210408,"[balanced fi_pref=A63F7 ft_pref=2C333AA kw=表示態様] SELECT c.metadata.patent_id AS patent_id, c.metadata.title AS title, c.metadata.classification_fi AS classification_fi, c.metadata.f_term AS f_term, c.summary AS summary, c.claims AS claims, c.metadata.keywords AS doc_keywords, c.metadata.classification_ipc AS classification_ipc, c.metadata.publication_date AS publication_date FROM c WHERE (EXISTS (SELECT VALUE 1 FROM fi IN c.metadata.classification_fi WHERE STARTSWITH(fi, @fi_pref, true)) OR EXISTS (SELECT VALUE 1 FROM ft IN c.metadata.f_term WHERE STARTSWITH(ft, @ft_pref, true)) ) AND (CONTAINS(c.metadata.title, @kw, true) OR CONTAINS(c.summary, @kw, true) OR EXISTS (SELECT VALUE 1 FROM cl IN c.claims WHERE CONTAINS(cl.text, @kw, true))) | params: {""fi_pref"": ""A63F7"", ""ft_pref"": ""2C333AA"", ""kw"": ""表示態様""} || [balanced fi_pref=A63F7 ft_pref=2C088EA kw=表示態様] SELECT c.metadata.patent_id AS patent_id, c.metadata.title AS title, c.metadata.classification_fi AS classification_fi, c.metadata.f_term AS f_term, c.summary AS summary, c.claims AS claims, c.metadata.keywords AS doc_keywords, c.metadata.classification_ipc AS classification_ipc, c.metadata.publication_date AS publication_date FROM c WHERE (EXISTS (SELECT VALUE 1 FROM fi IN c.metadata.classification_fi WHERE STARTSWITH(fi, @fi_pref, true)) OR EXISTS (SELECT VALUE 1 FROM ft IN c.metadata.f_term WHERE STARTSWITH(ft, @ft_pref, true)) ) AND (CONTAINS(c.metadata.title, @kw, true) OR CONTAINS(c.summary, @kw, true) OR EXISTS (SELECT VALUE 1 FROM cl IN c.claims WHERE CONTAINS(cl.text, @kw, true))) | params: {""fi_pref"": ""A63F7"", ""ft_pref"": ""2C088EA"", ""kw"": ""表示態様""} || [balanced fi_pref=A63F7 ft_pref=2C333EA kw=表示態様] SELECT c.metadata.patent_id AS patent_id, c.metadata.title AS title, c.metadata.classification_fi AS classification_fi, c.metadata.f_term AS f_term, c.summary AS summary, c.claims AS claims, c.metadata.keywords AS doc_keywords, c.metadata.classification_ipc AS classification_ipc, c.metadata.publication_date AS publication_date FROM c WHERE (EXISTS (SELECT VALUE 1 FROM fi IN c.metadata.classification_fi WHERE STARTSWITH(fi, @fi_pref, true)) OR EXISTS (SELECT VALUE 1 FROM ft IN c.metadata.f_term WHERE STARTSWITH(ft, @ft_pref, true)) ) AND (CONTAINS(c.metadata.title, @kw, true) OR CONTAINS(c.summary, @kw, true) OR EXISTS (SELECT VALUE 1 FROM cl IN c.claims WHERE CONTAINS(cl.text, @kw, true))) | params: {""fi_pref"": ""A63F7"", ""ft_pref"": ""2C333EA"", ""kw"": ""表示態様""}"
2020195484,25,遊技機,20201210,"[balanced fi_pref=A63F7 ft_pref=2C333AA kw=遊技性] SELECT c.metadata.patent_id AS patent_id, c.metadata.title AS title, c.metadata.classification_fi AS classification_fi, c.metadata.f_term AS f_term, c.summary AS summary, c.claims AS claims, c.metadata.keywords AS doc_keywords, c.metadata.classification_ipc AS classification_ipc, c.metadata.publication_date AS publication_date FROM c WHERE (EXISTS (SELECT VALUE 1 FROM fi IN c.metadata.classification_fi WHERE STARTSWITH(fi, @fi_pref, true)) OR EXISTS (SELECT VALUE 1 FROM ft IN c.metadata.f_term WHERE STARTSWITH(ft, @ft_pref, true)) ) AND (CONTAINS(c.metadata.title, @kw, true) OR CONTAINS(c.summary, @kw, true) OR EXISTS (SELECT VALUE 1 FROM cl IN c.claims WHERE CONTAINS(cl.text, @kw, true))) | params: {""fi_pref"": ""A63F7"", ""ft_pref"": ""2C333AA"", ""kw"": ""遊技性""} || [balanced fi_pref=A63F7 ft_pref=2C088EA kw=遊技性] SELECT c.metadata.patent_id AS patent_id, c.metadata.title AS title, c.metadata.classification_fi AS classification_fi, c.metadata.f_term AS f_term, c.summary AS summary, c.claims AS claims, c.metadata.keywords AS doc_keywords, c.metadata.classification_ipc AS classification_ipc, c.metadata.publication_date AS publication_date FROM c WHERE (EXISTS (SELECT VALUE 1 FROM fi IN c.metadata.classification_fi WHERE STARTSWITH(fi, @fi_pref, true)) OR EXISTS (SELECT VALUE 1 FROM ft IN c.metadata.f_term WHERE STARTSWITH(ft, @ft_pref, true)) ) AND (CONTAINS(c.metadata.title, @kw, true) OR CONTAINS(c.summary, @kw, true) OR EXISTS (SELECT VALUE 1 FROM cl IN c.claims WHERE CONTAINS(cl.text, @kw, true))) | params: {""fi_pref"": ""A63F7"", ""ft_pref"": ""2C088EA"", ""kw"": ""遊技性""} || [balanced fi_pref=A63F7 ft_pref=2C333EA kw=遊技性] SELECT c.metadata.patent_id AS patent_id, c.metadata.title AS title, c.metadata.classification_fi AS classification_fi, c.metadata.f_term AS f_term, c.summary AS summary, c.claims AS claims, c.metadata.keywords AS doc_keywords, c.metadata.classification_ipc AS classification_ipc, c.metadata.publication_date AS publication_date FROM c WHERE (EXISTS (SELECT VALUE 1 FROM fi IN c.metadata.classification_fi WHERE STARTSWITH(fi, @fi_pref, true)) OR EXISTS (SELECT VALUE 1 FROM ft IN c.metadata.f_term WHERE STARTSWITH(ft, @ft_pref, true)) ) AND (CONTAINS(c.metadata.title, @kw, true) OR CONTAINS(c.summary, @kw, true) OR EXISTS (SELECT VALUE 1 FROM cl IN c.claims WHERE CONTAINS(cl.text, @kw, true))) | params: {""fi_pref"": ""A63F7"", ""ft_pref"": ""2C333EA"", ""kw"": ""遊技性""} || [broad fi_pref=A63F7 ft_pref=2C333AA kw=遊技進行状態] SELECT c.metadata.patent_id AS patent_id, c.metadata.title AS title, c.metadata.classification_fi AS classification_fi, c.metadata.f_term AS f_term, c.summary AS summary, c.claims AS claims, c.metadata.keywords AS doc_keywords, c.metadata.classification_ipc AS classification_ipc, c.metadata.publication_date AS publication_date FROM c WHERE EXISTS (SELECT VALUE 1 FROM fi IN c.metadata.classification_fi WHERE STARTSWITH(fi, @fi_pref, true)) OR EXISTS (SELECT VALUE 1 FROM ft IN c.metadata.f_term WHERE STARTSWITH(ft, @ft_pref, true)) OR CONTAINS(c.metadata.title, @kw, true) | params: {""fi_pref"": ""A63F7"", ""ft_pref"": ""2C333AA"", ""kw"": ""遊技進行状態""}"
2020141948,25,遊技機,20200910,"[balanced fi_pref=A63F7 ft_pref=2C333AA kw=遊技性] SELECT c.metadata.patent_id AS patent_id, c.metadata.title AS title, c.metadata.classification_fi AS classification_fi, c.metadata.f_term AS f_term, c.summary AS summary, c.claims AS claims, c.metadata.keywords AS doc_keywords, c.metadata.classification_ipc AS classification_ipc, c.metadata.publication_date AS publication_date FROM c WHERE (EXISTS (SELECT VALUE 1 FROM fi IN c.metadata.classification_fi WHERE STARTSWITH(fi, @fi_pref, true)) OR EXISTS (SELECT VALUE 1 FROM ft IN c.metadata.f_term WHERE STARTSWITH(ft, @ft_pref, true)) ) AND (CONTAINS(c.metadata.title, @kw, true) OR CONTAINS(c.summary, @kw, true) OR EXISTS (SELECT VALUE 1 FROM cl IN c.claims WHERE CONTAINS(cl.text, @kw, true))) | params: {""fi_pref"": ""A63F7"", ""ft_pref"": ""2C333AA"", ""kw"": ""遊技性""} || [balanced fi_pref=A63F7 ft_pref=2C088EA kw=遊技性] SELECT c.metadata.patent_id AS patent_id, c.metadata.title AS title, c.metadata.classification_fi AS classification_fi, c.metadata.f_term AS f_term, c.summary AS summary, c.claims AS claims, c.metadata.keywords AS doc_keywords, c.metadata.classification_ipc AS classification_ipc, c.metadata.publication_date AS publication_date FROM c WHERE (EXISTS (SELECT VALUE 1 FROM fi IN c.metadata.classification_fi WHERE STARTSWITH(fi, @fi_pref, true)) OR EXISTS (SELECT VALUE 1 FROM ft IN c.metadata.f_term WHERE STARTSWITH(ft, @ft_pref, true)) ) AND (CONTAINS(c.metadata.title, @kw, true) OR CONTAINS(c.summary, @kw, true) OR EXISTS (SELECT VALUE 1 FROM cl IN c.claims WHERE CONTAINS(cl.text, @kw, true))) | params: {""fi_pref"": ""A63F7"", ""ft_pref"": ""2C088EA"", ""kw"": ""遊技性""} || [balanced fi_pref=A63F7 ft_pref=2C333EA kw=遊技性] SELECT c.metadata.patent_id AS patent_id, c.metadata.title AS title, c.metadata.classification_fi AS classification_fi, c.metadata.f_term AS f_term, c.summary AS summary, c.claims AS claims, c.metadata.keywords AS doc_keywords, c.metadata.classification_ipc AS classification_ipc, c.metadata.publication_date AS publication_date FROM c WHERE (EXISTS (SELECT VALUE 1 FROM fi IN c.metadata.classification_fi WHERE STARTSWITH(fi, @fi_pref, true)) OR EXISTS (SELECT VALUE 1 FROM ft IN c.metadata.f_term WHERE STARTSWITH(ft, @ft_pref, true)) ) AND (CONTAINS(c.metadata.title, @kw, true) OR CONTAINS(c.summary, @kw, true) OR EXISTS (SELECT VALUE 1 FROM cl IN c.claims WHERE CONTAINS(cl.text, @kw, true))) | params: {""fi_pref"": ""A63F7"", ""ft_pref"": ""2C333EA"", ""kw"": ""遊技性""}"
2021053015,25,遊技機,20210408,"[balanced fi_pref=A63F7 ft_pref=2C333AA kw=遊技性] SELECT c.metadata.patent_id AS patent_id, c.metadata.title AS title, c.metadata.classification_fi AS classification_fi, c.metadata.f_term AS f_term, c.summary AS summary, c.claims AS claims, c.metadata.keywords AS doc_keywords, c.metadata.classification_ipc AS classification_ipc, c.metadata.publication_date AS publication_date FROM c WHERE (EXISTS (SELECT VALUE 1 FROM fi IN c.metadata.classification_fi WHERE STARTSWITH(fi, @fi_pref, true)) OR EXISTS (SELECT VALUE 1 FROM ft IN c.metadata.f_term WHERE STARTSWITH(ft, @ft_pref, true)) ) AND (CONTAINS(c.metadata.title, @kw, true) OR CONTAINS(c.summary, @kw, true) OR EXISTS (SELECT VALUE 1 FROM cl IN c.claims WHERE CONTAINS(cl.text, @kw, true))) | params: {""fi_pref"": ""A63F7"", ""ft_pref"": ""2C333AA"", ""kw"": ""遊技性""} || [balanced fi_pref=A63F7 ft_pref=2C088EA kw=遊技性] SELECT c.metadata.patent_id AS patent_id, c.metadata.title AS title, c.metadata.classification_fi AS classification_fi, c.metadata.f_term AS f_term, c.summary AS summary, c.claims AS claims, c.metadata.keywords AS doc_keywords, c.metadata.classification_ipc AS classification_ipc, c.metadata.publication_date AS publication_date FROM c WHERE (EXISTS (SELECT VALUE 1 FROM fi IN c.metadata.classification_fi WHERE STARTSWITH(fi, @fi_pref, true)) OR EXISTS (SELECT VALUE 1 FROM ft IN c.metadata.f_term WHERE STARTSWITH(ft, @ft_pref, true)) ) AND (CONTAINS(c.metadata.title, @kw, true) OR CONTAINS(c.summary, @kw, true) OR EXISTS (SELECT VALUE 1 FROM cl IN c.claims WHERE CONTAINS(cl.text, @kw, true))) | params: {""fi_pref"": ""A63F7"", ""ft_pref"": ""2C088EA"", ""kw"": ""遊技性""} || [balanced fi_pref=A63F7 ft_pref=2C333EA kw=遊技性] SELECT c.metadata.patent_id AS patent_id, c.metadata.title AS title, c.metadata.classification_fi AS classification_fi, c.metadata.f_term AS f_term, c.summary AS summary, c.claims AS claims, c.metadata.keywords AS doc_keywords, c.metadata.classification_ipc AS classification_ipc, c.metadata.publication_date AS publication_date FROM c WHERE (EXISTS (SELECT VALUE 1 FROM fi IN c.metadata.classification_fi WHERE STARTSWITH(fi, @fi_pref, true)) OR EXISTS (SELECT VALUE 1 FROM ft IN c.metadata.f_term WHERE STARTSWITH(ft, @ft_pref, true)) ) AND (CONTAINS(c.metadata.title, @kw, true) OR CONTAINS(c.summary, @kw, true) OR EXISTS (SELECT VALUE 1 FROM cl IN c.claims WHERE CONTAINS(cl.text, @kw, true))) | params: {""fi_pref"": ""A63F7"", ""ft_pref"": ""2C333EA"", ""kw"": ""遊技性""}"
2020185341,25,遊技機,20201119,"[balanced fi_pref=A63F7 ft_pref=2C333AA kw=遊技性] SELECT c.metadata.patent_id AS patent_id, c.metadata.title AS title, c.metadata.classification_fi AS classification_fi, c.metadata.f_term AS f_term, c.summary AS summary, c.claims AS claims, c.metadata.keywords AS doc_keywords, c.metadata.classification_ipc AS classification_ipc, c.metadata.publication_date AS publication_date FROM c WHERE (EXISTS (SELECT VALUE 1 FROM fi IN c.metadata.classification_fi WHERE STARTSWITH(fi, @fi_pref, true)) OR EXISTS (SELECT VALUE 1 FROM ft IN c.metadata.f_term WHERE STARTSWITH(ft, @ft_pref, true)) ) AND (CONTAINS(c.metadata.title, @kw, true) OR CONTAINS(c.summary, @kw, true) OR EXISTS (SELECT VALUE 1 FROM cl IN c.claims WHERE CONTAINS(cl.text, @kw, true))) | params: {""fi_pref"": ""A63F7"", ""ft_pref"": ""2C333AA"", ""kw"": ""遊技性""} || [balanced fi_pref=A63F7 ft_pref=2C088EA kw=遊技性] SELECT c.metadata.patent_id AS patent_id, c.metadata.title AS title, c.metadata.classification_fi AS classification_fi, c.metadata.f_term AS f_term, c.summary AS summary, c.claims AS claims, c.metadata.keywords AS doc_keywords, c.metadata.classification_ipc AS classification_ipc, c.metadata.publication_date AS publication_date FROM c WHERE (EXISTS (SELECT VALUE 1 FROM fi IN c.metadata.classification_fi WHERE STARTSWITH(fi, @fi_pref, true)) OR EXISTS (SELECT VALUE 1 FROM ft IN c.metadata.f_term WHERE STARTSWITH(ft, @ft_pref, true)) ) AND (CONTAINS(c.metadata.title, @kw, true) OR CONTAINS(c.summary, @kw, true) OR EXISTS (SELECT VALUE 1 FROM cl IN c.claims WHERE CONTAINS(cl.text, @kw, true))) | params: {""fi_pref"": ""A63F7"", ""ft_pref"": ""2C088EA"", ""kw"": ""遊技性""} || [balanced fi_pref=A63F7 ft_pref=2C333EA kw=遊技性] SELECT c.metadata.patent_id AS patent_id, c.metadata.title AS title, c.metadata.classification_fi AS classification_fi, c.metadata.f_term AS f_term, c.summary AS summary, c.claims AS claims, c.metadata.keywords AS doc_keywords, c.metadata.classification_ipc AS classification_ipc, c.metadata.publication_date AS publication_date FROM c WHERE (EXISTS (SELECT VALUE 1 FROM fi IN c.metadata.classification_fi WHERE STARTSWITH(fi, @fi_pref, true)) OR EXISTS (SELECT VALUE 1 FROM ft IN c.metadata.f_term WHERE STARTSWITH(ft, @ft_pref, true)) ) AND (CONTAINS(c.metadata.title, @kw, true) OR CONTAINS(c.summary, @kw, true) OR EXISTS (SELECT VALUE 1 FROM cl IN c.claims WHERE CONTAINS(cl.text, @kw, true))) | params: {""fi_pref"": ""A63F7"", ""ft_pref"": ""2C333EA"", ""kw"": ""遊技性""}"
2020137679,25,遊技機,20200903,"[balanced fi_pref=A63F7 ft_pref=2C333AA kw=遊技性] SELECT c.metadata.patent_id AS patent_id, c.metadata.title AS title, c.metadata.classification_fi AS classification_fi, c.metadata.f_term AS f_term, c.summary AS summary, c.claims AS claims, c.metadata.keywords AS doc_keywords, c.metadata.classification_ipc AS classification_ipc, c.metadata.publication_date AS publication_date FROM c WHERE (EXISTS (SELECT VALUE 1 FROM fi IN c.metadata.classification_fi WHERE STARTSWITH(fi, @fi_pref, true)) OR EXISTS (SELECT VALUE 1 FROM ft IN c.metadata.f_term WHERE STARTSWITH(ft, @ft_pref, true)) ) AND (CONTAINS(c.metadata.title, @kw, true) OR CONTAINS(c.summary, @kw, true) OR EXISTS (SELECT VALUE 1 FROM cl IN c.claims WHERE CONTAINS(cl.text, @kw, true))) | params: {""fi_pref"": ""A63F7"", ""ft_pref"": ""2C333AA"", ""kw"": ""遊技性""} || [balanced fi_pref=A63F7 ft_pref=2C088EA kw=遊技性] SELECT c.metadata.patent_id AS patent_id, c.metadata.title AS title, c.metadata.classification_fi AS classification_fi, c.metadata.f_term AS f_term, c.summary AS summary, c.claims AS claims, c.metadata.keywords AS doc_keywords, c.metadata.classification_ipc AS classification_ipc, c.metadata.publication_date AS publication_date FROM c WHERE (EXISTS (SELECT VALUE 1 FROM fi IN c.metadata.classification_fi WHERE STARTSWITH(fi, @fi_pref, true)) OR EXISTS (SELECT VALUE 1 FROM ft IN c.metadata.f_term WHERE STARTSWITH(ft, @ft_pref, true)) ) AND (CONTAINS(c.metadata.title, @kw, true) OR CONTAINS(c.summary, @kw, true) OR EXISTS (SELECT VALUE 1 FROM cl IN c.claims WHERE CONTAINS(cl.text, @kw, true))) | params: {""fi_pref"": ""A63F7"", ""ft_pref"": ""2C088EA"", ""kw"": ""遊技性""} || [balanced fi_pref=A63F7 ft_pref=2C333EA kw=遊技性] SELECT c.metadata.patent_id AS patent_id, c.metadata.title AS title, c.metadata.classification_fi AS classification_fi, c.metadata.f_term AS f_term, c.summary AS summary, c.claims AS claims, c.metadata.keywords AS doc_keywords, c.metadata.classification_ipc AS classification_ipc, c.metadata.publication_date AS publication_date FROM c WHERE (EXISTS (SELECT VALUE 1 FROM fi IN c.metadata.classification_fi WHERE STARTSWITH(fi, @fi_pref, true)) OR EXISTS (SELECT VALUE 1 FROM ft IN c.metadata.f_term WHERE STARTSWITH(ft, @ft_pref, true)) ) AND (CONTAINS(c.metadata.title, @kw, true) OR CONTAINS(c.summary, @kw, true) OR EXISTS (SELECT VALUE 1 FROM cl IN c.claims WHERE CONTAINS(cl.text, @kw, true))) | params: {""fi_pref"": ""A63F7"", ""ft_pref"": ""2C333EA"", ""kw"": ""遊技性""}"
2021137064,25,遊技機,20210916,"[balanced fi_pref=A63F7 ft_pref=2C333AA kw=遊技性] SELECT c.metadata.patent_id AS patent_id, c.metadata.title AS title, c.metadata.classification_fi AS classification_fi, c.metadata.f_term AS f_term, c.summary AS summary, c.claims AS claims, c.metadata.keywords AS doc_keywords, c.metadata.classification_ipc AS classification_ipc, c.metadata.publication_date AS publication_date FROM c WHERE (EXISTS (SELECT VALUE 1 FROM fi IN c.metadata.classification_fi WHERE STARTSWITH(fi, @fi_pref, true)) OR EXISTS (SELECT VALUE 1 FROM ft IN c.metadata.f_term WHERE STARTSWITH(ft, @ft_pref, true)) ) AND (CONTAINS(c.metadata.title, @kw, true) OR CONTAINS(c.summary, @kw, true) OR EXISTS (SELECT VALUE 1 FROM cl IN c.claims WHERE CONTAINS(cl.text, @kw, true))) | params: {""fi_pref"": ""A63F7"", ""ft_pref"": ""2C333AA"", ""kw"": ""遊技性""} || [balanced fi_pref=A63F7 ft_pref=2C088EA kw=遊技性] SELECT c.metadata.patent_id AS patent_id, c.metadata.title AS title, c.metadata.classification_fi AS classification_fi, c.metadata.f_term AS f_term, c.summary AS summary, c.claims AS claims, c.metadata.keywords AS doc_keywords, c.metadata.classification_ipc AS classification_ipc, c.metadata.publication_date AS publication_date FROM c WHERE (EXISTS (SELECT VALUE 1 FROM fi IN c.metadata.classification_fi WHERE STARTSWITH(fi, @fi_pref, true)) OR EXISTS (SELECT VALUE 1 FROM ft IN c.metadata.f_term WHERE STARTSWITH(ft, @ft_pref, true)) ) AND (CONTAINS(c.metadata.title, @kw, true) OR CONTAINS(c.summary, @kw, true) OR EXISTS (SELECT VALUE 1 FROM cl IN c.claims WHERE CONTAINS(cl.text, @kw, true))) | params: {""fi_pref"": ""A63F7"", ""ft_pref"": ""2C088EA"", ""kw"": ""遊技性""} || [balanced fi_pref=A63F7 ft_pref=2C333EA kw=遊技性] SELECT c.metadata.patent_id AS patent_id, c.metadata.title AS title, c.metadata.classification_fi AS classification_fi, c.metadata.f_term AS f_term, c.summary AS summary, c.claims AS claims, c.metadata.keywords AS doc_keywords, c.metadata.classification_ipc AS classification_ipc, c.metadata.publication_date AS publication_date FROM c WHERE (EXISTS (SELECT VALUE 1 FROM fi IN c.metadata.classification_fi WHERE STARTSWITH(fi, @fi_pref, true)) OR EXISTS (SELECT VALUE 1 FROM ft IN c.metadata.f_term WHERE STARTSWITH(ft, @ft_pref, true)) ) AND (CONTAINS(c.metadata.title, @kw, true) OR CONTAINS(c.summary, @kw, true) OR EXISTS (SELECT VALUE 1 FROM cl IN c.claims WHERE CONTAINS(cl.text, @kw, true))) | params: {""fi_pref"": ""A63F7"", ""ft_pref"": ""2C333EA"", ""kw"": ""遊技性""}"
2020081706,25,遊技機,20200604,"[balanced fi_pref=A63F7 ft_pref=2C333AA kw=遊技性] SELECT c.metadata.patent_id AS patent_id, c.metadata.title AS title, c.metadata.classification_fi AS classification_fi, c.metadata.f_term AS f_term, c.summary AS summary, c.claims AS claims, c.metadata.keywords AS doc_keywords, c.metadata.classification_ipc AS classification_ipc, c.metadata.publication_date AS publication_date FROM c WHERE (EXISTS (SELECT VALUE 1 FROM fi IN c.metadata.classification_fi WHERE STARTSWITH(fi, @fi_pref, true)) OR EXISTS (SELECT VALUE 1 FROM ft IN c.metadata.f_term WHERE STARTSWITH(ft, @ft_pref, true)) ) AND (CONTAINS(c.metadata.title, @kw, true) OR CONTAINS(c.summary, @kw, true) OR EXISTS (SELECT VALUE 1 FROM cl IN c.claims WHERE CONTAINS(cl.text, @kw, true))) | params: {""fi_pref"": ""A63F7"", ""ft_pref"": ""2C333AA"", ""kw"": ""遊技性""} || [balanced fi_pref=A63F7 ft_pref=2C088EA kw=遊技性] SELECT c.metadata.patent_id AS patent_id, c.metadata.title AS title, c.metadata.classification_fi AS classification_fi, c.metadata.f_term AS f_term, c.summary AS summary, c.claims AS claims, c.metadata.keywords AS doc_keywords, c.metadata.classification_ipc AS classification_ipc, c.metadata.publication_date AS publication_date FROM c WHERE (EXISTS (SELECT VALUE 1 FROM fi IN c.metadata.classification_fi WHERE STARTSWITH(fi, @fi_pref, true)) OR EXISTS (SELECT VALUE 1 FROM ft IN c.metadata.f_term WHERE STARTSWITH(ft, @ft_pref, true)) ) AND (CONTAINS(c.metadata.title, @kw, true) OR CONTAINS(c.summary, @kw, true) OR EXISTS (SELECT VALUE 1 FROM cl IN c.claims WHERE CONTAINS(cl.text, @kw, true))) | params: {""fi_pref"": ""A63F7"", ""ft_pref"": ""2C088EA"", ""kw"": ""遊技性""} || [balanced fi_pref=A63F7 ft_pref=2C333EA kw=遊技性] SELECT c.metadata.patent_id AS patent_id, c.metadata.title AS title, c.metadata.classification_fi AS classification_fi, c.metadata.f_term AS f_term, c.summary AS summary, c.claims AS claims, c.metadata.keywords AS doc_keywords, c.metadata.classification_ipc AS classification_ipc, c.metadata.publication_date AS publication_date FROM c WHERE (EXISTS (SELECT VALUE 1 FROM fi IN c.metadata.classification_fi WHERE STARTSWITH(fi, @fi_pref, true)) OR EXISTS (SELECT VALUE 1 FROM ft IN c.metadata.f_term WHERE STARTSWITH(ft, @ft_pref, true)) ) AND (CONTAINS(c.metadata.title, @kw, true) OR CONTAINS(c.summary, @kw, true) OR EXISTS (SELECT VALUE 1 FROM cl IN c.claims WHERE CONTAINS(cl.text, @kw, true))) | params: {""fi_pref"": ""A63F7"", ""ft_pref"": ""2C333EA"", ""kw"": ""遊技性""}"
2021151544,25,遊技機,20210930,"[balanced fi_pref=A63F7 ft_pref=2C333AA kw=遊技性] SELECT c.metadata.patent_id AS patent_id, c.metadata.title AS title, c.metadata.classification_fi AS classification_fi, c.metadata.f_term AS f_term, c.summary AS summary, c.claims AS claims, c.metadata.keywords AS doc_keywords, c.metadata.classification_ipc AS classification_ipc, c.metadata.publication_date AS publication_date FROM c WHERE (EXISTS (SELECT VALUE 1 FROM fi IN c.metadata.classification_fi WHERE STARTSWITH(fi, @fi_pref, true)) OR EXISTS (SELECT VALUE 1 FROM ft IN c.metadata.f_term WHERE STARTSWITH(ft, @ft_pref, true)) ) AND (CONTAINS(c.metadata.title, @kw, true) OR CONTAINS(c.summary, @kw, true) OR EXISTS (SELECT VALUE 1 FROM cl IN c.claims WHERE CONTAINS(cl.text, @kw, true))) | params: {""fi_pref"": ""A63F7"", ""ft_pref"": ""2C333AA"", ""kw"": ""遊技性""} || [balanced fi_pref=A63F7 ft_pref=2C088EA kw=遊技性] SELECT c.metadata.patent_id AS patent_id, c.metadata.title AS title, c.metadata.classification_fi AS classification_fi, c.metadata.f_term AS f_term, c.summary AS summary, c.claims AS claims, c.metadata.keywords AS doc_keywords, c.metadata.classification_ipc AS classification_ipc, c.metadata.publication_date AS publication_date FROM c WHERE (EXISTS (SELECT VALUE 1 FROM fi IN c.metadata.classification_fi WHERE STARTSWITH(fi, @fi_pref, true)) OR EXISTS (SELECT VALUE 1 FROM ft IN c.metadata.f_term WHERE STARTSWITH(ft, @ft_pref, true)) ) AND (CONTAINS(c.metadata.title, @kw, true) OR CONTAINS(c.summary, @kw, true) OR EXISTS (SELECT VALUE 1 FROM cl IN c.claims WHERE CONTAINS(cl.text, @kw, true))) | params: {""fi_pref"": ""A63F7"", ""ft_pref"": ""2C088EA"", ""kw"": ""遊技性""} || [balanced fi_pref=A63F7 ft_pref=2C333EA kw=遊技性] SELECT c.metadata.patent_id AS patent_id, c.metadata.title AS title, c.metadata.classification_fi AS classification_fi, c.metadata.f_term AS f_term, c.summary AS summary, c.claims AS claims, c.metadata.keywords AS doc_keywords, c.metadata.classification_ipc AS classification_ipc, c.metadata.publication_date AS publication_date FROM c WHERE (EXISTS (SELECT VALUE 1 FROM fi IN c.metadata.classification_fi WHERE STARTSWITH(fi, @fi_pref, true)) OR EXISTS (SELECT VALUE 1 FROM ft IN c.metadata.f_term WHERE STARTSWITH(ft, @ft_pref, true)) ) AND (CONTAINS(c.metadata.title, @kw, true) OR CONTAINS(c.summary, @kw, true) OR EXISTS (SELECT VALUE 1 FROM cl IN c.claims WHERE CONTAINS(cl.text, @kw, true))) | params: {""fi_pref"": ""A63F7"", ""ft_pref"": ""2C333EA"", ""kw"": ""遊技性""}"
2020031725,25,遊技機,20200305,"[balanced fi_pref=A63F7 ft_pref=2C333AA kw=遊技性] SELECT c.metadata.patent_id AS patent_id, c.metadata.title AS title, c.metadata.classification_fi AS classification_fi, c.metadata.f_term AS f_term, c.summary AS summary, c.claims AS claims, c.metadata.keywords AS doc_keywords, c.metadata.classification_ipc AS classification_ipc, c.metadata.publication_date AS publication_date FROM c WHERE (EXISTS (SELECT VALUE 1 FROM fi IN c.metadata.classification_fi WHERE STARTSWITH(fi, @fi_pref, true)) OR EXISTS (SELECT VALUE 1 FROM ft IN c.metadata.f_term WHERE STARTSWITH(ft, @ft_pref, true)) ) AND (CONTAINS(c.metadata.title, @kw, true) OR CONTAINS(c.summary, @kw, true) OR EXISTS (SELECT VALUE 1 FROM cl IN c.claims WHERE CONTAINS(cl.text, @kw, true))) | params: {""fi_pref"": ""A63F7"", ""ft_pref"": ""2C333AA"", ""kw"": ""遊技性""} || [balanced fi_pref=A63F7 ft_pref=2C088EA kw=遊技性] SELECT c.metadata.patent_id AS patent_id, c.metadata.title AS title, c.metadata.classification_fi AS classification_fi, c.metadata.f_term AS f_term, c.summary AS summary, c.claims AS claims, c.metadata.keywords AS doc_keywords, c.metadata.classification_ipc AS classification_ipc, c.metadata.publication_date AS publication_date FROM c WHERE (EXISTS (SELECT VALUE 1 FROM fi IN c.metadata.classification_fi WHERE STARTSWITH(fi, @fi_pref, true)) OR EXISTS (SELECT VALUE 1 FROM ft IN c.metadata.f_term WHERE STARTSWITH(ft, @ft_pref, true)) ) AND (CONTAINS(c.metadata.title, @kw, true) OR CONTAINS(c.summary, @kw, true) OR EXISTS (SELECT VALUE 1 FROM cl IN c.claims WHERE CONTAINS(cl.text, @kw, true))) | params: {""fi_pref"": ""A63F7"", ""ft_pref"": ""2C088EA"", ""kw"": ""遊技性""} || [balanced fi_pref=A63F7 ft_pref=2C333EA kw=遊技性] SELECT c.metadata.patent_id AS patent_id, c.metadata.title AS title, c.metadata.classification_fi AS classification_fi, c.metadata.f_term AS f_term, c.summary AS summary, c.claims AS claims, c.metadata.keywords AS doc_keywords, c.metadata.classification_ipc AS classification_ipc, c.metadata.publication_date AS publication_date FROM c WHERE (EXISTS (SELECT VALUE 1 FROM fi IN c.metadata.classification_fi WHERE STARTSWITH(fi, @fi_pref, true)) OR EXISTS (SELECT VALUE 1 FROM ft IN c.metadata.f_term WHERE STARTSWITH(ft, @ft_pref, true)) ) AND (CONTAINS(c.metadata.title, @kw, true) OR CONTAINS(c.summary, @kw, true) OR EXISTS (SELECT VALUE 1 FROM cl IN c.claims WHERE CONTAINS(cl.text, @kw, true))) | params: {""fi_pref"": ""A63F7"", ""ft_pref"": ""2C333EA"", ""kw"": ""遊技性""}"
2021019978,25,遊技機,20210218,"[broad fi_pref=A63F7 ft_pref=2C333AA kw=遊技進行状態] SELECT c.metadata.patent_id AS patent_id, c.metadata.title AS title, c.metadata.classification_fi AS classification_fi, c.metadata.f_term AS f_term, c.summary AS summary, c.claims AS claims, c.metadata.keywords AS doc_keywords, c.metadata.classification_ipc AS classification_ipc, c.metadata.publication_date AS publication_date FROM c WHERE EXISTS (SELECT VALUE 1 FROM fi IN c.metadata.classification_fi WHERE STARTSWITH(fi, @fi_pref, true)) OR EXISTS (SELECT VALUE 1 FROM ft IN c.metadata.f_term WHERE STARTSWITH(ft, @ft_pref, true)) OR CONTAINS(c.metadata.title, @kw, true) | params: {""fi_pref"": ""A63F7"", ""ft_pref"": ""2C333AA"", ""kw"": ""遊技進行状態""}"
2020199133,25,遊技機,20201217,"[broad fi_pref=A63F7 ft_pref=2C333AA kw=遊技進行状態] SELECT c.metadata.patent_id AS patent_id, c.metadata.title AS title, c.metadata.classification_fi AS classification_fi, c.metadata.f_term AS f_term, c.summary AS summary, c.claims AS claims, c.metadata.keywords AS doc_keywords, c.metadata.classification_ipc AS classification_ipc, c.metadata.publication_date AS publication_date FROM c WHERE EXISTS (SELECT VALUE 1 FROM fi IN c.metadata.classification_fi WHERE STARTSWITH(fi, @fi_pref, true)) OR EXISTS (SELECT VALUE 1 FROM ft IN c.metadata.f_term WHERE STARTSWITH(ft, @ft_pref, true)) OR CONTAINS(c.metadata.title, @kw, true) | params: {""fi_pref"": ""A63F7"", ""ft_pref"": ""2C333AA"", ""kw"": ""遊技進行状態""}"
2021029891,25,遊技機,20210301,"[broad fi_pref=A63F7 ft_pref=2C333AA kw=遊技進行状態] SELECT c.metadata.patent_id AS patent_id, c.metadata.title AS title, c.metadata.classification_fi AS classification_fi, c.metadata.f_term AS f_term, c.summary AS summary, c.claims AS claims, c.metadata.keywords AS doc_keywords, c.metadata.classification_ipc AS classification_ipc, c.metadata.publication_date AS publication_date FROM c WHERE EXISTS (SELECT VALUE 1 FROM fi IN c.metadata.classification_fi WHERE STARTSWITH(fi, @fi_pref, true)) OR EXISTS (SELECT VALUE 1 FROM ft IN c.metadata.f_term WHERE STARTSWITH(ft, @ft_pref, true)) OR CONTAINS(c.metadata.title, @kw, true) | params: {""fi_pref"": ""A63F7"", ""ft_pref"": ""2C333AA"", ""kw"": ""遊技進行状態""}"
2021049177,25,遊技機,20210401,"[broad fi_pref=A63F7 ft_pref=2C333AA kw=遊技進行状態] SELECT c.metadata.patent_id AS patent_id, c.metadata.title AS title, c.metadata.classification_fi AS classification_fi, c.metadata.f_term AS f_term, c.summary AS summary, c.claims AS claims, c.metadata.keywords AS doc_keywords, c.metadata.classification_ipc AS classification_ipc, c.metadata.publication_date AS publication_date FROM c WHERE EXISTS (SELECT VALUE 1 FROM fi IN c.metadata.classification_fi WHERE STARTSWITH(fi, @fi_pref, true)) OR EXISTS (SELECT VALUE 1 FROM ft IN c.metadata.f_term WHERE STARTSWITH(ft, @ft_pref, true)) OR CONTAINS(c.metadata.title, @kw, true) | params: {""fi_pref"": ""A63F7"", ""ft_pref"": ""2C333AA"", ""kw"": ""遊技進行状態""}"
2020168140,25,遊技機,20201015,"[broad fi_pref=A63F7 ft_pref=2C333AA kw=遊技進行状態] SELECT c.metadata.patent_id AS patent_id, c.metadata.title AS title, c.metadata.classification_fi AS classification_fi, c.metadata.f_term AS f_term, c.summary AS summary, c.claims AS claims, c.metadata.keywords AS doc_keywords, c.metadata.classification_ipc AS classification_ipc, c.metadata.publication_date AS publication_date FROM c WHERE EXISTS (SELECT VALUE 1 FROM fi IN c.metadata.classification_fi WHERE STARTSWITH(fi, @fi_pref, true)) OR EXISTS (SELECT VALUE 1 FROM ft IN c.metadata.f_term WHERE STARTSWITH(ft, @ft_pref, true)) OR CONTAINS(c.metadata.title, @kw, true) | params: {""fi_pref"": ""A63F7"", ""ft_pref"": ""2C333AA"", ""kw"": ""遊技進行状態""}"
2021049251,25,遊技機,20210401,"[broad fi_pref=A63F7 ft_pref=2C333AA kw=遊技進行状態] SELECT c.metadata.patent_id AS patent_id, c.metadata.title AS title, c.metadata.classification_fi AS classification_fi, c.metadata.f_term AS f_term, c.summary AS summary, c.claims AS claims, c.metadata.keywords AS doc_keywords, c.metadata.classification_ipc AS classification_ipc, c.metadata.publication_date AS publication_date FROM c WHERE EXISTS (SELECT VALUE 1 FROM fi IN c.metadata.classification_fi WHERE STARTSWITH(fi, @fi_pref, true)) OR EXISTS (SELECT VALUE 1 FROM ft IN c.metadata.f_term WHERE STARTSWITH(ft, @ft_pref, true)) OR CONTAINS(c.metadata.title, @kw, true) | params: {""fi_pref"": ""A63F7"", ""ft_pref"": ""2C333AA"", ""kw"": ""遊技進行状態""}"
2020137886,25,遊技機,20200903,"[broad fi_pref=A63F7 ft_pref=2C333AA kw=遊技進行状態] SELECT c.metadata.patent_id AS patent_id, c.metadata.title AS title, c.metadata.classification_fi AS classification_fi, c.metadata.f_term AS f_term, c.summary AS summary, c.claims AS claims, c.metadata.keywords AS doc_keywords, c.metadata.classification_ipc AS classification_ipc, c.metadata.publication_date AS publication_date FROM c WHERE EXISTS (SELECT VALUE 1 FROM fi IN c.metadata.classification_fi WHERE STARTSWITH(fi, @fi_pref, true)) OR EXISTS (SELECT VALUE 1 FROM ft IN c.metadata.f_term WHERE STARTSWITH(ft, @ft_pref, true)) OR CONTAINS(c.metadata.title, @kw, true) | params: {""fi_pref"": ""A63F7"", ""ft_pref"": ""2C333AA"", ""kw"": ""遊技進行状態""}"
2018191790,24,ぱちんこ遊技機,20181206,"[balanced fi_pref=A63F7 ft_pref=2C333AA kw=遊技進行状態] SELECT c.metadata.patent_id AS patent_id, c.metadata.title AS title, c.metadata.classification_fi AS classification_fi, c.metadata.f_term AS f_term, c.summary AS summary, c.claims AS claims, c.metadata.keywords AS doc_keywords, c.metadata.classification_ipc AS classification_ipc, c.metadata.publication_date AS publication_date FROM c WHERE (EXISTS (SELECT VALUE 1 FROM fi IN c.metadata.classification_fi WHERE STARTSWITH(fi, @fi_pref, true)) OR EXISTS (SELECT VALUE 1 FROM ft IN c.metadata.f_term WHERE STARTSWITH(ft, @ft_pref, true)) ) AND (CONTAINS(c.metadata.title, @kw, true) OR CONTAINS(c.summary, @kw, true) OR EXISTS (SELECT VALUE 1 FROM cl IN c.claims WHERE CONTAINS(cl.text, @kw, true))) | params: {""fi_pref"": ""A63F7"", ""ft_pref"": ""2C333AA"", ""kw"": ""遊技進行状態""} || [balanced fi_pref=A63F7 ft_pref=2C088EA kw=遊技進行状態] SELECT c.metadata.patent_id AS patent_id, c.metadata.title AS title, c.metadata.classification_fi AS classification_fi, c.metadata.f_term AS f_term, c.summary AS summary, c.claims AS claims, c.metadata.keywords AS doc_keywords, c.metadata.classification_ipc AS classification_ipc, c.metadata.publication_date AS publication_date FROM c WHERE (EXISTS (SELECT VALUE 1 FROM fi IN c.metadata.classification_fi WHERE STARTSWITH(fi, @fi_pref, true)) OR EXISTS (SELECT VALUE 1 FROM ft IN c.metadata.f_term WHERE STARTSWITH(ft, @ft_pref, true)) ) AND (CONTAINS(c.metadata.title, @kw, true) OR CONTAINS(c.summary, @kw, true) OR EXISTS (SELECT VALUE 1 FROM cl IN c.claims WHERE CONTAINS(cl.text, @kw, true))) | params: {""fi_pref"": ""A63F7"", ""ft_pref"": ""2C088EA"", ""kw"": ""遊技進行状態""} || [balanced fi_pref=A63F7 ft_pref=2C333EA kw=遊技進行状態] SELECT c.metadata.patent_id AS patent_id, c.metadata.title AS title, c.metadata.classification_fi AS classification_fi, c.metadata.f_term AS f_term, c.summary AS summary, c.claims AS claims, c.metadata.keywords AS doc_keywords, c.metadata.classification_ipc AS classification_ipc, c.metadata.publication_date AS publication_date FROM c WHERE (EXISTS (SELECT VALUE 1 FROM fi IN c.metadata.classification_fi WHERE STARTSWITH(fi, @fi_pref, true)) OR EXISTS (SELECT VALUE 1 FROM ft IN c.metadata.f_term WHERE STARTSWITH(ft, @ft_pref, true)) ) AND (CONTAINS(c.metadata.title, @kw, true) OR CONTAINS(c.summary, @kw, true) OR EXISTS (SELECT VALUE 1 FROM cl IN c.claims WHERE CONTAINS(cl.text, @kw, true))) | params: {""fi_pref"": ""A63F7"", ""ft_pref"": ""2C333EA"", ""kw"": ""遊技進行状態""}"
2015159987,24,ぱちんこ遊技機,20150907,"[balanced fi_pref=A63F7 ft_pref=2C333AA kw=遊技進行状態] SELECT c.metadata.patent_id AS patent_id, c.metadata.title AS title, c.metadata.classification_fi AS classification_fi, c.metadata.f_term AS f_term, c.summary AS summary, c.claims AS claims, c.metadata.keywords AS doc_keywords, c.metadata.classification_ipc AS classification_ipc, c.metadata.publication_date AS publication_date FROM c WHERE (EXISTS (SELECT VALUE 1 FROM fi IN c.metadata.classification_fi WHERE STARTSWITH(fi, @fi_pref, true)) OR EXISTS (SELECT VALUE 1 FROM ft IN c.metadata.f_term WHERE STARTSWITH(ft, @ft_pref, true)) ) AND (CONTAINS(c.metadata.title, @kw, true) OR CONTAINS(c.summary, @kw, true) OR EXISTS (SELECT VALUE 1 FROM cl IN c.claims WHERE CONTAINS(cl.text, @kw, true))) | params: {""fi_pref"": ""A63F7"", ""ft_pref"": ""2C333AA"", ""kw"": ""遊技進行状態""} || [balanced fi_pref=A63F7 ft_pref=2C088EA kw=遊技進行状態] SELECT c.metadata.patent_id AS patent_id, c.metadata.title AS title, c.metadata.classification_fi AS classification_fi, c.metadata.f_term AS f_term, c.summary AS summary, c.claims AS claims, c.metadata.keywords AS doc_keywords, c.metadata.classification_ipc AS classification_ipc, c.metadata.publication_date AS publication_date FROM c WHERE (EXISTS (SELECT VALUE 1 FROM fi IN c.metadata.classification_fi WHERE STARTSWITH(fi, @fi_pref, true)) OR EXISTS (SELECT VALUE 1 FROM ft IN c.metadata.f_term WHERE STARTSWITH(ft, @ft_pref, true)) ) AND (CONTAINS(c.metadata.title, @kw, true) OR CONTAINS(c.summary, @kw, true) OR EXISTS (SELECT VALUE 1 FROM cl IN c.claims WHERE CONTAINS(cl.text, @kw, true))) | params: {""fi_pref"": ""A63F7"", ""ft_pref"": ""2C088EA"", ""kw"": ""遊技進行状態""} || [balanced fi_pref=A63F7 ft_pref=2C333EA kw=遊技進行状態] SELECT c.metadata.patent_id AS patent_id, c.metadata.title AS title, c.metadata.classification_fi AS classification_fi, c.metadata.f_term AS f_term, c.summary AS summary, c.claims AS claims, c.metadata.keywords AS doc_keywords, c.metadata.classification_ipc AS classification_ipc, c.metadata.publication_date AS publication_date FROM c WHERE (EXISTS (SELECT VALUE 1 FROM fi IN c.metadata.classification_fi WHERE STARTSWITH(fi, @fi_pref, true)) OR EXISTS (SELECT VALUE 1 FROM ft IN c.metadata.f_term WHERE STARTSWITH(ft, @ft_pref, true)) ) AND (CONTAINS(c.metadata.title, @kw, true) OR CONTAINS(c.summary, @kw, true) OR EXISTS (SELECT VALUE 1 FROM cl IN c.claims WHERE CONTAINS(cl.text, @kw, true))) | params: {""fi_pref"": ""A63F7"", ""ft_pref"": ""2C333EA"", ""kw"": ""遊技進行状態""}"
2020192217,24,遊技機,20201203,"[balanced fi_pref=A63F7 ft_pref=2C333AA kw=表示態様] SELECT c.metadata.patent_id AS patent_id, c.metadata.title AS title, c.metadata.classification_fi AS classification_fi, c.metadata.f_term AS f_term, c.summary AS summary, c.claims AS claims, c.metadata.keywords AS doc_keywords, c.metadata.classification_ipc AS classification_ipc, c.metadata.publication_date AS publication_date FROM c WHERE (EXISTS (SELECT VALUE 1 FROM fi IN c.metadata.classification_fi WHERE STARTSWITH(fi, @fi_pref, true)) OR EXISTS (SELECT VALUE 1 FROM ft IN c.metadata.f_term WHERE STARTSWITH(ft, @ft_pref, true)) ) AND (CONTAINS(c.metadata.title, @kw, true) OR CONTAINS(c.summary, @kw, true) OR EXISTS (SELECT VALUE 1 FROM cl IN c.claims WHERE CONTAINS(cl.text, @kw, true))) | params: {""fi_pref"": ""A63F7"", ""ft_pref"": ""2C333AA"", ""kw"": ""表示態様""} || [balanced fi_pref=A63F7 ft_pref=2C088EA kw=表示態様] SELECT c.metadata.patent_id AS patent_id, c.metadata.title AS title, c.metadata.classification_fi AS classification_fi, c.metadata.f_term AS f_term, c.summary AS summary, c.claims AS claims, c.metadata.keywords AS doc_keywords, c.metadata.classification_ipc AS classification_ipc, c.metadata.publication_date AS publication_date FROM c WHERE (EXISTS (SELECT VALUE 1 FROM fi IN c.metadata.classification_fi WHERE STARTSWITH(fi, @fi_pref, true)) OR EXISTS (SELECT VALUE 1 FROM ft IN c.metadata.f_term WHERE STARTSWITH(ft, @ft_pref, true)) ) AND (CONTAINS(c.metadata.title, @kw, true) OR CONTAINS(c.summary, @kw, true) OR EXISTS (SELECT VALUE 1 FROM cl IN c.claims WHERE CONTAINS(cl.text, @kw, true))) | params: {""fi_pref"": ""A63F7"", ""ft_pref"": ""2C088EA"", ""kw"": ""表示態様""} || [balanced fi_pref=A63F7 ft_pref=2C333EA kw=表示態様] SELECT c.metadata.patent_id AS patent_id, c.metadata.title AS title, c.metadata.classification_fi AS classification_fi, c.metadata.f_term AS f_term, c.summary AS summary, c.claims AS claims, c.metadata.keywords AS doc_keywords, c.metadata.classification_ipc AS classification_ipc, c.metadata.publication_date AS publication_date FROM c WHERE (EXISTS (SELECT VALUE 1 FROM fi IN c.metadata.classification_fi WHERE STARTSWITH(fi, @fi_pref, true)) OR EXISTS (SELECT VALUE 1 FROM ft IN c.metadata.f_term WHERE STARTSWITH(ft, @ft_pref, true)) ) AND (CONTAINS(c.metadata.title, @kw, true) OR CONTAINS(c.summary, @kw, true) OR EXISTS (SELECT VALUE 1 FROM cl IN c.claims WHERE CONTAINS(cl.text, @kw, true))) | params: {""fi_pref"": ""A63F7"", ""ft_pref"": ""2C333EA"", ""kw"": ""表示態様""} || [broad fi_pref=A63F7 ft_pref=2C333AA kw=遊技進行状態] SELECT c.metadata.patent_id AS patent_id, c.metadata.title AS title, c.metadata.classification_fi AS classification_fi, c.metadata.f_term AS f_term, c.summary AS summary, c.claims AS claims, c.metadata.keywords AS doc_keywords, c.metadata.classification_ipc AS classification_ipc, c.metadata.publication_date AS publication_date FROM c WHERE EXISTS (SELECT VALUE 1 FROM fi IN c.metadata.classification_fi WHERE STARTSWITH(fi, @fi_pref, true)) OR EXISTS (SELECT VALUE 1 FROM ft IN c.metadata.f_term WHERE STARTSWITH(ft, @ft_pref, true)) OR CONTAINS(c.metadata.title, @kw, true) | params: {""fi_pref"": ""A63F7"", ""ft_pref"": ""2C333AA"", ""kw"": ""遊技進行状態""}"
2020151416,24,遊技機,20200924,"[balanced fi_pref=A63F7 ft_pref=2C333AA kw=表示態様] SELECT c.metadata.patent_id AS patent_id, c.metadata.title AS title, c.metadata.classification_fi AS classification_fi, c.metadata.f_term AS f_term, c.summary AS summary, c.claims AS claims, c.metadata.keywords AS doc_keywords, c.metadata.classification_ipc AS classification_ipc, c.metadata.publication_date AS publication_date FROM c WHERE (EXISTS (SELECT VALUE 1 FROM fi IN c.metadata.classification_fi WHERE STARTSWITH(fi, @fi_pref, true)) OR EXISTS (SELECT VALUE 1 FROM ft IN c.metadata.f_term WHERE STARTSWITH(ft, @ft_pref, true)) ) AND (CONTAINS(c.metadata.title, @kw, true) OR CONTAINS(c.summary, @kw, true) OR EXISTS (SELECT VALUE 1 FROM cl IN c.claims WHERE CONTAINS(cl.text, @kw, true))) | params: {""fi_pref"": ""A63F7"", ""ft_pref"": ""2C333AA"", ""kw"": ""表示態様""} || [balanced fi_pref=A63F7 ft_pref=2C088EA kw=表示態様] SELECT c.metadata.patent_id AS patent_id, c.metadata.title AS title, c.metadata.classification_fi AS classification_fi, c.metadata.f_term AS f_term, c.summary AS summary, c.claims AS claims, c.metadata.keywords AS doc_keywords, c.metadata.classification_ipc AS classification_ipc, c.metadata.publication_date AS publication_date FROM c WHERE (EXISTS (SELECT VALUE 1 FROM fi IN c.metadata.classification_fi WHERE STARTSWITH(fi, @fi_pref, true)) OR EXISTS (SELECT VALUE 1 FROM ft IN c.metadata.f_term WHERE STARTSWITH(ft, @ft_pref, true)) ) AND (CONTAINS(c.metadata.title, @kw, true) OR CONTAINS(c.summary, @kw, true) OR EXISTS (SELECT VALUE 1 FROM cl IN c.claims WHERE CONTAINS(cl.text, @kw, true))) | params: {""fi_pref"": ""A63F7"", ""ft_pref"": ""2C088EA"", ""kw"": ""表示態様""} || [balanced fi_pref=A63F7 ft_pref=2C333EA kw=表示態様] SELECT c.metadata.patent_id AS patent_id, c.metadata.title AS title, c.metadata.classification_fi AS classification_fi, c.metadata.f_term AS f_term, c.summary AS summary, c.claims AS claims, c.metadata.keywords AS doc_keywords, c.metadata.classification_ipc AS classification_ipc, c.metadata.publication_date AS publication_date FROM c WHERE (EXISTS (SELECT VALUE 1 FROM fi IN c.metadata.classification_fi WHERE STARTSWITH(fi, @fi_pref, true)) OR EXISTS (SELECT VALUE 1 FROM ft IN c.metadata.f_term WHERE STARTSWITH(ft, @ft_pref, true)) ) AND (CONTAINS(c.metadata.title, @kw, true) OR CONTAINS(c.summary, @kw, true) OR EXISTS (SELECT VALUE 1 FROM cl IN c.claims WHERE CONTAINS(cl.text, @kw, true))) | params: {""fi_pref"": ""A63F7"", ""ft_pref"": ""2C333EA"", ""kw"": ""表示態様""} || [broad fi_pref=A63F7 ft_pref=2C333AA kw=遊技進行状態] SELECT c.metadata.patent_id AS patent_id, c.metadata.title AS title, c.metadata.classification_fi AS classification_fi, c.metadata.f_term AS f_term, c.summary AS summary, c.claims AS claims, c.metadata.keywords AS doc_keywords, c.metadata.classification_ipc AS classification_ipc, c.metadata.publication_date AS publication_date FROM c WHERE EXISTS (SELECT VALUE 1 FROM fi IN c.metadata.classification_fi WHERE STARTSWITH(fi, @fi_pref, true)) OR EXISTS (SELECT VALUE 1 FROM ft IN c.metadata.f_term WHERE STARTSWITH(ft, @ft_pref, true)) OR CONTAINS(c.metadata.title, @kw, true) | params: {""fi_pref"": ""A63F7"", ""ft_pref"": ""2C333AA"", ""kw"": ""遊技進行状態""}"
2021029791,24,遊技機,20210301,"[balanced fi_pref=A63F7 ft_pref=2C333AA kw=表示態様] SELECT c.metadata.patent_id AS patent_id, c.metadata.title AS title, c.metadata.classification_fi AS classification_fi, c.metadata.f_term AS f_term, c.summary AS summary, c.claims AS claims, c.metadata.keywords AS doc_keywords, c.metadata.classification_ipc AS classification_ipc, c.metadata.publication_date AS publication_date FROM c WHERE (EXISTS (SELECT VALUE 1 FROM fi IN c.metadata.classification_fi WHERE STARTSWITH(fi, @fi_pref, true)) OR EXISTS (SELECT VALUE 1 FROM ft IN c.metadata.f_term WHERE STARTSWITH(ft, @ft_pref, true)) ) AND (CONTAINS(c.metadata.title, @kw, true) OR CONTAINS(c.summary, @kw, true) OR EXISTS (SELECT VALUE 1 FROM cl IN c.claims WHERE CONTAINS(cl.text, @kw, true))) | params: {""fi_pref"": ""A63F7"", ""ft_pref"": ""2C333AA"", ""kw"": ""表示態様""} || [balanced fi_pref=A63F7 ft_pref=2C088EA kw=表示態様] SELECT c.metadata.patent_id AS patent_id, c.metadata.title AS title, c.metadata.classification_fi AS classification_fi, c.metadata.f_term AS f_term, c.summary AS summary, c.claims AS claims, c.metadata.keywords AS doc_keywords, c.metadata.classification_ipc AS classification_ipc, c.metadata.publication_date AS publication_date FROM c WHERE (EXISTS (SELECT VALUE 1 FROM fi IN c.metadata.classification_fi WHERE STARTSWITH(fi, @fi_pref, true)) OR EXISTS (SELECT VALUE 1 FROM ft IN c.metadata.f_term WHERE STARTSWITH(ft, @ft_pref, true)) ) AND (CONTAINS(c.metadata.title, @kw, true) OR CONTAINS(c.summary, @kw, true) OR EXISTS (SELECT VALUE 1 FROM cl IN c.claims WHERE CONTAINS(cl.text, @kw, true))) | params: {""fi_pref"": ""A63F7"", ""ft_pref"": ""2C088EA"", ""kw"": ""表示態様""} || [balanced fi_pref=A63F7 ft_pref=2C333EA kw=表示態様] SELECT c.metadata.patent_id AS patent_id, c.metadata.title AS title, c.metadata.classification_fi AS classification_fi, c.metadata.f_term AS f_term, c.summary AS summary, c.claims AS claims, c.metadata.keywords AS doc_keywords, c.metadata.classification_ipc AS classification_ipc, c.metadata.publication_date AS publication_date FROM c WHERE (EXISTS (SELECT VALUE 1 FROM fi IN c.metadata.classification_fi WHERE STARTSWITH(fi, @fi_pref, true)) OR EXISTS (SELECT VALUE 1 FROM ft IN c.metadata.f_term WHERE STARTSWITH(ft, @ft_pref, true)) ) AND (CONTAINS(c.metadata.title, @kw, true) OR CONTAINS(c.summary, @kw, true) OR EXISTS (SELECT VALUE 1 FROM cl IN c.claims WHERE CONTAINS(cl.text, @kw, true))) | params: {""fi_pref"": ""A63F7"", ""ft_pref"": ""2C333EA"", ""kw"": ""表示態様""} || [broad fi_pref=A63F7 ft_pref=2C333AA kw=遊技進行状態] SELECT c.metadata.patent_id AS patent_id, c.metadata.title AS title, c.metadata.classification_fi AS classification_fi, c.metadata.f_term AS f_term, c.summary AS summary, c.claims AS claims, c.metadata.keywords AS doc_keywords, c.metadata.classification_ipc AS classification_ipc, c.metadata.publication_date AS publication_date FROM c WHERE EXISTS (SELECT VALUE 1 FROM fi IN c.metadata.classification_fi WHERE STARTSWITH(fi, @fi_pref, true)) OR EXISTS (SELECT VALUE 1 FROM ft IN c.metadata.f_term WHERE STARTSWITH(ft, @ft_pref, true)) OR CONTAINS(c.metadata.title, @kw, true) | params: {""fi_pref"": ""A63F7"", ""ft_pref"": ""2C333AA"", ""kw"": ""遊技進行状態""}"
2021016504,24,遊技機,20210215,"[balanced fi_pref=A63F7 ft_pref=2C333AA kw=表示態様] SELECT c.metadata.patent_id AS patent_id, c.metadata.title AS title, c.metadata.classification_fi AS classification_fi, c.metadata.f_term AS f_term, c.summary AS summary, c.claims AS claims, c.metadata.keywords AS doc_keywords, c.metadata.classification_ipc AS classification_ipc, c.metadata.publication_date AS publication_date FROM c WHERE (EXISTS (SELECT VALUE 1 FROM fi IN c.metadata.classification_fi WHERE STARTSWITH(fi, @fi_pref, true)) OR EXISTS (SELECT VALUE 1 FROM ft IN c.metadata.f_term WHERE STARTSWITH(ft, @ft_pref, true)) ) AND (CONTAINS(c.metadata.title, @kw, true) OR CONTAINS(c.summary, @kw, true) OR EXISTS (SELECT VALUE 1 FROM cl IN c.claims WHERE CONTAINS(cl.text, @kw, true))) | params: {""fi_pref"": ""A63F7"", ""ft_pref"": ""2C333AA"", ""kw"": ""表示態様""} || [balanced fi_pref=A63F7 ft_pref=2C088EA kw=表示態様] SELECT c.metadata.patent_id AS patent_id, c.metadata.title AS title, c.metadata.classification_fi AS classification_fi, c.metadata.f_term AS f_term, c.summary AS summary, c.claims AS claims, c.metadata.keywords AS doc_keywords, c.metadata.classification_ipc AS classification_ipc, c.metadata.publication_date AS publication_date FROM c WHERE (EXISTS (SELECT VALUE 1 FROM fi IN c.metadata.classification_fi WHERE STARTSWITH(fi, @fi_pref, true)) OR EXISTS (SELECT VALUE 1 FROM ft IN c.metadata.f_term WHERE STARTSWITH(ft, @ft_pref, true)) ) AND (CONTAINS(c.metadata.title, @kw, true) OR CONTAINS(c.summary, @kw, true) OR EXISTS (SELECT VALUE 1 FROM cl IN c.claims WHERE CONTAINS(cl.text, @kw, true))) | params: {""fi_pref"": ""A63F7"", ""ft_pref"": ""2C088EA"", ""kw"": ""表示態様""} || [balanced fi_pref=A63F7 ft_pref=2C333EA kw=表示態様] SELECT c.metadata.patent_id AS patent_id, c.metadata.title AS title, c.metadata.classification_fi AS classification_fi, c.metadata.f_term AS f_term, c.summary AS summary, c.claims AS claims, c.metadata.keywords AS doc_keywords, c.metadata.classification_ipc AS classification_ipc, c.metadata.publication_date AS publication_date FROM c WHERE (EXISTS (SELECT VALUE 1 FROM fi IN c.metadata.classification_fi WHERE STARTSWITH(fi, @fi_pref, true)) OR EXISTS (SELECT VALUE 1 FROM ft IN c.metadata.f_term WHERE STARTSWITH(ft, @ft_pref, true)) ) AND (CONTAINS(c.metadata.title, @kw, true) OR CONTAINS(c.summary, @kw, true) OR EXISTS (SELECT VALUE 1 FROM cl IN c.claims WHERE CONTAINS(cl.text, @kw, true))) | params: {""fi_pref"": ""A63F7"", ""ft_pref"": ""2C333EA"", ""kw"": ""表示態様""} || [broad fi_pref=A63F7 ft_pref=2C333AA kw=遊技進行状態] SELECT c.metadata.patent_id AS patent_id, c.metadata.title AS title, c.metadata.classification_fi AS classification_fi, c.metadata.f_term AS f_term, c.summary AS summary, c.claims AS claims, c.metadata.keywords AS doc_keywords, c.metadata.classification_ipc AS classification_ipc, c.metadata.publication_date AS publication_date FROM c WHERE EXISTS (SELECT VALUE 1 FROM fi IN c.metadata.classification_fi WHERE STARTSWITH(fi, @fi_pref, true)) OR EXISTS (SELECT VALUE 1 FROM ft IN c.metadata.f_term WHERE STARTSWITH(ft, @ft_pref, true)) OR CONTAINS(c.metadata.title, @kw, true) | params: {""fi_pref"": ""A63F7"", ""ft_pref"": ""2C333AA"", ""kw"": ""遊技進行状態""}"
2020192270,24,遊技機,20201203,"[balanced fi_pref=A63F7 ft_pref=2C333AA kw=表示態様] SELECT c.metadata.patent_id AS patent_id, c.metadata.title AS title, c.metadata.classification_fi AS classification_fi, c.metadata.f_term AS f_term, c.summary AS summary, c.claims AS claims, c.metadata.keywords AS doc_keywords, c.metadata.classification_ipc AS classification_ipc, c.metadata.publication_date AS publication_date FROM c WHERE (EXISTS (SELECT VALUE 1 FROM fi IN c.metadata.classification_fi WHERE STARTSWITH(fi, @fi_pref, true)) OR EXISTS (SELECT VALUE 1 FROM ft IN c.metadata.f_term WHERE STARTSWITH(ft, @ft_pref, true)) ) AND (CONTAINS(c.metadata.title, @kw, true) OR CONTAINS(c.summary, @kw, true) OR EXISTS (SELECT VALUE 1 FROM cl IN c.claims WHERE CONTAINS(cl.text, @kw, true))) | params: {""fi_pref"": ""A63F7"", ""ft_pref"": ""2C333AA"", ""kw"": ""表示態様""} || [balanced fi_pref=A63F7 ft_pref=2C088EA kw=表示態様] SELECT c.metadata.patent_id AS patent_id, c.metadata.title AS title, c.metadata.classification_fi AS classification_fi, c.metadata.f_term AS f_term, c.summary AS summary, c.claims AS claims, c.metadata.keywords AS doc_keywords, c.metadata.classification_ipc AS classification_ipc, c.metadata.publication_date AS publication_date FROM c WHERE (EXISTS (SELECT VALUE 1 FROM fi IN c.metadata.classification_fi WHERE STARTSWITH(fi, @fi_pref, true)) OR EXISTS (SELECT VALUE 1 FROM ft IN c.metadata.f_term WHERE STARTSWITH(ft, @ft_pref, true)) ) AND (CONTAINS(c.metadata.title, @kw, true) OR CONTAINS(c.summary, @kw, true) OR EXISTS (SELECT VALUE 1 FROM cl IN c.claims WHERE CONTAINS(cl.text, @kw, true))) | params: {""fi_pref"": ""A63F7"", ""ft_pref"": ""2C088EA"", ""kw"": ""表示態様""} || [balanced fi_pref=A63F7 ft_pref=2C333EA kw=表示態様] SELECT c.metadata.patent_id AS patent_id, c.metadata.title AS title, c.metadata.classification_fi AS classification_fi, c.metadata.f_term AS f_term, c.summary AS summary, c.claims AS claims, c.metadata.keywords AS doc_keywords, c.metadata.classification_ipc AS classification_ipc, c.metadata.publication_date AS publication_date FROM c WHERE (EXISTS (SELECT VALUE 1 FROM fi IN c.metadata.classification_fi WHERE STARTSWITH(fi, @fi_pref, true)) OR EXISTS (SELECT VALUE 1 FROM ft IN c.metadata.f_term WHERE STARTSWITH(ft, @ft_pref, true)) ) AND (CONTAINS(c.metadata.title, @kw, true) OR CONTAINS(c.summary, @kw, true) OR EXISTS (SELECT VALUE 1 FROM cl IN c.claims WHERE CONTAINS(cl.text, @kw, true))) | params: {""fi_pref"": ""A63F7"", ""ft_pref"": ""2C333EA"", ""kw"": ""表示態様""} || [broad fi_pref=A63F7 ft_pref=2C333AA kw=遊技進行状態] SELECT c.metadata.patent_id AS patent_id, c.metadata.title AS title, c.metadata.classification_fi AS classification_fi, c.metadata.f_term AS f_term, c.summary AS summary, c.claims AS claims, c.metadata.keywords AS doc_keywords, c.metadata.classification_ipc AS classification_ipc, c.metadata.publication_date AS publication_date FROM c WHERE EXISTS (SELECT VALUE 1 FROM fi IN c.metadata.classification_fi WHERE STARTSWITH(fi, @fi_pref, true)) OR EXISTS (SELECT VALUE 1 FROM ft IN c.metadata.f_term WHERE STARTSWITH(ft, @ft_pref, true)) OR CONTAINS(c.metadata.title, @kw, true) | params: {""fi_pref"": ""A63F7"", ""ft_pref"": ""2C333AA"", ""kw"": ""遊技進行状態""}"
2021052955,24,遊技機,20210408,"[balanced fi_pref=A63F7 ft_pref=2C333AA kw=表示態様] SELECT c.metadata.patent_id AS patent_id, c.metadata.title AS title, c.metadata.classification_fi AS classification_fi, c.metadata.f_term AS f_term, c.summary AS summary, c.claims AS claims, c.metadata.keywords AS doc_keywords, c.metadata.classification_ipc AS classification_ipc, c.metadata.publication_date AS publication_date FROM c WHERE (EXISTS (SELECT VALUE 1 FROM fi IN c.metadata.classification_fi WHERE STARTSWITH(fi, @fi_pref, true)) OR EXISTS (SELECT VALUE 1 FROM ft IN c.metadata.f_term WHERE STARTSWITH(ft, @ft_pref, true)) ) AND (CONTAINS(c.metadata.title, @kw, true) OR CONTAINS(c.summary, @kw, true) OR EXISTS (SELECT VALUE 1 FROM cl IN c.claims WHERE CONTAINS(cl.text, @kw, true))) | params: {""fi_pref"": ""A63F7"", ""ft_pref"": ""2C333AA"", ""kw"": ""表示態様""} || [balanced fi_pref=A63F7 ft_pref=2C088EA kw=表示態様] SELECT c.metadata.patent_id AS patent_id, c.metadata.title AS title, c.metadata.classification_fi AS classification_fi, c.metadata.f_term AS f_term, c.summary AS summary, c.claims AS claims, c.metadata.keywords AS doc_keywords, c.metadata.classification_ipc AS classification_ipc, c.metadata.publication_date AS publication_date FROM c WHERE (EXISTS (SELECT VALUE 1 FROM fi IN c.metadata.classification_fi WHERE STARTSWITH(fi, @fi_pref, true)) OR EXISTS (SELECT VALUE 1 FROM ft IN c.metadata.f_term WHERE STARTSWITH(ft, @ft_pref, true)) ) AND (CONTAINS(c.metadata.title, @kw, true) OR CONTAINS(c.summary, @kw, true) OR EXISTS (SELECT VALUE 1 FROM cl IN c.claims WHERE CONTAINS(cl.text, @kw, true))) | params: {""fi_pref"": ""A63F7"", ""ft_pref"": ""2C088EA"", ""kw"": ""表示態様""} || [balanced fi_pref=A63F7 ft_pref=2C333EA kw=表示態様] SELECT c.metadata.patent_id AS patent_id, c.metadata.title AS title, c.metadata.classification_fi AS classification_fi, c.metadata.f_term AS f_term, c.summary AS summary, c.claims AS claims, c.metadata.keywords AS doc_keywords, c.metadata.classification_ipc AS classification_ipc, c.metadata.publication_date AS publication_date FROM c WHERE (EXISTS (SELECT VALUE 1 FROM fi IN c.metadata.classification_fi WHERE STARTSWITH(fi, @fi_pref, true)) OR EXISTS (SELECT VALUE 1 FROM ft IN c.metadata.f_term WHERE STARTSWITH(ft, @ft_pref, true)) ) AND (CONTAINS(c.metadata.title, @kw, true) OR CONTAINS(c.summary, @kw, true) OR EXISTS (SELECT VALUE 1 FROM cl IN c.claims WHERE CONTAINS(cl.text, @kw, true))) | params: {""fi_pref"": ""A63F7"", ""ft_pref"": ""2C333EA"", ""kw"": ""表示態様""} || [broad fi_pref=A63F7 ft_pref=2C333AA kw=遊技進行状態] SELECT c.metadata.patent_id AS patent_id, c.metadata.title AS title, c.metadata.classification_fi AS classification_fi, c.metadata.f_term AS f_term, c.summary AS summary, c.claims AS claims, c.metadata.keywords AS doc_keywords, c.metadata.classification_ipc AS classification_ipc, c.metadata.publication_date AS publication_date FROM c WHERE EXISTS (SELECT VALUE 1 FROM fi IN c.metadata.classification_fi WHERE STARTSWITH(fi, @fi_pref, true)) OR EXISTS (SELECT VALUE 1 FROM ft IN c.metadata.f_term WHERE STARTSWITH(ft, @ft_pref, true)) OR CONTAINS(c.metadata.title, @kw, true) | params: {""fi_pref"": ""A63F7"", ""ft_pref"": ""2C333AA"", ""kw"": ""遊技進行状態""}"
2020199003,24,遊技機,20201217,"[balanced fi_pref=A63F7 ft_pref=2C333AA kw=表示態様] SELECT c.metadata.patent_id AS patent_id, c.metadata.title AS title, c.metadata.classification_fi AS classification_fi, c.metadata.f_term AS f_term, c.summary AS summary, c.claims AS claims, c.metadata.keywords AS doc_keywords, c.metadata.classification_ipc AS classification_ipc, c.metadata.publication_date AS publication_date FROM c WHERE (EXISTS (SELECT VALUE 1 FROM fi IN c.metadata.classification_fi WHERE STARTSWITH(fi, @fi_pref, true)) OR EXISTS (SELECT VALUE 1 FROM ft IN c.metadata.f_term WHERE STARTSWITH(ft, @ft_pref, true)) ) AND (CONTAINS(c.metadata.title, @kw, true) OR CONTAINS(c.summary, @kw, true) OR EXISTS (SELECT VALUE 1 FROM cl IN c.claims WHERE CONTAINS(cl.text, @kw, true))) | params: {""fi_pref"": ""A63F7"", ""ft_pref"": ""2C333AA"", ""kw"": ""表示態様""} || [balanced fi_pref=A63F7 ft_pref=2C088EA kw=表示態様] SELECT c.metadata.patent_id AS patent_id, c.metadata.title AS title, c.metadata.classification_fi AS classification_fi, c.metadata.f_term AS f_term, c.summary AS summary, c.claims AS claims, c.metadata.keywords AS doc_keywords, c.metadata.classification_ipc AS classification_ipc, c.metadata.publication_date AS publication_date FROM c WHERE (EXISTS (SELECT VALUE 1 FROM fi IN c.metadata.classification_fi WHERE STARTSWITH(fi, @fi_pref, true)) OR EXISTS (SELECT VALUE 1 FROM ft IN c.metadata.f_term WHERE STARTSWITH(ft, @ft_pref, true)) ) AND (CONTAINS(c.metadata.title, @kw, true) OR CONTAINS(c.summary, @kw, true) OR EXISTS (SELECT VALUE 1 FROM cl IN c.claims WHERE CONTAINS(cl.text, @kw, true))) | params: {""fi_pref"": ""A63F7"", ""ft_pref"": ""2C088EA"", ""kw"": ""表示態様""} || [balanced fi_pref=A63F7 ft_pref=2C333EA kw=表示態様] SELECT c.metadata.patent_id AS patent_id, c.metadata.title AS title, c.metadata.classification_fi AS classification_fi, c.metadata.f_term AS f_term, c.summary AS summary, c.claims AS claims, c.metadata.keywords AS doc_keywords, c.metadata.classification_ipc AS classification_ipc, c.metadata.publication_date AS publication_date FROM c WHERE (EXISTS (SELECT VALUE 1 FROM fi IN c.metadata.classification_fi WHERE STARTSWITH(fi, @fi_pref, true)) OR EXISTS (SELECT VALUE 1 FROM ft IN c.metadata.f_term WHERE STARTSWITH(ft, @ft_pref, true)) ) AND (CONTAINS(c.metadata.title, @kw, true) OR CONTAINS(c.summary, @kw, true) OR EXISTS (SELECT VALUE 1 FROM cl IN c.claims WHERE CONTAINS(cl.text, @kw, true))) | params: {""fi_pref"": ""A63F7"", ""ft_pref"": ""2C333EA"", ""kw"": ""表示態様""}"
2019181310,24,遊技機,20191024,"[balanced fi_pref=A63F7 ft_pref=2C333AA kw=表示態様] SELECT c.metadata.patent_id AS patent_id, c.metadata.title AS title, c.metadata.classification_fi AS classification_fi, c.metadata.f_term AS f_term, c.summary AS summary, c.claims AS claims, c.metadata.keywords AS doc_keywords, c.metadata.classification_ipc AS classification_ipc, c.metadata.publication_date AS publication_date FROM c WHERE (EXISTS (SELECT VALUE 1 FROM fi IN c.metadata.classification_fi WHERE STARTSWITH(fi, @fi_pref, true)) OR EXISTS (SELECT VALUE 1 FROM ft IN c.metadata.f_term WHERE STARTSWITH(ft, @ft_pref, true)) ) AND (CONTAINS(c.metadata.title, @kw, true) OR CONTAINS(c.summary, @kw, true) OR EXISTS (SELECT VALUE 1 FROM cl IN c.claims WHERE CONTAINS(cl.text, @kw, true))) | params: {""fi_pref"": ""A63F7"", ""ft_pref"": ""2C333AA"", ""kw"": ""表示態様""} || [balanced fi_pref=A63F7 ft_pref=2C088EA kw=表示態様] SELECT c.metadata.patent_id AS patent_id, c.metadata.title AS title, c.metadata.classification_fi AS classification_fi, c.metadata.f_term AS f_term, c.summary AS summary, c.claims AS claims, c.metadata.keywords AS doc_keywords, c.metadata.classification_ipc AS classification_ipc, c.metadata.publication_date AS publication_date FROM c WHERE (EXISTS (SELECT VALUE 1 FROM fi IN c.metadata.classification_fi WHERE STARTSWITH(fi, @fi_pref, true)) OR EXISTS (SELECT VALUE 1 FROM ft IN c.metadata.f_term WHERE STARTSWITH(ft, @ft_pref, true)) ) AND (CONTAINS(c.metadata.title, @kw, true) OR CONTAINS(c.summary, @kw, true) OR EXISTS (SELECT VALUE 1 FROM cl IN c.claims WHERE CONTAINS(cl.text, @kw, true))) | params: {""fi_pref"": ""A63F7"", ""ft_pref"": ""2C088EA"", ""kw"": ""表示態様""} || [balanced fi_pref=A63F7 ft_pref=2C333EA kw=表示態様] SELECT c.metadata.patent_id AS patent_id, c.metadata.title AS title, c.metadata.classification_fi AS classification_fi, c.metadata.f_term AS f_term, c.summary AS summary, c.claims AS claims, c.metadata.keywords AS doc_keywords, c.metadata.classification_ipc AS classification_ipc, c.metadata.publication_date AS publication_date FROM c WHERE (EXISTS (SELECT VALUE 1 FROM fi IN c.metadata.classification_fi WHERE STARTSWITH(fi, @fi_pref, true)) OR EXISTS (SELECT VALUE 1 FROM ft IN c.metadata.f_term WHERE STARTSWITH(ft, @ft_pref, true)) ) AND (CONTAINS(c.metadata.title, @kw, true) OR CONTAINS(c.summary, @kw, true) OR EXISTS (SELECT VALUE 1 FROM cl IN c.claims WHERE CONTAINS(cl.text, @kw, true))) | params: {""fi_pref"": ""A63F7"", ""ft_pref"": ""2C333EA"", ""kw"": ""表示態様""}"
2021052956,24,遊技機,20210408,"[balanced fi_pref=A63F7 ft_pref=2C333AA kw=表示態様] SELECT c.metadata.patent_id AS patent_id, c.metadata.title AS title, c.metadata.classification_fi AS classification_fi, c.metadata.f_term AS f_term, c.summary AS summary, c.claims AS claims, c.metadata.keywords AS doc_keywords, c.metadata.classification_ipc AS classification_ipc, c.metadata.publication_date AS publication_date FROM c WHERE (EXISTS (SELECT VALUE 1 FROM fi IN c.metadata.classification_fi WHERE STARTSWITH(fi, @fi_pref, true)) OR EXISTS (SELECT VALUE 1 FROM ft IN c.metadata.f_term WHERE STARTSWITH(ft, @ft_pref, true)) ) AND (CONTAINS(c.metadata.title, @kw, true) OR CONTAINS(c.summary, @kw, true) OR EXISTS (SELECT VALUE 1 FROM cl IN c.claims WHERE CONTAINS(cl.text, @kw, true))) | params: {""fi_pref"": ""A63F7"", ""ft_pref"": ""2C333AA"", ""kw"": ""表示態様""} || [balanced fi_pref=A63F7 ft_pref=2C088EA kw=表示態様] SELECT c.metadata.patent_id AS patent_id, c.metadata.title AS title, c.metadata.classification_fi AS classification_fi, c.metadata.f_term AS f_term, c.summary AS summary, c.claims AS claims, c.metadata.keywords AS doc_keywords, c.metadata.classification_ipc AS classification_ipc, c.metadata.publication_date AS publication_date FROM c WHERE (EXISTS (SELECT VALUE 1 FROM fi IN c.metadata.classification_fi WHERE STARTSWITH(fi, @fi_pref, true)) OR EXISTS (SELECT VALUE 1 FROM ft IN c.metadata.f_term WHERE STARTSWITH(ft, @ft_pref, true)) ) AND (CONTAINS(c.metadata.title, @kw, true) OR CONTAINS(c.summary, @kw, true) OR EXISTS (SELECT VALUE 1 FROM cl IN c.claims WHERE CONTAINS(cl.text, @kw, true))) | params: {""fi_pref"": ""A63F7"", ""ft_pref"": ""2C088EA"", ""kw"": ""表示態様""} || [balanced fi_pref=A63F7 ft_pref=2C333EA kw=表示態様] SELECT c.metadata.patent_id AS patent_id, c.metadata.title AS title, c.metadata.classification_fi AS classification_fi, c.metadata.f_term AS f_term, c.summary AS summary, c.claims AS claims, c.metadata.keywords AS doc_keywords, c.metadata.classification_ipc AS classification_ipc, c.metadata.publication_date AS publication_date FROM c WHERE (EXISTS (SELECT VALUE 1 FROM fi IN c.metadata.classification_fi WHERE STARTSWITH(fi, @fi_pref, true)) OR EXISTS (SELECT VALUE 1 FROM ft IN c.metadata.f_term WHERE STARTSWITH(ft, @ft_pref, true)) ) AND (CONTAINS(c.metadata.title, @kw, true) OR CONTAINS(c.summary, @kw, true) OR EXISTS (SELECT VALUE 1 FROM cl IN c.claims WHERE CONTAINS(cl.text, @kw, true))) | params: {""fi_pref"": ""A63F7"", ""ft_pref"": ""2C333EA"", ""kw"": ""表示態様""}"
2020192203,24,遊技機,20201203,"[balanced fi_pref=A63F7 ft_pref=2C333AA kw=表示態様] SELECT c.metadata.patent_id AS patent_id, c.metadata.title AS title, c.metadata.classification_fi AS classification_fi, c.metadata.f_term AS f_term, c.summary AS summary, c.claims AS claims, c.metadata.keywords AS doc_keywords, c.metadata.classification_ipc AS classification_ipc, c.metadata.publication_date AS publication_date FROM c WHERE (EXISTS (SELECT VALUE 1 FROM fi IN c.metadata.classification_fi WHERE STARTSWITH(fi, @fi_pref, true)) OR EXISTS (SELECT VALUE 1 FROM ft IN c.metadata.f_term WHERE STARTSWITH(ft, @ft_pref, true)) ) AND (CONTAINS(c.metadata.title, @kw, true) OR CONTAINS(c.summary, @kw, true) OR EXISTS (SELECT VALUE 1 FROM cl IN c.claims WHERE CONTAINS(cl.text, @kw, true))) | params: {""fi_pref"": ""A63F7"", ""ft_pref"": ""2C333AA"", ""kw"": ""表示態様""} || [balanced fi_pref=A63F7 ft_pref=2C088EA kw=表示態様] SELECT c.metadata.patent_id AS patent_id, c.metadata.title AS title, c.metadata.classification_fi AS classification_fi, c.metadata.f_term AS f_term, c.summary AS summary, c.claims AS claims, c.metadata.keywords AS doc_keywords, c.metadata.classification_ipc AS classification_ipc, c.metadata.publication_date AS publication_date FROM c WHERE (EXISTS (SELECT VALUE 1 FROM fi IN c.metadata.classification_fi WHERE STARTSWITH(fi, @fi_pref, true)) OR EXISTS (SELECT VALUE 1 FROM ft IN c.metadata.f_term WHERE STARTSWITH(ft, @ft_pref, true)) ) AND (CONTAINS(c.metadata.title, @kw, true) OR CONTAINS(c.summary, @kw, true) OR EXISTS (SELECT VALUE 1 FROM cl IN c.claims WHERE CONTAINS(cl.text, @kw, true))) | params: {""fi_pref"": ""A63F7"", ""ft_pref"": ""2C088EA"", ""kw"": ""表示態様""} || [balanced fi_pref=A63F7 ft_pref=2C333EA kw=表示態様] SELECT c.metadata.patent_id AS patent_id, c.metadata.title AS title, c.metadata.classification_fi AS classification_fi, c.metadata.f_term AS f_term, c.summary AS summary, c.claims AS claims, c.metadata.keywords AS doc_keywords, c.metadata.classification_ipc AS classification_ipc, c.metadata.publication_date AS publication_date FROM c WHERE (EXISTS (SELECT VALUE 1 FROM fi IN c.metadata.classification_fi WHERE STARTSWITH(fi, @fi_pref, true)) OR EXISTS (SELECT VALUE 1 FROM ft IN c.metadata.f_term WHERE STARTSWITH(ft, @ft_pref, true)) ) AND (CONTAINS(c.metadata.title, @kw, true) OR CONTAINS(c.summary, @kw, true) OR EXISTS (SELECT VALUE 1 FROM cl IN c.claims WHERE CONTAINS(cl.text, @kw, true))) | params: {""fi_pref"": ""A63F7"", ""ft_pref"": ""2C333EA"", ""kw"": ""表示態様""}"
2020195685,24,遊技機,20201210,"[balanced fi_pref=A63F7 ft_pref=2C333AA kw=表示態様] SELECT c.metadata.patent_id AS patent_id, c.metadata.title AS title, c.metadata.classification_fi AS classification_fi, c.metadata.f_term AS f_term, c.summary AS summary, c.claims AS claims, c.metadata.keywords AS doc_keywords, c.metadata.classification_ipc AS classification_ipc, c.metadata.publication_date AS publication_date FROM c WHERE (EXISTS (SELECT VALUE 1 FROM fi IN c.metadata.classification_fi WHERE STARTSWITH(fi, @fi_pref, true)) OR EXISTS (SELECT VALUE 1 FROM ft IN c.metadata.f_term WHERE STARTSWITH(ft, @ft_pref, true)) ) AND (CONTAINS(c.metadata.title, @kw, true) OR CONTAINS(c.summary, @kw, true) OR EXISTS (SELECT VALUE 1 FROM cl IN c.claims WHERE CONTAINS(cl.text, @kw, true))) | params: {""fi_pref"": ""A63F7"", ""ft_pref"": ""2C333AA"", ""kw"": ""表示態様""} || [balanced fi_pref=A63F7 ft_pref=2C088EA kw=表示態様] SELECT c.metadata.patent_id AS patent_id, c.metadata.title AS title, c.metadata.classification_fi AS classification_fi, c.metadata.f_term AS f_term, c.summary AS summary, c.claims AS claims, c.metadata.keywords AS doc_keywords, c.metadata.classification_ipc AS classification_ipc, c.metadata.publication_date AS publication_date FROM c WHERE (EXISTS (SELECT VALUE 1 FROM fi IN c.metadata.classification_fi WHERE STARTSWITH(fi, @fi_pref, true)) OR EXISTS (SELECT VALUE 1 FROM ft IN c.metadata.f_term WHERE STARTSWITH(ft, @ft_pref, true)) ) AND (CONTAINS(c.metadata.title, @kw, true) OR CONTAINS(c.summary, @kw, true) OR EXISTS (SELECT VALUE 1 FROM cl IN c.claims WHERE CONTAINS(cl.text, @kw, true))) | params: {""fi_pref"": ""A63F7"", ""ft_pref"": ""2C088EA"", ""kw"": ""表示態様""} || [balanced fi_pref=A63F7 ft_pref=2C333EA kw=表示態様] SELECT c.metadata.patent_id AS patent_id, c.metadata.title AS title, c.metadata.classification_fi AS classification_fi, c.metadata.f_term AS f_term, c.summary AS summary, c.claims AS claims, c.metadata.keywords AS doc_keywords, c.metadata.classification_ipc AS classification_ipc, c.metadata.publication_date AS publication_date FROM c WHERE (EXISTS (SELECT VALUE 1 FROM fi IN c.metadata.classification_fi WHERE STARTSWITH(fi, @fi_pref, true)) OR EXISTS (SELECT VALUE 1 FROM ft IN c.metadata.f_term WHERE STARTSWITH(ft, @ft_pref, true)) ) AND (CONTAINS(c.metadata.title, @kw, true) OR CONTAINS(c.summary, @kw, true) OR EXISTS (SELECT VALUE 1 FROM cl IN c.claims WHERE CONTAINS(cl.text, @kw, true))) | params: {""fi_pref"": ""A63F7"", ""ft_pref"": ""2C333EA"", ""kw"": ""表示態様""}"
2019202179,24,遊技機,20191128,"[balanced fi_pref=A63F7 ft_pref=2C333AA kw=表示態様] SELECT c.metadata.patent_id AS patent_id, c.metadata.title AS title, c.metadata.classification_fi AS classification_fi, c.metadata.f_term AS f_term, c.summary AS summary, c.claims AS claims, c.metadata.keywords AS doc_keywords, c.metadata.classification_ipc AS classification_ipc, c.metadata.publication_date AS publication_date FROM c WHERE (EXISTS (SELECT VALUE 1 FROM fi IN c.metadata.classification_fi WHERE STARTSWITH(fi, @fi_pref, true)) OR EXISTS (SELECT VALUE 1 FROM ft IN c.metadata.f_term WHERE STARTSWITH(ft, @ft_pref, true)) ) AND (CONTAINS(c.metadata.title, @kw, true) OR CONTAINS(c.summary, @kw, true) OR EXISTS (SELECT VALUE 1 FROM cl IN c.claims WHERE CONTAINS(cl.text, @kw, true))) | params: {""fi_pref"": ""A63F7"", ""ft_pref"": ""2C333AA"", ""kw"": ""表示態様""} || [balanced fi_pref=A63F7 ft_pref=2C088EA kw=表示態様] SELECT c.metadata.patent_id AS patent_id, c.metadata.title AS title, c.metadata.classification_fi AS classification_fi, c.metadata.f_term AS f_term, c.summary AS summary, c.claims AS claims, c.metadata.keywords AS doc_keywords, c.metadata.classification_ipc AS classification_ipc, c.metadata.publication_date AS publication_date FROM c WHERE (EXISTS (SELECT VALUE 1 FROM fi IN c.metadata.classification_fi WHERE STARTSWITH(fi, @fi_pref, true)) OR EXISTS (SELECT VALUE 1 FROM ft IN c.metadata.f_term WHERE STARTSWITH(ft, @ft_pref, true)) ) AND (CONTAINS(c.metadata.title, @kw, true) OR CONTAINS(c.summary, @kw, true) OR EXISTS (SELECT VALUE 1 FROM cl IN c.claims WHERE CONTAINS(cl.text, @kw, true))) | params: {""fi_pref"": ""A63F7"", ""ft_pref"": ""2C088EA"", ""kw"": ""表示態様""} || [balanced fi_pref=A63F7 ft_pref=2C333EA kw=表示態様] SELECT c.metadata.patent_id AS patent_id, c.metadata.title AS title, c.metadata.classification_fi AS classification_fi, c.metadata.f_term AS f_term, c.summary AS summary, c.claims AS claims, c.metadata.keywords AS doc_keywords, c.metadata.classification_ipc AS classification_ipc, c.metadata.publication_date AS publication_date FROM c WHERE (EXISTS (SELECT VALUE 1 FROM fi IN c.metadata.classification_fi WHERE STARTSWITH(fi, @fi_pref, true)) OR EXISTS (SELECT VALUE 1 FROM ft IN c.metadata.f_term WHERE STARTSWITH(ft, @ft_pref, true)) ) AND (CONTAINS(c.metadata.title, @kw, true) OR CONTAINS(c.summary, @kw, true) OR EXISTS (SELECT VALUE 1 FROM cl IN c.claims WHERE CONTAINS(cl.text, @kw, true))) | params: {""fi_pref"": ""A63F7"", ""ft_pref"": ""2C333EA"", ""kw"": ""表示態様""}"
2021016503,24,遊技機,20210215,"[balanced fi_pref=A63F7 ft_pref=2C333AA kw=表示態様] SELECT c.metadata.patent_id AS patent_id, c.metadata.title AS title, c.metadata.classification_fi AS classification_fi, c.metadata.f_term AS f_term, c.summary AS summary, c.claims AS claims, c.metadata.keywords AS doc_keywords, c.metadata.classification_ipc AS classification_ipc, c.metadata.publication_date AS publication_date FROM c WHERE (EXISTS (SELECT VALUE 1 FROM fi IN c.metadata.classification_fi WHERE STARTSWITH(fi, @fi_pref, true)) OR EXISTS (SELECT VALUE 1 FROM ft IN c.metadata.f_term WHERE STARTSWITH(ft, @ft_pref, true)) ) AND (CONTAINS(c.metadata.title, @kw, true) OR CONTAINS(c.summary, @kw, true) OR EXISTS (SELECT VALUE 1 FROM cl IN c.claims WHERE CONTAINS(cl.text, @kw, true))) | params: {""fi_pref"": ""A63F7"", ""ft_pref"": ""2C333AA"", ""kw"": ""表示態様""} || [balanced fi_pref=A63F7 ft_pref=2C088EA kw=表示態様] SELECT c.metadata.patent_id AS patent_id, c.metadata.title AS title, c.metadata.classification_fi AS classification_fi, c.metadata.f_term AS f_term, c.summary AS summary, c.claims AS claims, c.metadata.keywords AS doc_keywords, c.metadata.classification_ipc AS classification_ipc, c.metadata.publication_date AS publication_date FROM c WHERE (EXISTS (SELECT VALUE 1 FROM fi IN c.metadata.classification_fi WHERE STARTSWITH(fi, @fi_pref, true)) OR EXISTS (SELECT VALUE 1 FROM ft IN c.metadata.f_term WHERE STARTSWITH(ft, @ft_pref, true)) ) AND (CONTAINS(c.metadata.title, @kw, true) OR CONTAINS(c.summary, @kw, true) OR EXISTS (SELECT VALUE 1 FROM cl IN c.claims WHERE CONTAINS(cl.text, @kw, true))) | params: {""fi_pref"": ""A63F7"", ""ft_pref"": ""2C088EA"", ""kw"": ""表示態様""} || [balanced fi_pref=A63F7 ft_pref=2C333EA kw=表示態様] SELECT c.metadata.patent_id AS patent_id, c.metadata.title AS title, c.metadata.classification_fi AS classification_fi, c.metadata.f_term AS f_term, c.summary AS summary, c.claims AS claims, c.metadata.keywords AS doc_keywords, c.metadata.classification_ipc AS classification_ipc, c.metadata.publication_date AS publication_date FROM c WHERE (EXISTS (SELECT VALUE 1 FROM fi IN c.metadata.classification_fi WHERE STARTSWITH(fi, @fi_pref, true)) OR EXISTS (SELECT VALUE 1 FROM ft IN c.metadata.f_term WHERE STARTSWITH(ft, @ft_pref, true)) ) AND (CONTAINS(c.metadata.title, @kw, true) OR CONTAINS(c.summary, @kw, true) OR EXISTS (SELECT VALUE 1 FROM cl IN c.claims WHERE CONTAINS(cl.text, @kw, true))) | params: {""fi_pref"": ""A63F7"", ""ft_pref"": ""2C333EA"", ""kw"": ""表示態様""}"
2019111448,24,遊技機,20190711,"[balanced fi_pref=A63F7 ft_pref=2C333AA kw=表示態様] SELECT c.metadata.patent_id AS patent_id, c.metadata.title AS title, c.metadata.classification_fi AS classification_fi, c.metadata.f_term AS f_term, c.summary AS summary, c.claims AS claims, c.metadata.keywords AS doc_keywords, c.metadata.classification_ipc AS classification_ipc, c.metadata.publication_date AS publication_date FROM c WHERE (EXISTS (SELECT VALUE 1 FROM fi IN c.metadata.classification_fi WHERE STARTSWITH(fi, @fi_pref, true)) OR EXISTS (SELECT VALUE 1 FROM ft IN c.metadata.f_term WHERE STARTSWITH(ft, @ft_pref, true)) ) AND (CONTAINS(c.metadata.title, @kw, true) OR CONTAINS(c.summary, @kw, true) OR EXISTS (SELECT VALUE 1 FROM cl IN c.claims WHERE CONTAINS(cl.text, @kw, true))) | params: {""fi_pref"": ""A63F7"", ""ft_pref"": ""2C333AA"", ""kw"": ""表示態様""} || [balanced fi_pref=A63F7 ft_pref=2C088EA kw=表示態様] SELECT c.metadata.patent_id AS patent_id, c.metadata.title AS title, c.metadata.classification_fi AS classification_fi, c.metadata.f_term AS f_term, c.summary AS summary, c.claims AS claims, c.metadata.keywords AS doc_keywords, c.metadata.classification_ipc AS classification_ipc, c.metadata.publication_date AS publication_date FROM c WHERE (EXISTS (SELECT VALUE 1 FROM fi IN c.metadata.classification_fi WHERE STARTSWITH(fi, @fi_pref, true)) OR EXISTS (SELECT VALUE 1 FROM ft IN c.metadata.f_term WHERE STARTSWITH(ft, @ft_pref, true)) ) AND (CONTAINS(c.metadata.title, @kw, true) OR CONTAINS(c.summary, @kw, true) OR EXISTS (SELECT VALUE 1 FROM cl IN c.claims WHERE CONTAINS(cl.text, @kw, true))) | params: {""fi_pref"": ""A63F7"", ""ft_pref"": ""2C088EA"", ""kw"": ""表示態様""} || [balanced fi_pref=A63F7 ft_pref=2C333EA kw=表示態様] SELECT c.metadata.patent_id AS patent_id, c.metadata.title AS title, c.metadata.classification_fi AS classification_fi, c.metadata.f_term AS f_term, c.summary AS summary, c.claims AS claims, c.metadata.keywords AS doc_keywords, c.metadata.classification_ipc AS classification_ipc, c.metadata.publication_date AS publication_date FROM c WHERE (EXISTS (SELECT VALUE 1 FROM fi IN c.metadata.classification_fi WHERE STARTSWITH(fi, @fi_pref, true)) OR EXISTS (SELECT VALUE 1 FROM ft IN c.metadata.f_term WHERE STARTSWITH(ft, @ft_pref, true)) ) AND (CONTAINS(c.metadata.title, @kw, true) OR CONTAINS(c.summary, @kw, true) OR EXISTS (SELECT VALUE 1 FROM cl IN c.claims WHERE CONTAINS(cl.text, @kw, true))) | params: {""fi_pref"": ""A63F7"", ""ft_pref"": ""2C333EA"", ""kw"": ""表示態様""}"
2021003391,24,遊技機,20210114,"[balanced fi_pref=A63F7 ft_pref=2C333AA kw=表示態様] SELECT c.metadata.patent_id AS patent_id, c.metadata.title AS title, c.metadata.classification_fi AS classification_fi, c.metadata.f_term AS f_term, c.summary AS summary, c.claims AS claims, c.metadata.keywords AS doc_keywords, c.metadata.classification_ipc AS classification_ipc, c.metadata.publication_date AS publication_date FROM c WHERE (EXISTS (SELECT VALUE 1 FROM fi IN c.metadata.classification_fi WHERE STARTSWITH(fi, @fi_pref, true)) OR EXISTS (SELECT VALUE 1 FROM ft IN c.metadata.f_term WHERE STARTSWITH(ft, @ft_pref, true)) ) AND (CONTAINS(c.metadata.title, @kw, true) OR CONTAINS(c.summary, @kw, true) OR EXISTS (SELECT VALUE 1 FROM cl IN c.claims WHERE CONTAINS(cl.text, @kw, true))) | params: {""fi_pref"": ""A63F7"", ""ft_pref"": ""2C333AA"", ""kw"": ""表示態様""} || [balanced fi_pref=A63F7 ft_pref=2C088EA kw=表示態様] SELECT c.metadata.patent_id AS patent_id, c.metadata.title AS title, c.metadata.classification_fi AS classification_fi, c.metadata.f_term AS f_term, c.summary AS summary, c.claims AS claims, c.metadata.keywords AS doc_keywords, c.metadata.classification_ipc AS classification_ipc, c.metadata.publication_date AS publication_date FROM c WHERE (EXISTS (SELECT VALUE 1 FROM fi IN c.metadata.classification_fi WHERE STARTSWITH(fi, @fi_pref, true)) OR EXISTS (SELECT VALUE 1 FROM ft IN c.metadata.f_term WHERE STARTSWITH(ft, @ft_pref, true)) ) AND (CONTAINS(c.metadata.title, @kw, true) OR CONTAINS(c.summary, @kw, true) OR EXISTS (SELECT VALUE 1 FROM cl IN c.claims WHERE CONTAINS(cl.text, @kw, true))) | params: {""fi_pref"": ""A63F7"", ""ft_pref"": ""2C088EA"", ""kw"": ""表示態様""} || [balanced fi_pref=A63F7 ft_pref=2C333EA kw=表示態様] SELECT c.metadata.patent_id AS patent_id, c.metadata.title AS title, c.metadata.classification_fi AS classification_fi, c.metadata.f_term AS f_term, c.summary AS summary, c.claims AS claims, c.metadata.keywords AS doc_keywords, c.metadata.classification_ipc AS classification_ipc, c.metadata.publication_date AS publication_date FROM c WHERE (EXISTS (SELECT VALUE 1 FROM fi IN c.metadata.classification_fi WHERE STARTSWITH(fi, @fi_pref, true)) OR EXISTS (SELECT VALUE 1 FROM ft IN c.metadata.f_term WHERE STARTSWITH(ft, @ft_pref, true)) ) AND (CONTAINS(c.metadata.title, @kw, true) OR CONTAINS(c.summary, @kw, true) OR EXISTS (SELECT VALUE 1 FROM cl IN c.claims WHERE CONTAINS(cl.text, @kw, true))) | params: {""fi_pref"": ""A63F7"", ""ft_pref"": ""2C333EA"", ""kw"": ""表示態様""}"
2019122857,24,遊技機,20190725,"[balanced fi_pref=A63F7 ft_pref=2C333AA kw=表示態様] SELECT c.metadata.patent_id AS patent_id, c.metadata.title AS title, c.metadata.classification_fi AS classification_fi, c.metadata.f_term AS f_term, c.summary AS summary, c.claims AS claims, c.metadata.keywords AS doc_keywords, c.metadata.classification_ipc AS classification_ipc, c.metadata.publication_date AS publication_date FROM c WHERE (EXISTS (SELECT VALUE 1 FROM fi IN c.metadata.classification_fi WHERE STARTSWITH(fi, @fi_pref, true)) OR EXISTS (SELECT VALUE 1 FROM ft IN c.metadata.f_term WHERE STARTSWITH(ft, @ft_pref, true)) ) AND (CONTAINS(c.metadata.title, @kw, true) OR CONTAINS(c.summary, @kw, true) OR EXISTS (SELECT VALUE 1 FROM cl IN c.claims WHERE CONTAINS(cl.text, @kw, true))) | params: {""fi_pref"": ""A63F7"", ""ft_pref"": ""2C333AA"", ""kw"": ""表示態様""} || [balanced fi_pref=A63F7 ft_pref=2C088EA kw=表示態様] SELECT c.metadata.patent_id AS patent_id, c.metadata.title AS title, c.metadata.classification_fi AS classification_fi, c.metadata.f_term AS f_term, c.summary AS summary, c.claims AS claims, c.metadata.keywords AS doc_keywords, c.metadata.classification_ipc AS classification_ipc, c.metadata.publication_date AS publication_date FROM c WHERE (EXISTS (SELECT VALUE 1 FROM fi IN c.metadata.classification_fi WHERE STARTSWITH(fi, @fi_pref, true)) OR EXISTS (SELECT VALUE 1 FROM ft IN c.metadata.f_term WHERE STARTSWITH(ft, @ft_pref, true)) ) AND (CONTAINS(c.metadata.title, @kw, true) OR CONTAINS(c.summary, @kw, true) OR EXISTS (SELECT VALUE 1 FROM cl IN c.claims WHERE CONTAINS(cl.text, @kw, true))) | params: {""fi_pref"": ""A63F7"", ""ft_pref"": ""2C088EA"", ""kw"": ""表示態様""} || [balanced fi_pref=A63F7 ft_pref=2C333EA kw=表示態様] SELECT c.metadata.patent_id AS patent_id, c.metadata.title AS title, c.metadata.classification_fi AS classification_fi, c.metadata.f_term AS f_term, c.summary AS summary, c.claims AS claims, c.metadata.keywords AS doc_keywords, c.metadata.classification_ipc AS classification_ipc, c.metadata.publication_date AS publication_date FROM c WHERE (EXISTS (SELECT VALUE 1 FROM fi IN c.metadata.classification_fi WHERE STARTSWITH(fi, @fi_pref, true)) OR EXISTS (SELECT VALUE 1 FROM ft IN c.metadata.f_term WHERE STARTSWITH(ft, @ft_pref, true)) ) AND (CONTAINS(c.metadata.title, @kw, true) OR CONTAINS(c.summary, @kw, true) OR EXISTS (SELECT VALUE 1 FROM cl IN c.claims WHERE CONTAINS(cl.text, @kw, true))) | params: {""fi_pref"": ""A63F7"", ""ft_pref"": ""2C333EA"", ""kw"": ""表示態様""}"
2020137745,24,遊技機,20200903,"[balanced fi_pref=A63F7 ft_pref=2C333AA kw=表示態様] SELECT c.metadata.patent_id AS patent_id, c.metadata.title AS title, c.metadata.classification_fi AS classification_fi, c.metadata.f_term AS f_term, c.summary AS summary, c.claims AS claims, c.metadata.keywords AS doc_keywords, c.metadata.classification_ipc AS classification_ipc, c.metadata.publication_date AS publication_date FROM c WHERE (EXISTS (SELECT VALUE 1 FROM fi IN c.metadata.classification_fi WHERE STARTSWITH(fi, @fi_pref, true)) OR EXISTS (SELECT VALUE 1 FROM ft IN c.metadata.f_term WHERE STARTSWITH(ft, @ft_pref, true)) ) AND (CONTAINS(c.metadata.title, @kw, true) OR CONTAINS(c.summary, @kw, true) OR EXISTS (SELECT VALUE 1 FROM cl IN c.claims WHERE CONTAINS(cl.text, @kw, true))) | params: {""fi_pref"": ""A63F7"", ""ft_pref"": ""2C333AA"", ""kw"": ""表示態様""} || [balanced fi_pref=A63F7 ft_pref=2C088EA kw=表示態様] SELECT c.metadata.patent_id AS patent_id, c.metadata.title AS title, c.metadata.classification_fi AS classification_fi, c.metadata.f_term AS f_term, c.summary AS summary, c.claims AS claims, c.metadata.keywords AS doc_keywords, c.metadata.classification_ipc AS classification_ipc, c.metadata.publication_date AS publication_date FROM c WHERE (EXISTS (SELECT VALUE 1 FROM fi IN c.metadata.classification_fi WHERE STARTSWITH(fi, @fi_pref, true)) OR EXISTS (SELECT VALUE 1 FROM ft IN c.metadata.f_term WHERE STARTSWITH(ft, @ft_pref, true)) ) AND (CONTAINS(c.metadata.title, @kw, true) OR CONTAINS(c.summary, @kw, true) OR EXISTS (SELECT VALUE 1 FROM cl IN c.claims WHERE CONTAINS(cl.text, @kw, true))) | params: {""fi_pref"": ""A63F7"", ""ft_pref"": ""2C088EA"", ""kw"": ""表示態様""} || [balanced fi_pref=A63F7 ft_pref=2C333EA kw=表示態様] SELECT c.metadata.patent_id AS patent_id, c.metadata.title AS title, c.metadata.classification_fi AS classification_fi, c.metadata.f_term AS f_term, c.summary AS summary, c.claims AS claims, c.metadata.keywords AS doc_keywords, c.metadata.classification_ipc AS classification_ipc, c.metadata.publication_date AS publication_date FROM c WHERE (EXISTS (SELECT VALUE 1 FROM fi IN c.metadata.classification_fi WHERE STARTSWITH(fi, @fi_pref, true)) OR EXISTS (SELECT VALUE 1 FROM ft IN c.metadata.f_term WHERE STARTSWITH(ft, @ft_pref, true)) ) AND (CONTAINS(c.metadata.title, @kw, true) OR CONTAINS(c.summary, @kw, true) OR EXISTS (SELECT VALUE 1 FROM cl IN c.claims WHERE CONTAINS(cl.text, @kw, true))) | params: {""fi_pref"": ""A63F7"", ""ft_pref"": ""2C333EA"", ""kw"": ""表示態様""}"
2019181309,24,遊技機,20191024,"[balanced fi_pref=A63F7 ft_pref=2C333AA kw=表示態様] SELECT c.metadata.patent_id AS patent_id, c.metadata.title AS title, c.metadata.classification_fi AS classification_fi, c.metadata.f_term AS f_term, c.summary AS summary, c.claims AS claims, c.metadata.keywords AS doc_keywords, c.metadata.classification_ipc AS classification_ipc, c.metadata.publication_date AS publication_date FROM c WHERE (EXISTS (SELECT VALUE 1 FROM fi IN c.metadata.classification_fi WHERE STARTSWITH(fi, @fi_pref, true)) OR EXISTS (SELECT VALUE 1 FROM ft IN c.metadata.f_term WHERE STARTSWITH(ft, @ft_pref, true)) ) AND (CONTAINS(c.metadata.title, @kw, true) OR CONTAINS(c.summary, @kw, true) OR EXISTS (SELECT VALUE 1 FROM cl IN c.claims WHERE CONTAINS(cl.text, @kw, true))) | params: {""fi_pref"": ""A63F7"", ""ft_pref"": ""2C333AA"", ""kw"": ""表示態様""} || [balanced fi_pref=A63F7 ft_pref=2C088EA kw=表示態様] SELECT c.metadata.patent_id AS patent_id, c.metadata.title AS title, c.metadata.classification_fi AS classification_fi, c.metadata.f_term AS f_term, c.summary AS summary, c.claims AS claims, c.metadata.keywords AS doc_keywords, c.metadata.classification_ipc AS classification_ipc, c.metadata.publication_date AS publication_date FROM c WHERE (EXISTS (SELECT VALUE 1 FROM fi IN c.metadata.classification_fi WHERE STARTSWITH(fi, @fi_pref, true)) OR EXISTS (SELECT VALUE 1 FROM ft IN c.metadata.f_term WHERE STARTSWITH(ft, @ft_pref, true)) ) AND (CONTAINS(c.metadata.title, @kw, true) OR CONTAINS(c.summary, @kw, true) OR EXISTS (SELECT VALUE 1 FROM cl IN c.claims WHERE CONTAINS(cl.text, @kw, true))) | params: {""fi_pref"": ""A63F7"", ""ft_pref"": ""2C088EA"", ""kw"": ""表示態様""} || [balanced fi_pref=A63F7 ft_pref=2C333EA kw=表示態様] SELECT c.metadata.patent_id AS patent_id, c.metadata.title AS title, c.metadata.classification_fi AS classification_fi, c.metadata.f_term AS f_term, c.summary AS summary, c.claims AS claims, c.metadata.keywords AS doc_keywords, c.metadata.classification_ipc AS classification_ipc, c.metadata.publication_date AS publication_date FROM c WHERE (EXISTS (SELECT VALUE 1 FROM fi IN c.metadata.classification_fi WHERE STARTSWITH(fi, @fi_pref, true)) OR EXISTS (SELECT VALUE 1 FROM ft IN c.metadata.f_term WHERE STARTSWITH(ft, @ft_pref, true)) ) AND (CONTAINS(c.metadata.title, @kw, true) OR CONTAINS(c.summary, @kw, true) OR EXISTS (SELECT VALUE 1 FROM cl IN c.claims WHERE CONTAINS(cl.text, @kw, true))) | params: {""fi_pref"": ""A63F7"", ""ft_pref"": ""2C333EA"", ""kw"": ""表示態様""}"
2019136534,24,遊技機,20190822,"[balanced fi_pref=A63F7 ft_pref=2C333AA kw=表示態様] SELECT c.metadata.patent_id AS patent_id, c.metadata.title AS title, c.metadata.classification_fi AS classification_fi, c.metadata.f_term AS f_term, c.summary AS summary, c.claims AS claims, c.metadata.keywords AS doc_keywords, c.metadata.classification_ipc AS classification_ipc, c.metadata.publication_date AS publication_date FROM c WHERE (EXISTS (SELECT VALUE 1 FROM fi IN c.metadata.classification_fi WHERE STARTSWITH(fi, @fi_pref, true)) OR EXISTS (SELECT VALUE 1 FROM ft IN c.metadata.f_term WHERE STARTSWITH(ft, @ft_pref, true)) ) AND (CONTAINS(c.metadata.title, @kw, true) OR CONTAINS(c.summary, @kw, true) OR EXISTS (SELECT VALUE 1 FROM cl IN c.claims WHERE CONTAINS(cl.text, @kw, true))) | params: {""fi_pref"": ""A63F7"", ""ft_pref"": ""2C333AA"", ""kw"": ""表示態様""} || [balanced fi_pref=A63F7 ft_pref=2C088EA kw=表示態様] SELECT c.metadata.patent_id AS patent_id, c.metadata.title AS title, c.metadata.classification_fi AS classification_fi, c.metadata.f_term AS f_term, c.summary AS summary, c.claims AS claims, c.metadata.keywords AS doc_keywords, c.metadata.classification_ipc AS classification_ipc, c.metadata.publication_date AS publication_date FROM c WHERE (EXISTS (SELECT VALUE 1 FROM fi IN c.metadata.classification_fi WHERE STARTSWITH(fi, @fi_pref, true)) OR EXISTS (SELECT VALUE 1 FROM ft IN c.metadata.f_term WHERE STARTSWITH(ft, @ft_pref, true)) ) AND (CONTAINS(c.metadata.title, @kw, true) OR CONTAINS(c.summary, @kw, true) OR EXISTS (SELECT VALUE 1 FROM cl IN c.claims WHERE CONTAINS(cl.text, @kw, true))) | params: {""fi_pref"": ""A63F7"", ""ft_pref"": ""2C088EA"", ""kw"": ""表示態様""} || [balanced fi_pref=A63F7 ft_pref=2C333EA kw=表示態様] SELECT c.metadata.patent_id AS patent_id, c.metadata.title AS title, c.metadata.classification_fi AS classification_fi, c.metadata.f_term AS f_term, c.summary AS summary, c.claims AS claims, c.metadata.keywords AS doc_keywords, c.metadata.classification_ipc AS classification_ipc, c.metadata.publication_date AS publication_date FROM c WHERE (EXISTS (SELECT VALUE 1 FROM fi IN c.metadata.classification_fi WHERE STARTSWITH(fi, @fi_pref, true)) OR EXISTS (SELECT VALUE 1 FROM ft IN c.metadata.f_term WHERE STARTSWITH(ft, @ft_pref, true)) ) AND (CONTAINS(c.metadata.title, @kw, true) OR CONTAINS(c.summary, @kw, true) OR EXISTS (SELECT VALUE 1 FROM cl IN c.claims WHERE CONTAINS(cl.text, @kw, true))) | params: {""fi_pref"": ""A63F7"", ""ft_pref"": ""2C333EA"", ""kw"": ""表示態様""}"
2021000189,24,遊技機,20210107,"[balanced fi_pref=A63F7 ft_pref=2C333AA kw=表示態様] SELECT c.metadata.patent_id AS patent_id, c.metadata.title AS title, c.metadata.classification_fi AS classification_fi, c.metadata.f_term AS f_term, c.summary AS summary, c.claims AS claims, c.metadata.keywords AS doc_keywords, c.metadata.classification_ipc AS classification_ipc, c.metadata.publication_date AS publication_date FROM c WHERE (EXISTS (SELECT VALUE 1 FROM fi IN c.metadata.classification_fi WHERE STARTSWITH(fi, @fi_pref, true)) OR EXISTS (SELECT VALUE 1 FROM ft IN c.metadata.f_term WHERE STARTSWITH(ft, @ft_pref, true)) ) AND (CONTAINS(c.metadata.title, @kw, true) OR CONTAINS(c.summary, @kw, true) OR EXISTS (SELECT VALUE 1 FROM cl IN c.claims WHERE CONTAINS(cl.text, @kw, true))) | params: {""fi_pref"": ""A63F7"", ""ft_pref"": ""2C333AA"", ""kw"": ""表示態様""} || [balanced fi_pref=A63F7 ft_pref=2C088EA kw=表示態様] SELECT c.metadata.patent_id AS patent_id, c.metadata.title AS title, c.metadata.classification_fi AS classification_fi, c.metadata.f_term AS f_term, c.summary AS summary, c.claims AS claims, c.metadata.keywords AS doc_keywords, c.metadata.classification_ipc AS classification_ipc, c.metadata.publication_date AS publication_date FROM c WHERE (EXISTS (SELECT VALUE 1 FROM fi IN c.metadata.classification_fi WHERE STARTSWITH(fi, @fi_pref, true)) OR EXISTS (SELECT VALUE 1 FROM ft IN c.metadata.f_term WHERE STARTSWITH(ft, @ft_pref, true)) ) AND (CONTAINS(c.metadata.title, @kw, true) OR CONTAINS(c.summary, @kw, true) OR EXISTS (SELECT VALUE 1 FROM cl IN c.claims WHERE CONTAINS(cl.text, @kw, true))) | params: {""fi_pref"": ""A63F7"", ""ft_pref"": ""2C088EA"", ""kw"": ""表示態様""} || [balanced fi_pref=A63F7 ft_pref=2C333EA kw=表示態様] SELECT c.metadata.patent_id AS patent_id, c.metadata.title AS title, c.metadata.classification_fi AS classification_fi, c.metadata.f_term AS f_term, c.summary AS summary, c.claims AS claims, c.metadata.keywords AS doc_keywords, c.metadata.classification_ipc AS classification_ipc, c.metadata.publication_date AS publication_date FROM c WHERE (EXISTS (SELECT VALUE 1 FROM fi IN c.metadata.classification_fi WHERE STARTSWITH(fi, @fi_pref, true)) OR EXISTS (SELECT VALUE 1 FROM ft IN c.metadata.f_term WHERE STARTSWITH(ft, @ft_pref, true)) ) AND (CONTAINS(c.metadata.title, @kw, true) OR CONTAINS(c.summary, @kw, true) OR EXISTS (SELECT VALUE 1 FROM cl IN c.claims WHERE CONTAINS(cl.text, @kw, true))) | params: {""fi_pref"": ""A63F7"", ""ft_pref"": ""2C333EA"", ""kw"": ""表示態様""}"
2021023685,24,遊技機,20210222,"[balanced fi_pref=A63F7 ft_pref=2C333AA kw=表示態様] SELECT c.metadata.patent_id AS patent_id, c.metadata.title AS title, c.metadata.classification_fi AS classification_fi, c.metadata.f_term AS f_term, c.summary AS summary, c.claims AS claims, c.metadata.keywords AS doc_keywords, c.metadata.classification_ipc AS classification_ipc, c.metadata.publication_date AS publication_date FROM c WHERE (EXISTS (SELECT VALUE 1 FROM fi IN c.metadata.classification_fi WHERE STARTSWITH(fi, @fi_pref, true)) OR EXISTS (SELECT VALUE 1 FROM ft IN c.metadata.f_term WHERE STARTSWITH(ft, @ft_pref, true)) ) AND (CONTAINS(c.metadata.title, @kw, true) OR CONTAINS(c.summary, @kw, true) OR EXISTS (SELECT VALUE 1 FROM cl IN c.claims WHERE CONTAINS(cl.text, @kw, true))) | params: {""fi_pref"": ""A63F7"", ""ft_pref"": ""2C333AA"", ""kw"": ""表示態様""} || [balanced fi_pref=A63F7 ft_pref=2C088EA kw=表示態様] SELECT c.metadata.patent_id AS patent_id, c.metadata.title AS title, c.metadata.classification_fi AS classification_fi, c.metadata.f_term AS f_term, c.summary AS summary, c.claims AS claims, c.metadata.keywords AS doc_keywords, c.metadata.classification_ipc AS classification_ipc, c.metadata.publication_date AS publication_date FROM c WHERE (EXISTS (SELECT VALUE 1 FROM fi IN c.metadata.classification_fi WHERE STARTSWITH(fi, @fi_pref, true)) OR EXISTS (SELECT VALUE 1 FROM ft IN c.metadata.f_term WHERE STARTSWITH(ft, @ft_pref, true)) ) AND (CONTAINS(c.metadata.title, @kw, true) OR CONTAINS(c.summary, @kw, true) OR EXISTS (SELECT VALUE 1 FROM cl IN c.claims WHERE CONTAINS(cl.text, @kw, true))) | params: {""fi_pref"": ""A63F7"", ""ft_pref"": ""2C088EA"", ""kw"": ""表示態様""} || [balanced fi_pref=A63F7 ft_pref=2C333EA kw=表示態様] SELECT c.metadata.patent_id AS patent_id, c.metadata.title AS title, c.metadata.classification_fi AS classification_fi, c.metadata.f_term AS f_term, c.summary AS summary, c.claims AS claims, c.metadata.keywords AS doc_keywords, c.metadata.classification_ipc AS classification_ipc, c.metadata.publication_date AS publication_date FROM c WHERE (EXISTS (SELECT VALUE 1 FROM fi IN c.metadata.classification_fi WHERE STARTSWITH(fi, @fi_pref, true)) OR EXISTS (SELECT VALUE 1 FROM ft IN c.metadata.f_term WHERE STARTSWITH(ft, @ft_pref, true)) ) AND (CONTAINS(c.metadata.title, @kw, true) OR CONTAINS(c.summary, @kw, true) OR EXISTS (SELECT VALUE 1 FROM cl IN c.claims WHERE CONTAINS(cl.text, @kw, true))) | params: {""fi_pref"": ""A63F7"", ""ft_pref"": ""2C333EA"", ""kw"": ""表示態様""}"
2021037223,24,遊技機,20210311,"[balanced fi_pref=A63F7 ft_pref=2C333AA kw=表示態様] SELECT c.metadata.patent_id AS patent_id, c.metadata.title AS title, c.metadata.classification_fi AS classification_fi, c.metadata.f_term AS f_term, c.summary AS summary, c.claims AS claims, c.metadata.keywords AS doc_keywords, c.metadata.classification_ipc AS classification_ipc, c.metadata.publication_date AS publication_date FROM c WHERE (EXISTS (SELECT VALUE 1 FROM fi IN c.metadata.classification_fi WHERE STARTSWITH(fi, @fi_pref, true)) OR EXISTS (SELECT VALUE 1 FROM ft IN c.metadata.f_term WHERE STARTSWITH(ft, @ft_pref, true)) ) AND (CONTAINS(c.metadata.title, @kw, true) OR CONTAINS(c.summary, @kw, true) OR EXISTS (SELECT VALUE 1 FROM cl IN c.claims WHERE CONTAINS(cl.text, @kw, true))) | params: {""fi_pref"": ""A63F7"", ""ft_pref"": ""2C333AA"", ""kw"": ""表示態様""} || [balanced fi_pref=A63F7 ft_pref=2C088EA kw=表示態様] SELECT c.metadata.patent_id AS patent_id, c.metadata.title AS title, c.metadata.classification_fi AS classification_fi, c.metadata.f_term AS f_term, c.summary AS summary, c.claims AS claims, c.metadata.keywords AS doc_keywords, c.metadata.classification_ipc AS classification_ipc, c.metadata.publication_date AS publication_date FROM c WHERE (EXISTS (SELECT VALUE 1 FROM fi IN c.metadata.classification_fi WHERE STARTSWITH(fi, @fi_pref, true)) OR EXISTS (SELECT VALUE 1 FROM ft IN c.metadata.f_term WHERE STARTSWITH(ft, @ft_pref, true)) ) AND (CONTAINS(c.metadata.title, @kw, true) OR CONTAINS(c.summary, @kw, true) OR EXISTS (SELECT VALUE 1 FROM cl IN c.claims WHERE CONTAINS(cl.text, @kw, true))) | params: {""fi_pref"": ""A63F7"", ""ft_pref"": ""2C088EA"", ""kw"": ""表示態様""} || [balanced fi_pref=A63F7 ft_pref=2C333EA kw=表示態様] SELECT c.metadata.patent_id AS patent_id, c.metadata.title AS title, c.metadata.classification_fi AS classification_fi, c.metadata.f_term AS f_term, c.summary AS summary, c.claims AS claims, c.metadata.keywords AS doc_keywords, c.metadata.classification_ipc AS classification_ipc, c.metadata.publication_date AS publication_date FROM c WHERE (EXISTS (SELECT VALUE 1 FROM fi IN c.metadata.classification_fi WHERE STARTSWITH(fi, @fi_pref, true)) OR EXISTS (SELECT VALUE 1 FROM ft IN c.metadata.f_term WHERE STARTSWITH(ft, @ft_pref, true)) ) AND (CONTAINS(c.metadata.title, @kw, true) OR CONTAINS(c.summary, @kw, true) OR EXISTS (SELECT VALUE 1 FROM cl IN c.claims WHERE CONTAINS(cl.text, @kw, true))) | params: {""fi_pref"": ""A63F7"", ""ft_pref"": ""2C333EA"", ""kw"": ""表示態様""}"
2019162523,24,遊技機,20190926,"[balanced fi_pref=A63F7 ft_pref=2C333AA kw=表示態様] SELECT c.metadata.patent_id AS patent_id, c.metadata.title AS title, c.metadata.classification_fi AS classification_fi, c.metadata.f_term AS f_term, c.summary AS summary, c.claims AS claims, c.metadata.keywords AS doc_keywords, c.metadata.classification_ipc AS classification_ipc, c.metadata.publication_date AS publication_date FROM c WHERE (EXISTS (SELECT VALUE 1 FROM fi IN c.metadata.classification_fi WHERE STARTSWITH(fi, @fi_pref, true)) OR EXISTS (SELECT VALUE 1 FROM ft IN c.metadata.f_term WHERE STARTSWITH(ft, @ft_pref, true)) ) AND (CONTAINS(c.metadata.title, @kw, true) OR CONTAINS(c.summary, @kw, true) OR EXISTS (SELECT VALUE 1 FROM cl IN c.claims WHERE CONTAINS(cl.text, @kw, true))) | params: {""fi_pref"": ""A63F7"", ""ft_pref"": ""2C333AA"", ""kw"": ""表示態様""} || [balanced fi_pref=A63F7 ft_pref=2C088EA kw=表示態様] SELECT c.metadata.patent_id AS patent_id, c.metadata.title AS title, c.metadata.classification_fi AS classification_fi, c.metadata.f_term AS f_term, c.summary AS summary, c.claims AS claims, c.metadata.keywords AS doc_keywords, c.metadata.classification_ipc AS classification_ipc, c.metadata.publication_date AS publication_date FROM c WHERE (EXISTS (SELECT VALUE 1 FROM fi IN c.metadata.classification_fi WHERE STARTSWITH(fi, @fi_pref, true)) OR EXISTS (SELECT VALUE 1 FROM ft IN c.metadata.f_term WHERE STARTSWITH(ft, @ft_pref, true)) ) AND (CONTAINS(c.metadata.title, @kw, true) OR CONTAINS(c.summary, @kw, true) OR EXISTS (SELECT VALUE 1 FROM cl IN c.claims WHERE CONTAINS(cl.text, @kw, true))) | params: {""fi_pref"": ""A63F7"", ""ft_pref"": ""2C088EA"", ""kw"": ""表示態様""} || [balanced fi_pref=A63F7 ft_pref=2C333EA kw=表示態様] SELECT c.metadata.patent_id AS patent_id, c.metadata.title AS title, c.metadata.classification_fi AS classification_fi, c.metadata.f_term AS f_term, c.summary AS summary, c.claims AS claims, c.metadata.keywords AS doc_keywords, c.metadata.classification_ipc AS classification_ipc, c.metadata.publication_date AS publication_date FROM c WHERE (EXISTS (SELECT VALUE 1 FROM fi IN c.metadata.classification_fi WHERE STARTSWITH(fi, @fi_pref, true)) OR EXISTS (SELECT VALUE 1 FROM ft IN c.metadata.f_term WHERE STARTSWITH(ft, @ft_pref, true)) ) AND (CONTAINS(c.metadata.title, @kw, true) OR CONTAINS(c.summary, @kw, true) OR EXISTS (SELECT VALUE 1 FROM cl IN c.claims WHERE CONTAINS(cl.text, @kw, true))) | params: {""fi_pref"": ""A63F7"", ""ft_pref"": ""2C333EA"", ""kw"": ""表示態様""}"
2020151418,24,遊技機,20200924,"[balanced fi_pref=A63F7 ft_pref=2C333AA kw=表示態様] SELECT c.metadata.patent_id AS patent_id, c.metadata.title AS title, c.metadata.classification_fi AS classification_fi, c.metadata.f_term AS f_term, c.summary AS summary, c.claims AS claims, c.metadata.keywords AS doc_keywords, c.metadata.classification_ipc AS classification_ipc, c.metadata.publication_date AS publication_date FROM c WHERE (EXISTS (SELECT VALUE 1 FROM fi IN c.metadata.classification_fi WHERE STARTSWITH(fi, @fi_pref, true)) OR EXISTS (SELECT VALUE 1 FROM ft IN c.metadata.f_term WHERE STARTSWITH(ft, @ft_pref, true)) ) AND (CONTAINS(c.metadata.title, @kw, true) OR CONTAINS(c.summary, @kw, true) OR EXISTS (SELECT VALUE 1 FROM cl IN c.claims WHERE CONTAINS(cl.text, @kw, true))) | params: {""fi_pref"": ""A63F7"", ""ft_pref"": ""2C333AA"", ""kw"": ""表示態様""} || [balanced fi_pref=A63F7 ft_pref=2C088EA kw=表示態様] SELECT c.metadata.patent_id AS patent_id, c.metadata.title AS title, c.metadata.classification_fi AS classification_fi, c.metadata.f_term AS f_term, c.summary AS summary, c.claims AS claims, c.metadata.keywords AS doc_keywords, c.metadata.classification_ipc AS classification_ipc, c.metadata.publication_date AS publication_date FROM c WHERE (EXISTS (SELECT VALUE 1 FROM fi IN c.metadata.classification_fi WHERE STARTSWITH(fi, @fi_pref, true)) OR EXISTS (SELECT VALUE 1 FROM ft IN c.metadata.f_term WHERE STARTSWITH(ft, @ft_pref, true)) ) AND (CONTAINS(c.metadata.title, @kw, true) OR CONTAINS(c.summary, @kw, true) OR EXISTS (SELECT VALUE 1 FROM cl IN c.claims WHERE CONTAINS(cl.text, @kw, true))) | params: {""fi_pref"": ""A63F7"", ""ft_pref"": ""2C088EA"", ""kw"": ""表示態様""} || [balanced fi_pref=A63F7 ft_pref=2C333EA kw=表示態様] SELECT c.metadata.patent_id AS patent_id, c.metadata.title AS title, c.metadata.classification_fi AS classification_fi, c.metadata.f_term AS f_term, c.summary AS summary, c.claims AS claims, c.metadata.keywords AS doc_keywords, c.metadata.classification_ipc AS classification_ipc, c.metadata.publication_date AS publication_date FROM c WHERE (EXISTS (SELECT VALUE 1 FROM fi IN c.metadata.classification_fi WHERE STARTSWITH(fi, @fi_pref, true)) OR EXISTS (SELECT VALUE 1 FROM ft IN c.metadata.f_term WHERE STARTSWITH(ft, @ft_pref, true)) ) AND (CONTAINS(c.metadata.title, @kw, true) OR CONTAINS(c.summary, @kw, true) OR EXISTS (SELECT VALUE 1 FROM cl IN c.claims WHERE CONTAINS(cl.text, @kw, true))) | params: {""fi_pref"": ""A63F7"", ""ft_pref"": ""2C333EA"", ""kw"": ""表示態様""}"
2021023370,24,遊技機,20210222,"[balanced fi_pref=A63F7 ft_pref=2C333AA kw=表示態様] SELECT c.metadata.patent_id AS patent_id, c.metadata.title AS title, c.metadata.classification_fi AS classification_fi, c.metadata.f_term AS f_term, c.summary AS summary, c.claims AS claims, c.metadata.keywords AS doc_keywords, c.metadata.classification_ipc AS classification_ipc, c.metadata.publication_date AS publication_date FROM c WHERE (EXISTS (SELECT VALUE 1 FROM fi IN c.metadata.classification_fi WHERE STARTSWITH(fi, @fi_pref, true)) OR EXISTS (SELECT VALUE 1 FROM ft IN c.metadata.f_term WHERE STARTSWITH(ft, @ft_pref, true)) ) AND (CONTAINS(c.metadata.title, @kw, true) OR CONTAINS(c.summary, @kw, true) OR EXISTS (SELECT VALUE 1 FROM cl IN c.claims WHERE CONTAINS(cl.text, @kw, true))) | params: {""fi_pref"": ""A63F7"", ""ft_pref"": ""2C333AA"", ""kw"": ""表示態様""} || [balanced fi_pref=A63F7 ft_pref=2C088EA kw=表示態様] SELECT c.metadata.patent_id AS patent_id, c.metadata.title AS title, c.metadata.classification_fi AS classification_fi, c.metadata.f_term AS f_term, c.summary AS summary, c.claims AS claims, c.metadata.keywords AS doc_keywords, c.metadata.classification_ipc AS classification_ipc, c.metadata.publication_date AS publication_date FROM c WHERE (EXISTS (SELECT VALUE 1 FROM fi IN c.metadata.classification_fi WHERE STARTSWITH(fi, @fi_pref, true)) OR EXISTS (SELECT VALUE 1 FROM ft IN c.metadata.f_term WHERE STARTSWITH(ft, @ft_pref, true)) ) AND (CONTAINS(c.metadata.title, @kw, true) OR CONTAINS(c.summary, @kw, true) OR EXISTS (SELECT VALUE 1 FROM cl IN c.claims WHERE CONTAINS(cl.text, @kw, true))) | params: {""fi_pref"": ""A63F7"", ""ft_pref"": ""2C088EA"", ""kw"": ""表示態様""} || [balanced fi_pref=A63F7 ft_pref=2C333EA kw=表示態様] SELECT c.metadata.patent_id AS patent_id, c.metadata.title AS title, c.metadata.classification_fi AS classification_fi, c.metadata.f_term AS f_term, c.summary AS summary, c.claims AS claims, c.metadata.keywords AS doc_keywords, c.metadata.classification_ipc AS classification_ipc, c.metadata.publication_date AS publication_date FROM c WHERE (EXISTS (SELECT VALUE 1 FROM fi IN c.metadata.classification_fi WHERE STARTSWITH(fi, @fi_pref, true)) OR EXISTS (SELECT VALUE 1 FROM ft IN c.metadata.f_term WHERE STARTSWITH(ft, @ft_pref, true)) ) AND (CONTAINS(c.metadata.title, @kw, true) OR CONTAINS(c.summary, @kw, true) OR EXISTS (SELECT VALUE 1 FROM cl IN c.claims WHERE CONTAINS(cl.text, @kw, true))) | params: {""fi_pref"": ""A63F7"", ""ft_pref"": ""2C333EA"", ""kw"": ""表示態様""}"
2020171528,24,遊技機,20201022,"[balanced fi_pref=A63F7 ft_pref=2C333AA kw=表示態様] SELECT c.metadata.patent_id AS patent_id, c.metadata.title AS title, c.metadata.classification_fi AS classification_fi, c.metadata.f_term AS f_term, c.summary AS summary, c.claims AS claims, c.metadata.keywords AS doc_keywords, c.metadata.classification_ipc AS classification_ipc, c.metadata.publication_date AS publication_date FROM c WHERE (EXISTS (SELECT VALUE 1 FROM fi IN c.metadata.classification_fi WHERE STARTSWITH(fi, @fi_pref, true)) OR EXISTS (SELECT VALUE 1 FROM ft IN c.metadata.f_term WHERE STARTSWITH(ft, @ft_pref, true)) ) AND (CONTAINS(c.metadata.title, @kw, true) OR CONTAINS(c.summary, @kw, true) OR EXISTS (SELECT VALUE 1 FROM cl IN c.claims WHERE CONTAINS(cl.text, @kw, true))) | params: {""fi_pref"": ""A63F7"", ""ft_pref"": ""2C333AA"", ""kw"": ""表示態様""} || [balanced fi_pref=A63F7 ft_pref=2C088EA kw=表示態様] SELECT c.metadata.patent_id AS patent_id, c.metadata.title AS title, c.metadata.classification_fi AS classification_fi, c.metadata.f_term AS f_term, c.summary AS summary, c.claims AS claims, c.metadata.keywords AS doc_keywords, c.metadata.classification_ipc AS classification_ipc, c.metadata.publication_date AS publication_date FROM c WHERE (EXISTS (SELECT VALUE 1 FROM fi IN c.metadata.classification_fi WHERE STARTSWITH(fi, @fi_pref, true)) OR EXISTS (SELECT VALUE 1 FROM ft IN c.metadata.f_term WHERE STARTSWITH(ft, @ft_pref, true)) ) AND (CONTAINS(c.metadata.title, @kw, true) OR CONTAINS(c.summary, @kw, true) OR EXISTS (SELECT VALUE 1 FROM cl IN c.claims WHERE CONTAINS(cl.text, @kw, true))) | params: {""fi_pref"": ""A63F7"", ""ft_pref"": ""2C088EA"", ""kw"": ""表示態様""} || [balanced fi_pref=A63F7 ft_pref=2C333EA kw=表示態様] SELECT c.metadata.patent_id AS patent_id, c.metadata.title AS title, c.metadata.classification_fi AS classification_fi, c.metadata.f_term AS f_term, c.summary AS summary, c.claims AS claims, c.metadata.keywords AS doc_keywords, c.metadata.classification_ipc AS classification_ipc, c.metadata.publication_date AS publication_date FROM c WHERE (EXISTS (SELECT VALUE 1 FROM fi IN c.metadata.classification_fi WHERE STARTSWITH(fi, @fi_pref, true)) OR EXISTS (SELECT VALUE 1 FROM ft IN c.metadata.f_term WHERE STARTSWITH(ft, @ft_pref, true)) ) AND (CONTAINS(c.metadata.title, @kw, true) OR CONTAINS(c.summary, @kw, true) OR EXISTS (SELECT VALUE 1 FROM cl IN c.claims WHERE CONTAINS(cl.text, @kw, true))) | params: {""fi_pref"": ""A63F7"", ""ft_pref"": ""2C333EA"", ""kw"": ""表示態様""}"
2021037222,24,遊技機,20210311,"[balanced fi_pref=A63F7 ft_pref=2C333AA kw=表示態様] SELECT c.metadata.patent_id AS patent_id, c.metadata.title AS title, c.metadata.classification_fi AS classification_fi, c.metadata.f_term AS f_term, c.summary AS summary, c.claims AS claims, c.metadata.keywords AS doc_keywords, c.metadata.classification_ipc AS classification_ipc, c.metadata.publication_date AS publication_date FROM c WHERE (EXISTS (SELECT VALUE 1 FROM fi IN c.metadata.classification_fi WHERE STARTSWITH(fi, @fi_pref, true)) OR EXISTS (SELECT VALUE 1 FROM ft IN c.metadata.f_term WHERE STARTSWITH(ft, @ft_pref, true)) ) AND (CONTAINS(c.metadata.title, @kw, true) OR CONTAINS(c.summary, @kw, true) OR EXISTS (SELECT VALUE 1 FROM cl IN c.claims WHERE CONTAINS(cl.text, @kw, true))) | params: {""fi_pref"": ""A63F7"", ""ft_pref"": ""2C333AA"", ""kw"": ""表示態様""} || [balanced fi_pref=A63F7 ft_pref=2C088EA kw=表示態様] SELECT c.metadata.patent_id AS patent_id, c.metadata.title AS title, c.metadata.classification_fi AS classification_fi, c.metadata.f_term AS f_term, c.summary AS summary, c.claims AS claims, c.metadata.keywords AS doc_keywords, c.metadata.classification_ipc AS classification_ipc, c.metadata.publication_date AS publication_date FROM c WHERE (EXISTS (SELECT VALUE 1 FROM fi IN c.metadata.classification_fi WHERE STARTSWITH(fi, @fi_pref, true)) OR EXISTS (SELECT VALUE 1 FROM ft IN c.metadata.f_term WHERE STARTSWITH(ft, @ft_pref, true)) ) AND (CONTAINS(c.metadata.title, @kw, true) OR CONTAINS(c.summary, @kw, true) OR EXISTS (SELECT VALUE 1 FROM cl IN c.claims WHERE CONTAINS(cl.text, @kw, true))) | params: {""fi_pref"": ""A63F7"", ""ft_pref"": ""2C088EA"", ""kw"": ""表示態様""} || [balanced fi_pref=A63F7 ft_pref=2C333EA kw=表示態様] SELECT c.metadata.patent_id AS patent_id, c.metadata.title AS title, c.metadata.classification_fi AS classification_fi, c.metadata.f_term AS f_term, c.summary AS summary, c.claims AS claims, c.metadata.keywords AS doc_keywords, c.metadata.classification_ipc AS classification_ipc, c.metadata.publication_date AS publication_date FROM c WHERE (EXISTS (SELECT VALUE 1 FROM fi IN c.metadata.classification_fi WHERE STARTSWITH(fi, @fi_pref, true)) OR EXISTS (SELECT VALUE 1 FROM ft IN c.metadata.f_term WHERE STARTSWITH(ft, @ft_pref, true)) ) AND (CONTAINS(c.metadata.title, @kw, true) OR CONTAINS(c.summary, @kw, true) OR EXISTS (SELECT VALUE 1 FROM cl IN c.claims WHERE CONTAINS(cl.text, @kw, true))) | params: {""fi_pref"": ""A63F7"", ""ft_pref"": ""2C333EA"", ""kw"": ""表示態様""}"
2020137917,24,遊技機,20200903,"[balanced fi_pref=A63F7 ft_pref=2C333AA kw=表示態様] SELECT c.metadata.patent_id AS patent_id, c.metadata.title AS title, c.metadata.classification_fi AS classification_fi, c.metadata.f_term AS f_term, c.summary AS summary, c.claims AS claims, c.metadata.keywords AS doc_keywords, c.metadata.classification_ipc AS classification_ipc, c.metadata.publication_date AS publication_date FROM c WHERE (EXISTS (SELECT VALUE 1 FROM fi IN c.metadata.classification_fi WHERE STARTSWITH(fi, @fi_pref, true)) OR EXISTS (SELECT VALUE 1 FROM ft IN c.metadata.f_term WHERE STARTSWITH(ft, @ft_pref, true)) ) AND (CONTAINS(c.metadata.title, @kw, true) OR CONTAINS(c.summary, @kw, true) OR EXISTS (SELECT VALUE 1 FROM cl IN c.claims WHERE CONTAINS(cl.text, @kw, true))) | params: {""fi_pref"": ""A63F7"", ""ft_pref"": ""2C333AA"", ""kw"": ""表示態様""} || [balanced fi_pref=A63F7 ft_pref=2C088EA kw=表示態様] SELECT c.metadata.patent_id AS patent_id, c.metadata.title AS title, c.metadata.classification_fi AS classification_fi, c.metadata.f_term AS f_term, c.summary AS summary, c.claims AS claims, c.metadata.keywords AS doc_keywords, c.metadata.classification_ipc AS classification_ipc, c.metadata.publication_date AS publication_date FROM c WHERE (EXISTS (SELECT VALUE 1 FROM fi IN c.metadata.classification_fi WHERE STARTSWITH(fi, @fi_pref, true)) OR EXISTS (SELECT VALUE 1 FROM ft IN c.metadata.f_term WHERE STARTSWITH(ft, @ft_pref, true)) ) AND (CONTAINS(c.metadata.title, @kw, true) OR CONTAINS(c.summary, @kw, true) OR EXISTS (SELECT VALUE 1 FROM cl IN c.claims WHERE CONTAINS(cl.text, @kw, true))) | params: {""fi_pref"": ""A63F7"", ""ft_pref"": ""2C088EA"", ""kw"": ""表示態様""} || [balanced fi_pref=A63F7 ft_pref=2C333EA kw=表示態様] SELECT c.metadata.patent_id AS patent_id, c.metadata.title AS title, c.metadata.classification_fi AS classification_fi, c.metadata.f_term AS f_term, c.summary AS summary, c.claims AS claims, c.metadata.keywords AS doc_keywords, c.metadata.classification_ipc AS classification_ipc, c.metadata.publication_date AS publication_date FROM c WHERE (EXISTS (SELECT VALUE 1 FROM fi IN c.metadata.classification_fi WHERE STARTSWITH(fi, @fi_pref, true)) OR EXISTS (SELECT VALUE 1 FROM ft IN c.metadata.f_term WHERE STARTSWITH(ft, @ft_pref, true)) ) AND (CONTAINS(c.metadata.title, @kw, true) OR CONTAINS(c.summary, @kw, true) OR EXISTS (SELECT VALUE 1 FROM cl IN c.claims WHERE CONTAINS(cl.text, @kw, true))) | params: {""fi_pref"": ""A63F7"", ""ft_pref"": ""2C333EA"", ""kw"": ""表示態様""}"
2021000319,24,遊技機,20210107,"[balanced fi_pref=A63F7 ft_pref=2C333AA kw=表示態様] SELECT c.metadata.patent_id AS patent_id, c.metadata.title AS title, c.metadata.classification_fi AS classification_fi, c.metadata.f_term AS f_term, c.summary AS summary, c.claims AS claims, c.metadata.keywords AS doc_keywords, c.metadata.classification_ipc AS classification_ipc, c.metadata.publication_date AS publication_date FROM c WHERE (EXISTS (SELECT VALUE 1 FROM fi IN c.metadata.classification_fi WHERE STARTSWITH(fi, @fi_pref, true)) OR EXISTS (SELECT VALUE 1 FROM ft IN c.metadata.f_term WHERE STARTSWITH(ft, @ft_pref, true)) ) AND (CONTAINS(c.metadata.title, @kw, true) OR CONTAINS(c.summary, @kw, true) OR EXISTS (SELECT VALUE 1 FROM cl IN c.claims WHERE CONTAINS(cl.text, @kw, true))) | params: {""fi_pref"": ""A63F7"", ""ft_pref"": ""2C333AA"", ""kw"": ""表示態様""} || [balanced fi_pref=A63F7 ft_pref=2C088EA kw=表示態様] SELECT c.metadata.patent_id AS patent_id, c.metadata.title AS title, c.metadata.classification_fi AS classification_fi, c.metadata.f_term AS f_term, c.summary AS summary, c.claims AS claims, c.metadata.keywords AS doc_keywords, c.metadata.classification_ipc AS classification_ipc, c.metadata.publication_date AS publication_date FROM c WHERE (EXISTS (SELECT VALUE 1 FROM fi IN c.metadata.classification_fi WHERE STARTSWITH(fi, @fi_pref, true)) OR EXISTS (SELECT VALUE 1 FROM ft IN c.metadata.f_term WHERE STARTSWITH(ft, @ft_pref, true)) ) AND (CONTAINS(c.metadata.title, @kw, true) OR CONTAINS(c.summary, @kw, true) OR EXISTS (SELECT VALUE 1 FROM cl IN c.claims WHERE CONTAINS(cl.text, @kw, true))) | params: {""fi_pref"": ""A63F7"", ""ft_pref"": ""2C088EA"", ""kw"": ""表示態様""} || [balanced fi_pref=A63F7 ft_pref=2C333EA kw=表示態様] SELECT c.metadata.patent_id AS patent_id, c.metadata.title AS title, c.metadata.classification_fi AS classification_fi, c.metadata.f_term AS f_term, c.summary AS summary, c.claims AS claims, c.metadata.keywords AS doc_keywords, c.metadata.classification_ipc AS classification_ipc, c.metadata.publication_date AS publication_date FROM c WHERE (EXISTS (SELECT VALUE 1 FROM fi IN c.metadata.classification_fi WHERE STARTSWITH(fi, @fi_pref, true)) OR EXISTS (SELECT VALUE 1 FROM ft IN c.metadata.f_term WHERE STARTSWITH(ft, @ft_pref, true)) ) AND (CONTAINS(c.metadata.title, @kw, true) OR CONTAINS(c.summary, @kw, true) OR EXISTS (SELECT VALUE 1 FROM cl IN c.claims WHERE CONTAINS(cl.text, @kw, true))) | params: {""fi_pref"": ""A63F7"", ""ft_pref"": ""2C333EA"", ""kw"": ""表示態様""}"
2019217377,24,遊技機,20191226,"[balanced fi_pref=A63F7 ft_pref=2C333AA kw=表示態様] SELECT c.metadata.patent_id AS patent_id, c.metadata.title AS title, c.metadata.classification_fi AS classification_fi, c.metadata.f_term AS f_term, c.summary AS summary, c.claims AS claims, c.metadata.keywords AS doc_keywords, c.metadata.classification_ipc AS classification_ipc, c.metadata.publication_date AS publication_date FROM c WHERE (EXISTS (SELECT VALUE 1 FROM fi IN c.metadata.classification_fi WHERE STARTSWITH(fi, @fi_pref, true)) OR EXISTS (SELECT VALUE 1 FROM ft IN c.metadata.f_term WHERE STARTSWITH(ft, @ft_pref, true)) ) AND (CONTAINS(c.metadata.title, @kw, true) OR CONTAINS(c.summary, @kw, true) OR EXISTS (SELECT VALUE 1 FROM cl IN c.claims WHERE CONTAINS(cl.text, @kw, true))) | params: {""fi_pref"": ""A63F7"", ""ft_pref"": ""2C333AA"", ""kw"": ""表示態様""} || [balanced fi_pref=A63F7 ft_pref=2C088EA kw=表示態様] SELECT c.metadata.patent_id AS patent_id, c.metadata.title AS title, c.metadata.classification_fi AS classification_fi, c.metadata.f_term AS f_term, c.summary AS summary, c.claims AS claims, c.metadata.keywords AS doc_keywords, c.metadata.classification_ipc AS classification_ipc, c.metadata.publication_date AS publication_date FROM c WHERE (EXISTS (SELECT VALUE 1 FROM fi IN c.metadata.classification_fi WHERE STARTSWITH(fi, @fi_pref, true)) OR EXISTS (SELECT VALUE 1 FROM ft IN c.metadata.f_term WHERE STARTSWITH(ft, @ft_pref, true)) ) AND (CONTAINS(c.metadata.title, @kw, true) OR CONTAINS(c.summary, @kw, true) OR EXISTS (SELECT VALUE 1 FROM cl IN c.claims WHERE CONTAINS(cl.text, @kw, true))) | params: {""fi_pref"": ""A63F7"", ""ft_pref"": ""2C088EA"", ""kw"": ""表示態様""} || [balanced fi_pref=A63F7 ft_pref=2C333EA kw=表示態様] SELECT c.metadata.patent_id AS patent_id, c.metadata.title AS title, c.metadata.classification_fi AS classification_fi, c.metadata.f_term AS f_term, c.summary AS summary, c.claims AS claims, c.metadata.keywords AS doc_keywords, c.metadata.classification_ipc AS classification_ipc, c.metadata.publication_date AS publication_date FROM c WHERE (EXISTS (SELECT VALUE 1 FROM fi IN c.metadata.classification_fi WHERE STARTSWITH(fi, @fi_pref, true)) OR EXISTS (SELECT VALUE 1 FROM ft IN c.metadata.f_term WHERE STARTSWITH(ft, @ft_pref, true)) ) AND (CONTAINS(c.metadata.title, @kw, true) OR CONTAINS(c.summary, @kw, true) OR EXISTS (SELECT VALUE 1 FROM cl IN c.claims WHERE CONTAINS(cl.text, @kw, true))) | params: {""fi_pref"": ""A63F7"", ""ft_pref"": ""2C333EA"", ""kw"": ""表示態様""}"
2020195654,24,遊技機,20201210,"[balanced fi_pref=A63F7 ft_pref=2C333AA kw=表示態様] SELECT c.metadata.patent_id AS patent_id, c.metadata.title AS title, c.metadata.classification_fi AS classification_fi, c.metadata.f_term AS f_term, c.summary AS summary, c.claims AS claims, c.metadata.keywords AS doc_keywords, c.metadata.classification_ipc AS classification_ipc, c.metadata.publication_date AS publication_date FROM c WHERE (EXISTS (SELECT VALUE 1 FROM fi IN c.metadata.classification_fi WHERE STARTSWITH(fi, @fi_pref, true)) OR EXISTS (SELECT VALUE 1 FROM ft IN c.metadata.f_term WHERE STARTSWITH(ft, @ft_pref, true)) ) AND (CONTAINS(c.metadata.title, @kw, true) OR CONTAINS(c.summary, @kw, true) OR EXISTS (SELECT VALUE 1 FROM cl IN c.claims WHERE CONTAINS(cl.text, @kw, true))) | params: {""fi_pref"": ""A63F7"", ""ft_pref"": ""2C333AA"", ""kw"": ""表示態様""} || [balanced fi_pref=A63F7 ft_pref=2C088EA kw=表示態様] SELECT c.metadata.patent_id AS patent_id, c.metadata.title AS title, c.metadata.classification_fi AS classification_fi, c.metadata.f_term AS f_term, c.summary AS summary, c.claims AS claims, c.metadata.keywords AS doc_keywords, c.metadata.classification_ipc AS classification_ipc, c.metadata.publication_date AS publication_date FROM c WHERE (EXISTS (SELECT VALUE 1 FROM fi IN c.metadata.classification_fi WHERE STARTSWITH(fi, @fi_pref, true)) OR EXISTS (SELECT VALUE 1 FROM ft IN c.metadata.f_term WHERE STARTSWITH(ft, @ft_pref, true)) ) AND (CONTAINS(c.metadata.title, @kw, true) OR CONTAINS(c.summary, @kw, true) OR EXISTS (SELECT VALUE 1 FROM cl IN c.claims WHERE CONTAINS(cl.text, @kw, true))) | params: {""fi_pref"": ""A63F7"", ""ft_pref"": ""2C088EA"", ""kw"": ""表示態様""} || [balanced fi_pref=A63F7 ft_pref=2C333EA kw=表示態様] SELECT c.metadata.patent_id AS patent_id, c.metadata.title AS title, c.metadata.classification_fi AS classification_fi, c.metadata.f_term AS f_term, c.summary AS summary, c.claims AS claims, c.metadata.keywords AS doc_keywords, c.metadata.classification_ipc AS classification_ipc, c.metadata.publication_date AS publication_date FROM c WHERE (EXISTS (SELECT VALUE 1 FROM fi IN c.metadata.classification_fi WHERE STARTSWITH(fi, @fi_pref, true)) OR EXISTS (SELECT VALUE 1 FROM ft IN c.metadata.f_term WHERE STARTSWITH(ft, @ft_pref, true)) ) AND (CONTAINS(c.metadata.title, @kw, true) OR CONTAINS(c.summary, @kw, true) OR EXISTS (SELECT VALUE 1 FROM cl IN c.claims WHERE CONTAINS(cl.text, @kw, true))) | params: {""fi_pref"": ""A63F7"", ""ft_pref"": ""2C333EA"", ""kw"": ""表示態様""}"
2019150600,24,遊技機,20190912,"[balanced fi_pref=A63F7 ft_pref=2C333AA kw=表示態様] SELECT c.metadata.patent_id AS patent_id, c.metadata.title AS title, c.metadata.classification_fi AS classification_fi, c.metadata.f_term AS f_term, c.summary AS summary, c.claims AS claims, c.metadata.keywords AS doc_keywords, c.metadata.classification_ipc AS classification_ipc, c.metadata.publication_date AS publication_date FROM c WHERE (EXISTS (SELECT VALUE 1 FROM fi IN c.metadata.classification_fi WHERE STARTSWITH(fi, @fi_pref, true)) OR EXISTS (SELECT VALUE 1 FROM ft IN c.metadata.f_term WHERE STARTSWITH(ft, @ft_pref, true)) ) AND (CONTAINS(c.metadata.title, @kw, true) OR CONTAINS(c.summary, @kw, true) OR EXISTS (SELECT VALUE 1 FROM cl IN c.claims WHERE CONTAINS(cl.text, @kw, true))) | params: {""fi_pref"": ""A63F7"", ""ft_pref"": ""2C333AA"", ""kw"": ""表示態様""} || [balanced fi_pref=A63F7 ft_pref=2C088EA kw=表示態様] SELECT c.metadata.patent_id AS patent_id, c.metadata.title AS title, c.metadata.classification_fi AS classification_fi, c.metadata.f_term AS f_term, c.summary AS summary, c.claims AS claims, c.metadata.keywords AS doc_keywords, c.metadata.classification_ipc AS classification_ipc, c.metadata.publication_date AS publication_date FROM c WHERE (EXISTS (SELECT VALUE 1 FROM fi IN c.metadata.classification_fi WHERE STARTSWITH(fi, @fi_pref, true)) OR EXISTS (SELECT VALUE 1 FROM ft IN c.metadata.f_term WHERE STARTSWITH(ft, @ft_pref, true)) ) AND (CONTAINS(c.metadata.title, @kw, true) OR CONTAINS(c.summary, @kw, true) OR EXISTS (SELECT VALUE 1 FROM cl IN c.claims WHERE CONTAINS(cl.text, @kw, true))) | params: {""fi_pref"": ""A63F7"", ""ft_pref"": ""2C088EA"", ""kw"": ""表示態様""} || [balanced fi_pref=A63F7 ft_pref=2C333EA kw=表示態様] SELECT c.metadata.patent_id AS patent_id, c.metadata.title AS title, c.metadata.classification_fi AS classification_fi, c.metadata.f_term AS f_term, c.summary AS summary, c.claims AS claims, c.metadata.keywords AS doc_keywords, c.metadata.classification_ipc AS classification_ipc, c.metadata.publication_date AS publication_date FROM c WHERE (EXISTS (SELECT VALUE 1 FROM fi IN c.metadata.classification_fi WHERE STARTSWITH(fi, @fi_pref, true)) OR EXISTS (SELECT VALUE 1 FROM ft IN c.metadata.f_term WHERE STARTSWITH(ft, @ft_pref, true)) ) AND (CONTAINS(c.metadata.title, @kw, true) OR CONTAINS(c.summary, @kw, true) OR EXISTS (SELECT VALUE 1 FROM cl IN c.claims WHERE CONTAINS(cl.text, @kw, true))) | params: {""fi_pref"": ""A63F7"", ""ft_pref"": ""2C333EA"", ""kw"": ""表示態様""}"
2021019720,24,遊技機,20210218,"[balanced fi_pref=A63F7 ft_pref=2C333AA kw=表示態様] SELECT c.metadata.patent_id AS patent_id, c.metadata.title AS title, c.metadata.classification_fi AS classification_fi, c.metadata.f_term AS f_term, c.summary AS summary, c.claims AS claims, c.metadata.keywords AS doc_keywords, c.metadata.classification_ipc AS classification_ipc, c.metadata.publication_date AS publication_date FROM c WHERE (EXISTS (SELECT VALUE 1 FROM fi IN c.metadata.classification_fi WHERE STARTSWITH(fi, @fi_pref, true)) OR EXISTS (SELECT VALUE 1 FROM ft IN c.metadata.f_term WHERE STARTSWITH(ft, @ft_pref, true)) ) AND (CONTAINS(c.metadata.title, @kw, true) OR CONTAINS(c.summary, @kw, true) OR EXISTS (SELECT VALUE 1 FROM cl IN c.claims WHERE CONTAINS(cl.text, @kw, true))) | params: {""fi_pref"": ""A63F7"", ""ft_pref"": ""2C333AA"", ""kw"": ""表示態様""} || [balanced fi_pref=A63F7 ft_pref=2C088EA kw=表示態様] SELECT c.metadata.patent_id AS patent_id, c.metadata.title AS title, c.metadata.classification_fi AS classification_fi, c.metadata.f_term AS f_term, c.summary AS summary, c.claims AS claims, c.metadata.keywords AS doc_keywords, c.metadata.classification_ipc AS classification_ipc, c.metadata.publication_date AS publication_date FROM c WHERE (EXISTS (SELECT VALUE 1 FROM fi IN c.metadata.classification_fi WHERE STARTSWITH(fi, @fi_pref, true)) OR EXISTS (SELECT VALUE 1 FROM ft IN c.metadata.f_term WHERE STARTSWITH(ft, @ft_pref, true)) ) AND (CONTAINS(c.metadata.title, @kw, true) OR CONTAINS(c.summary, @kw, true) OR EXISTS (SELECT VALUE 1 FROM cl IN c.claims WHERE CONTAINS(cl.text, @kw, true))) | params: {""fi_pref"": ""A63F7"", ""ft_pref"": ""2C088EA"", ""kw"": ""表示態様""} || [balanced fi_pref=A63F7 ft_pref=2C333EA kw=表示態様] SELECT c.metadata.patent_id AS patent_id, c.metadata.title AS title, c.metadata.classification_fi AS classification_fi, c.metadata.f_term AS f_term, c.summary AS summary, c.claims AS claims, c.metadata.keywords AS doc_keywords, c.metadata.classification_ipc AS classification_ipc, c.metadata.publication_date AS publication_date FROM c WHERE (EXISTS (SELECT VALUE 1 FROM fi IN c.metadata.classification_fi WHERE STARTSWITH(fi, @fi_pref, true)) OR EXISTS (SELECT VALUE 1 FROM ft IN c.metadata.f_term WHERE STARTSWITH(ft, @ft_pref, true)) ) AND (CONTAINS(c.metadata.title, @kw, true) OR CONTAINS(c.summary, @kw, true) OR EXISTS (SELECT VALUE 1 FROM cl IN c.claims WHERE CONTAINS(cl.text, @kw, true))) | params: {""fi_pref"": ""A63F7"", ""ft_pref"": ""2C333EA"", ""kw"": ""表示態様""}"
2020137757,24,遊技機,20200903,"[balanced fi_pref=A63F7 ft_pref=2C333AA kw=表示態様] SELECT c.metadata.patent_id AS patent_id, c.metadata.title AS title, c.metadata.classification_fi AS classification_fi, c.metadata.f_term AS f_term, c.summary AS summary, c.claims AS claims, c.metadata.keywords AS doc_keywords, c.metadata.classification_ipc AS classification_ipc, c.metadata.publication_date AS publication_date FROM c WHERE (EXISTS (SELECT VALUE 1 FROM fi IN c.metadata.classification_fi WHERE STARTSWITH(fi, @fi_pref, true)) OR EXISTS (SELECT VALUE 1 FROM ft IN c.metadata.f_term WHERE STARTSWITH(ft, @ft_pref, true)) ) AND (CONTAINS(c.metadata.title, @kw, true) OR CONTAINS(c.summary, @kw, true) OR EXISTS (SELECT VALUE 1 FROM cl IN c.claims WHERE CONTAINS(cl.text, @kw, true))) | params: {""fi_pref"": ""A63F7"", ""ft_pref"": ""2C333AA"", ""kw"": ""表示態様""} || [balanced fi_pref=A63F7 ft_pref=2C333AA kw=遊技性] SELECT c.metadata.patent_id AS patent_id, c.metadata.title AS title, c.metadata.classification_fi AS classification_fi, c.metadata.f_term AS f_term, c.summary AS summary, c.claims AS claims, c.metadata.keywords AS doc_keywords, c.metadata.classification_ipc AS classification_ipc, c.metadata.publication_date AS publication_date FROM c WHERE (EXISTS (SELECT VALUE 1 FROM fi IN c.metadata.classification_fi WHERE STARTSWITH(fi, @fi_pref, true)) OR EXISTS (SELECT VALUE 1 FROM ft IN c.metadata.f_term WHERE STARTSWITH(ft, @ft_pref, true)) ) AND (CONTAINS(c.metadata.title, @kw, true) OR CONTAINS(c.summary, @kw, true) OR EXISTS (SELECT VALUE 1 FROM cl IN c.claims WHERE CONTAINS(cl.text, @kw, true))) | params: {""fi_pref"": ""A63F7"", ""ft_pref"": ""2C333AA"", ""kw"": ""遊技性""} || [balanced fi_pref=A63F7 ft_pref=2C088EA kw=表示態様] SELECT c.metadata.patent_id AS patent_id, c.metadata.title AS title, c.metadata.classification_fi AS classification_fi, c.metadata.f_term AS f_term, c.summary AS summary, c.claims AS claims, c.metadata.keywords AS doc_keywords, c.metadata.classification_ipc AS classification_ipc, c.metadata.publication_date AS publication_date FROM c WHERE (EXISTS (SELECT VALUE 1 FROM fi IN c.metadata.classification_fi WHERE STARTSWITH(fi, @fi_pref, true)) OR EXISTS (SELECT VALUE 1 FROM ft IN c.metadata.f_term WHERE STARTSWITH(ft, @ft_pref, true)) ) AND (CONTAINS(c.metadata.title, @kw, true) OR CONTAINS(c.summary, @kw, true) OR EXISTS (SELECT VALUE 1 FROM cl IN c.claims WHERE CONTAINS(cl.text, @kw, true))) | params: {""fi_pref"": ""A63F7"", ""ft_pref"": ""2C088EA"", ""kw"": ""表示態様""} || [balanced fi_pref=A63F7 ft_pref=2C088EA kw=遊技性] SELECT c.metadata.patent_id AS patent_id, c.metadata.title AS title, c.metadata.classification_fi AS classification_fi, c.metadata.f_term AS f_term, c.summary AS summary, c.claims AS claims, c.metadata.keywords AS doc_keywords, c.metadata.classification_ipc AS classification_ipc, c.metadata.publication_date AS publication_date FROM c WHERE (EXISTS (SELECT VALUE 1 FROM fi IN c.metadata.classification_fi WHERE STARTSWITH(fi, @fi_pref, true)) OR EXISTS (SELECT VALUE 1 FROM ft IN c.metadata.f_term WHERE STARTSWITH(ft, @ft_pref, true)) ) AND (CONTAINS(c.metadata.title, @kw, true) OR CONTAINS(c.summary, @kw, true) OR EXISTS (SELECT VALUE 1 FROM cl IN c.claims WHERE CONTAINS(cl.text, @kw, true))) | params: {""fi_pref"": ""A63F7"", ""ft_pref"": ""2C088EA"", ""kw"": ""遊技性""} || [balanced fi_pref=A63F7 ft_pref=2C333EA kw=表示態様] SELECT c.metadata.patent_id AS patent_id, c.metadata.title AS title, c.metadata.classification_fi AS classification_fi, c.metadata.f_term AS f_term, c.summary AS summary, c.claims AS claims, c.metadata.keywords AS doc_keywords, c.metadata.classification_ipc AS classification_ipc, c.metadata.publication_date AS publication_date FROM c WHERE (EXISTS (SELECT VALUE 1 FROM fi IN c.metadata.classification_fi WHERE STARTSWITH(fi, @fi_pref, true)) OR EXISTS (SELECT VALUE 1 FROM ft IN c.metadata.f_term WHERE STARTSWITH(ft, @ft_pref, true)) ) AND (CONTAINS(c.metadata.title, @kw, true) OR CONTAINS(c.summary, @kw, true) OR EXISTS (SELECT VALUE 1 FROM cl IN c.claims WHERE CONTAINS(cl.text, @kw, true))) | params: {""fi_pref"": ""A63F7"", ""ft_pref"": ""2C333EA"", ""kw"": ""表示態様""} || [balanced fi_pref=A63F7 ft_pref=2C333EA kw=遊技性] SELECT c.metadata.patent_id AS patent_id, c.metadata.title AS title, c.metadata.classification_fi AS classification_fi, c.metadata.f_term AS f_term, c.summary AS summary, c.claims AS claims, c.metadata.keywords AS doc_keywords, c.metadata.classification_ipc AS classification_ipc, c.metadata.publication_date AS publication_date FROM c WHERE (EXISTS (SELECT VALUE 1 FROM fi IN c.metadata.classification_fi WHERE STARTSWITH(fi, @fi_pref, true)) OR EXISTS (SELECT VALUE 1 FROM ft IN c.metadata.f_term WHERE STARTSWITH(ft, @ft_pref, true)) ) AND (CONTAINS(c.metadata.title, @kw, true) OR CONTAINS(c.summary, @kw, true) OR EXISTS (SELECT VALUE 1 FROM cl IN c.claims WHERE CONTAINS(cl.text, @kw, true))) | params: {""fi_pref"": ""A63F7"", ""ft_pref"": ""2C333EA"", ""kw"": ""遊技性""}"
2021010624,24,遊技機,20210204,"[balanced fi_pref=A63F7 ft_pref=2C333AA kw=遊技性] SELECT c.metadata.patent_id AS patent_id, c.metadata.title AS title, c.metadata.classification_fi AS classification_fi, c.metadata.f_term AS f_term, c.summary AS summary, c.claims AS claims, c.metadata.keywords AS doc_keywords, c.metadata.classification_ipc AS classification_ipc, c.metadata.publication_date AS publication_date FROM c WHERE (EXISTS (SELECT VALUE 1 FROM fi IN c.metadata.classification_fi WHERE STARTSWITH(fi, @fi_pref, true)) OR EXISTS (SELECT VALUE 1 FROM ft IN c.metadata.f_term WHERE STARTSWITH(ft, @ft_pref, true)) ) AND (CONTAINS(c.metadata.title, @kw, true) OR CONTAINS(c.summary, @kw, true) OR EXISTS (SELECT VALUE 1 FROM cl IN c.claims WHERE CONTAINS(cl.text, @kw, true))) | params: {""fi_pref"": ""A63F7"", ""ft_pref"": ""2C333AA"", ""kw"": ""遊技性""} || [balanced fi_pref=A63F7 ft_pref=2C088EA kw=遊技性] SELECT c.metadata.patent_id AS patent_id, c.metadata.title AS title, c.metadata.classification_fi AS classification_fi, c.metadata.f_term AS f_term, c.summary AS summary, c.claims AS claims, c.metadata.keywords AS doc_keywords, c.metadata.classification_ipc AS classification_ipc, c.metadata.publication_date AS publication_date FROM c WHERE (EXISTS (SELECT VALUE 1 FROM fi IN c.metadata.classification_fi WHERE STARTSWITH(fi, @fi_pref, true)) OR EXISTS (SELECT VALUE 1 FROM ft IN c.metadata.f_term WHERE STARTSWITH(ft, @ft_pref, true)) ) AND (CONTAINS(c.metadata.title, @kw, true) OR CONTAINS(c.summary, @kw, true) OR EXISTS (SELECT VALUE 1 FROM cl IN c.claims WHERE CONTAINS(cl.text, @kw, true))) | params: {""fi_pref"": ""A63F7"", ""ft_pref"": ""2C088EA"", ""kw"": ""遊技性""} || [balanced fi_pref=A63F7 ft_pref=2C333EA kw=遊技性] SELECT c.metadata.patent_id AS patent_id, c.metadata.title AS title, c.metadata.classification_fi AS classification_fi, c.metadata.f_term AS f_term, c.summary AS summary, c.claims AS claims, c.metadata.keywords AS doc_keywords, c.metadata.classification_ipc AS classification_ipc, c.metadata.publication_date AS publication_date FROM c WHERE (EXISTS (SELECT VALUE 1 FROM fi IN c.metadata.classification_fi WHERE STARTSWITH(fi, @fi_pref, true)) OR EXISTS (SELECT VALUE 1 FROM ft IN c.metadata.f_term WHERE STARTSWITH(ft, @ft_pref, true)) ) AND (CONTAINS(c.metadata.title, @kw, true) OR CONTAINS(c.summary, @kw, true) OR EXISTS (SELECT VALUE 1 FROM cl IN c.claims WHERE CONTAINS(cl.text, @kw, true))) | params: {""fi_pref"": ""A63F7"", ""ft_pref"": ""2C333EA"", ""kw"": ""遊技性""} || [broad fi_pref=A63F7 ft_pref=2C333AA kw=遊技進行状態] SELECT c.metadata.patent_id AS patent_id, c.metadata.title AS title, c.metadata.classification_fi AS classification_fi, c.metadata.f_term AS f_term, c.summary AS summary, c.claims AS claims, c.metadata.keywords AS doc_keywords, c.metadata.classification_ipc AS classification_ipc, c.metadata.publication_date AS publication_date FROM c WHERE EXISTS (SELECT VALUE 1 FROM fi IN c.metadata.classification_fi WHERE STARTSWITH(fi, @fi_pref, true)) OR EXISTS (SELECT VALUE 1 FROM ft IN c.metadata.f_term WHERE STARTSWITH(ft, @ft_pref, true)) OR CONTAINS(c.metadata.title, @kw, true) | params: {""fi_pref"": ""A63F7"", ""ft_pref"": ""2C333AA"", ""kw"": ""遊技進行状態""}"
2019111457,24,遊技機,20190711,"[balanced fi_pref=A63F7 ft_pref=2C333AA kw=遊技性] SELECT c.metadata.patent_id AS patent_id, c.metadata.title AS title, c.metadata.classification_fi AS classification_fi, c.metadata.f_term AS f_term, c.summary AS summary, c.claims AS claims, c.metadata.keywords AS doc_keywords, c.metadata.classification_ipc AS classification_ipc, c.metadata.publication_date AS publication_date FROM c WHERE (EXISTS (SELECT VALUE 1 FROM fi IN c.metadata.classification_fi WHERE STARTSWITH(fi, @fi_pref, true)) OR EXISTS (SELECT VALUE 1 FROM ft IN c.metadata.f_term WHERE STARTSWITH(ft, @ft_pref, true)) ) AND (CONTAINS(c.metadata.title, @kw, true) OR CONTAINS(c.summary, @kw, true) OR EXISTS (SELECT VALUE 1 FROM cl IN c.claims WHERE CONTAINS(cl.text, @kw, true))) | params: {""fi_pref"": ""A63F7"", ""ft_pref"": ""2C333AA"", ""kw"": ""遊技性""} || [balanced fi_pref=A63F7 ft_pref=2C088EA kw=遊技性] SELECT c.metadata.patent_id AS patent_id, c.metadata.title AS title, c.metadata.classification_fi AS classification_fi, c.metadata.f_term AS f_term, c.summary AS summary, c.claims AS claims, c.metadata.keywords AS doc_keywords, c.metadata.classification_ipc AS classification_ipc, c.metadata.publication_date AS publication_date FROM c WHERE (EXISTS (SELECT VALUE 1 FROM fi IN c.metadata.classification_fi WHERE STARTSWITH(fi, @fi_pref, true)) OR EXISTS (SELECT VALUE 1 FROM ft IN c.metadata.f_term WHERE STARTSWITH(ft, @ft_pref, true)) ) AND (CONTAINS(c.metadata.title, @kw, true) OR CONTAINS(c.summary, @kw, true) OR EXISTS (SELECT VALUE 1 FROM cl IN c.claims WHERE CONTAINS(cl.text, @kw, true))) | params: {""fi_pref"": ""A63F7"", ""ft_pref"": ""2C088EA"", ""kw"": ""遊技性""} || [balanced fi_pref=A63F7 ft_pref=2C333EA kw=遊技性] SELECT c.metadata.patent_id AS patent_id, c.metadata.title AS title, c.metadata.classification_fi AS classification_fi, c.metadata.f_term AS f_term, c.summary AS summary, c.claims AS claims, c.metadata.keywords AS doc_keywords, c.metadata.classification_ipc AS classification_ipc, c.metadata.publication_date AS publication_date FROM c WHERE (EXISTS (SELECT VALUE 1 FROM fi IN c.metadata.classification_fi WHERE STARTSWITH(fi, @fi_pref, true)) OR EXISTS (SELECT VALUE 1 FROM ft IN c.metadata.f_term WHERE STARTSWITH(ft, @ft_pref, true)) ) AND (CONTAINS(c.metadata.title, @kw, true) OR CONTAINS(c.summary, @kw, true) OR EXISTS (SELECT VALUE 1 FROM cl IN c.claims WHERE CONTAINS(cl.text, @kw, true))) | params: {""fi_pref"": ""A63F7"", ""ft_pref"": ""2C333EA"", ""kw"": ""遊技性""}"
2010187898,24,弾球遊技機,20100902,"[balanced fi_pref=A63F7 ft_pref=2C333AA kw=遊技性] SELECT c.metadata.patent_id AS patent_id, c.metadata.title AS title, c.metadata.classification_fi AS classification_fi, c.metadata.f_term AS f_term, c.summary AS summary, c.claims AS claims, c.metadata.keywords AS doc_keywords, c.metadata.classification_ipc AS classification_ipc, c.metadata.publication_date AS publication_date FROM c WHERE (EXISTS (SELECT VALUE 1 FROM fi IN c.metadata.classification_fi WHERE STARTSWITH(fi, @fi_pref, true)) OR EXISTS (SELECT VALUE 1 FROM ft IN c.metadata.f_term WHERE STARTSWITH(ft, @ft_pref, true)) ) AND (CONTAINS(c.metadata.title, @kw, true) OR CONTAINS(c.summary, @kw, true) OR EXISTS (SELECT VALUE 1 FROM cl IN c.claims WHERE CONTAINS(cl.text, @kw, true))) | params: {""fi_pref"": ""A63F7"", ""ft_pref"": ""2C333AA"", ""kw"": ""遊技性""} || [balanced fi_pref=A63F7 ft_pref=2C088EA kw=遊技性] SELECT c.metadata.patent_id AS patent_id, c.metadata.title AS title, c.metadata.classification_fi AS classification_fi, c.metadata.f_term AS f_term, c.summary AS summary, c.claims AS claims, c.metadata.keywords AS doc_keywords, c.metadata.classification_ipc AS classification_ipc, c.metadata.publication_date AS publication_date FROM c WHERE (EXISTS (SELECT VALUE 1 FROM fi IN c.metadata.classification_fi WHERE STARTSWITH(fi, @fi_pref, true)) OR EXISTS (SELECT VALUE 1 FROM ft IN c.metadata.f_term WHERE STARTSWITH(ft, @ft_pref, true)) ) AND (CONTAINS(c.metadata.title, @kw, true) OR CONTAINS(c.summary, @kw, true) OR EXISTS (SELECT VALUE 1 FROM cl IN c.claims WHERE CONTAINS(cl.text, @kw, true))) | params: {""fi_pref"": ""A63F7"", ""ft_pref"": ""2C088EA"", ""kw"": ""遊技性""} || [balanced fi_pref=A63F7 ft_pref=2C333EA kw=遊技性] SELECT c.metadata.patent_id AS patent_id, c.metadata.title AS title, c.metadata.classification_fi AS classification_fi, c.metadata.f_term AS f_term, c.summary AS summary, c.claims AS claims, c.metadata.keywords AS doc_keywords, c.metadata.classification_ipc AS classification_ipc, c.metadata.publication_date AS publication_date FROM c WHERE (EXISTS (SELECT VALUE 1 FROM fi IN c.metadata.classification_fi WHERE STARTSWITH(fi, @fi_pref, true)) OR EXISTS (SELECT VALUE 1 FROM ft IN c.metadata.f_term WHERE STARTSWITH(ft, @ft_pref, true)) ) AND (CONTAINS(c.metadata.title, @kw, true) OR CONTAINS(c.summary, @kw, true) OR EXISTS (SELECT VALUE 1 FROM cl IN c.claims WHERE CONTAINS(cl.text, @kw, true))) | params: {""fi_pref"": ""A63F7"", ""ft_pref"": ""2C333EA"", ""kw"": ""遊技性""}"
2017148293,24,遊技機,20170831,"[balanced fi_pref=A63F7 ft_pref=2C333AA kw=遊技性] SELECT c.metadata.patent_id AS patent_id, c.metadata.title AS title, c.metadata.classification_fi AS classification_fi, c.metadata.f_term AS f_term, c.summary AS summary, c.claims AS claims, c.metadata.keywords AS doc_keywords, c.metadata.classification_ipc AS classification_ipc, c.metadata.publication_date AS publication_date FROM c WHERE (EXISTS (SELECT VALUE 1 FROM fi IN c.metadata.classification_fi WHERE STARTSWITH(fi, @fi_pref, true)) OR EXISTS (SELECT VALUE 1 FROM ft IN c.metadata.f_term WHERE STARTSWITH(ft, @ft_pref, true)) ) AND (CONTAINS(c.metadata.title, @kw, true) OR CONTAINS(c.summary, @kw, true) OR EXISTS (SELECT VALUE 1 FROM cl IN c.claims WHERE CONTAINS(cl.text, @kw, true))) | params: {""fi_pref"": ""A63F7"", ""ft_pref"": ""2C333AA"", ""kw"": ""遊技性""} || [balanced fi_pref=A63F7 ft_pref=2C088EA kw=遊技性] SELECT c.metadata.patent_id AS patent_id, c.metadata.title AS title, c.metadata.classification_fi AS classification_fi, c.metadata.f_term AS f_term, c.summary AS summary, c.claims AS claims, c.metadata.keywords AS doc_keywords, c.metadata.classification_ipc AS classification_ipc, c.metadata.publication_date AS publication_date FROM c WHERE (EXISTS (SELECT VALUE 1 FROM fi IN c.metadata.classification_fi WHERE STARTSWITH(fi, @fi_pref, true)) OR EXISTS (SELECT VALUE 1 FROM ft IN c.metadata.f_term WHERE STARTSWITH(ft, @ft_pref, true)) ) AND (CONTAINS(c.metadata.title, @kw, true) OR CONTAINS(c.summary, @kw, true) OR EXISTS (SELECT VALUE 1 FROM cl IN c.claims WHERE CONTAINS(cl.text, @kw, true))) | params: {""fi_pref"": ""A63F7"", ""ft_pref"": ""2C088EA"", ""kw"": ""遊技性""} || [balanced fi_pref=A63F7 ft_pref=2C333EA kw=遊技性] SELECT c.metadata.patent_id AS patent_id, c.metadata.title AS title, c.metadata.classification_fi AS classification_fi, c.metadata.f_term AS f_term, c.summary AS summary, c.claims AS claims, c.metadata.keywords AS doc_keywords, c.metadata.classification_ipc AS classification_ipc, c.metadata.publication_date AS publication_date FROM c WHERE (EXISTS (SELECT VALUE 1 FROM fi IN c.metadata.classification_fi WHERE STARTSWITH(fi, @fi_pref, true)) OR EXISTS (SELECT VALUE 1 FROM ft IN c.metadata.f_term WHERE STARTSWITH(ft, @ft_pref, true)) ) AND (CONTAINS(c.metadata.title, @kw, true) OR CONTAINS(c.summary, @kw, true) OR EXISTS (SELECT VALUE 1 FROM cl IN c.claims WHERE CONTAINS(cl.text, @kw, true))) | params: {""fi_pref"": ""A63F7"", ""ft_pref"": ""2C333EA"", ""kw"": ""遊技性""}"
2016015971,24,遊技機,20160201,"[balanced fi_pref=A63F7 ft_pref=2C333AA kw=遊技性] SELECT c.metadata.patent_id AS patent_id, c.metadata.title AS title, c.metadata.classification_fi AS classification_fi, c.metadata.f_term AS f_term, c.summary AS summary, c.claims AS claims, c.metadata.keywords AS doc_keywords, c.metadata.classification_ipc AS classification_ipc, c.metadata.publication_date AS publication_date FROM c WHERE (EXISTS (SELECT VALUE 1 FROM fi IN c.metadata.classification_fi WHERE STARTSWITH(fi, @fi_pref, true)) OR EXISTS (SELECT VALUE 1 FROM ft IN c.metadata.f_term WHERE STARTSWITH(ft, @ft_pref, true)) ) AND (CONTAINS(c.metadata.title, @kw, true) OR CONTAINS(c.summary, @kw, true) OR EXISTS (SELECT VALUE 1 FROM cl IN c.claims WHERE CONTAINS(cl.text, @kw, true))) | params: {""fi_pref"": ""A63F7"", ""ft_pref"": ""2C333AA"", ""kw"": ""遊技性""} || [balanced fi_pref=A63F7 ft_pref=2C088EA kw=遊技性] SELECT c.metadata.patent_id AS patent_id, c.metadata.title AS title, c.metadata.classification_fi AS classification_fi, c.metadata.f_term AS f_term, c.summary AS summary, c.claims AS claims, c.metadata.keywords AS doc_keywords, c.metadata.classification_ipc AS classification_ipc, c.metadata.publication_date AS publication_date FROM c WHERE (EXISTS (SELECT VALUE 1 FROM fi IN c.metadata.classification_fi WHERE STARTSWITH(fi, @fi_pref, true)) OR EXISTS (SELECT VALUE 1 FROM ft IN c.metadata.f_term WHERE STARTSWITH(ft, @ft_pref, true)) ) AND (CONTAINS(c.metadata.title, @kw, true) OR CONTAINS(c.summary, @kw, true) OR EXISTS (SELECT VALUE 1 FROM cl IN c.claims WHERE CONTAINS(cl.text, @kw, true))) | params: {""fi_pref"": ""A63F7"", ""ft_pref"": ""2C088EA"", ""kw"": ""遊技性""} || [balanced fi_pref=A63F7 ft_pref=2C333EA kw=遊技性] SELECT c.metadata.patent_id AS patent_id, c.metadata.title AS title, c.metadata.classification_fi AS classification_fi, c.metadata.f_term AS f_term, c.summary AS summary, c.claims AS claims, c.metadata.keywords AS doc_keywords, c.metadata.classification_ipc AS classification_ipc, c.metadata.publication_date AS publication_date FROM c WHERE (EXISTS (SELECT VALUE 1 FROM fi IN c.metadata.classification_fi WHERE STARTSWITH(fi, @fi_pref, true)) OR EXISTS (SELECT VALUE 1 FROM ft IN c.metadata.f_term WHERE STARTSWITH(ft, @ft_pref, true)) ) AND (CONTAINS(c.metadata.title, @kw, true) OR CONTAINS(c.summary, @kw, true) OR EXISTS (SELECT VALUE 1 FROM cl IN c.claims WHERE CONTAINS(cl.text, @kw, true))) | params: {""fi_pref"": ""A63F7"", ""ft_pref"": ""2C333EA"", ""kw"": ""遊技性""}"
2018108408,24,遊技機,20180712,"[balanced fi_pref=A63F7 ft_pref=2C333AA kw=遊技性] SELECT c.metadata.patent_id AS patent_id, c.metadata.title AS title, c.metadata.classification_fi AS classification_fi, c.metadata.f_term AS f_term, c.summary AS summary, c.claims AS claims, c.metadata.keywords AS doc_keywords, c.metadata.classification_ipc AS classification_ipc, c.metadata.publication_date AS publication_date FROM c WHERE (EXISTS (SELECT VALUE 1 FROM fi IN c.metadata.classification_fi WHERE STARTSWITH(fi, @fi_pref, true)) OR EXISTS (SELECT VALUE 1 FROM ft IN c.metadata.f_term WHERE STARTSWITH(ft, @ft_pref, true)) ) AND (CONTAINS(c.metadata.title, @kw, true) OR CONTAINS(c.summary, @kw, true) OR EXISTS (SELECT VALUE 1 FROM cl IN c.claims WHERE CONTAINS(cl.text, @kw, true))) | params: {""fi_pref"": ""A63F7"", ""ft_pref"": ""2C333AA"", ""kw"": ""遊技性""} || [balanced fi_pref=A63F7 ft_pref=2C088EA kw=遊技性] SELECT c.metadata.patent_id AS patent_id, c.metadata.title AS title, c.metadata.classification_fi AS classification_fi, c.metadata.f_term AS f_term, c.summary AS summary, c.claims AS claims, c.metadata.keywords AS doc_keywords, c.metadata.classification_ipc AS classification_ipc, c.metadata.publication_date AS publication_date FROM c WHERE (EXISTS (SELECT VALUE 1 FROM fi IN c.metadata.classification_fi WHERE STARTSWITH(fi, @fi_pref, true)) OR EXISTS (SELECT VALUE 1 FROM ft IN c.metadata.f_term WHERE STARTSWITH(ft, @ft_pref, true)) ) AND (CONTAINS(c.metadata.title, @kw, true) OR CONTAINS(c.summary, @kw, true) OR EXISTS (SELECT VALUE 1 FROM cl IN c.claims WHERE CONTAINS(cl.text, @kw, true))) | params: {""fi_pref"": ""A63F7"", ""ft_pref"": ""2C088EA"", ""kw"": ""遊技性""} || [balanced fi_pref=A63F7 ft_pref=2C333EA kw=遊技性] SELECT c.metadata.patent_id AS patent_id, c.metadata.title AS title, c.metadata.classification_fi AS classification_fi, c.metadata.f_term AS f_term, c.summary AS summary, c.claims AS claims, c.metadata.keywords AS doc_keywords, c.metadata.classification_ipc AS classification_ipc, c.metadata.publication_date AS publication_date FROM c WHERE (EXISTS (SELECT VALUE 1 FROM fi IN c.metadata.classification_fi WHERE STARTSWITH(fi, @fi_pref, true)) OR EXISTS (SELECT VALUE 1 FROM ft IN c.metadata.f_term WHERE STARTSWITH(ft, @ft_pref, true)) ) AND (CONTAINS(c.metadata.title, @kw, true) OR CONTAINS(c.summary, @kw, true) OR EXISTS (SELECT VALUE 1 FROM cl IN c.claims WHERE CONTAINS(cl.text, @kw, true))) | params: {""fi_pref"": ""A63F7"", ""ft_pref"": ""2C333EA"", ""kw"": ""遊技性""}"
2021023587,24,遊技機,20210222,"[broad fi_pref=A63F7 ft_pref=2C333AA kw=遊技進行状態] SELECT c.metadata.patent_id AS patent_id, c.metadata.title AS title, c.metadata.classification_fi AS classification_fi, c.metadata.f_term AS f_term, c.summary AS summary, c.claims AS claims, c.metadata.keywords AS doc_keywords, c.metadata.classification_ipc AS classification_ipc, c.metadata.publication_date AS publication_date FROM c WHERE EXISTS (SELECT VALUE 1 FROM fi IN c.metadata.classification_fi WHERE STARTSWITH(fi, @fi_pref, true)) OR EXISTS (SELECT VALUE 1 FROM ft IN c.metadata.f_term WHERE STARTSWITH(ft, @ft_pref, true)) OR CONTAINS(c.metadata.title, @kw, true) | params: {""fi_pref"": ""A63F7"", ""ft_pref"": ""2C333AA"", ""kw"": ""遊技進行状態""}"
2020156656,24,遊技機,20201001,"[broad fi_pref=A63F7 ft_pref=2C333AA kw=遊技進行状態] SELECT c.metadata.patent_id AS patent_id, c.metadata.title AS title, c.metadata.classification_fi AS classification_fi, c.metadata.f_term AS f_term, c.summary AS summary, c.claims AS claims, c.metadata.keywords AS doc_keywords, c.metadata.classification_ipc AS classification_ipc, c.metadata.publication_date AS publication_date FROM c WHERE EXISTS (SELECT VALUE 1 FROM fi IN c.metadata.classification_fi WHERE STARTSWITH(fi, @fi_pref, true)) OR EXISTS (SELECT VALUE 1 FROM ft IN c.metadata.f_term WHERE STARTSWITH(ft, @ft_pref, true)) OR CONTAINS(c.metadata.title, @kw, true) | params: {""fi_pref"": ""A63F7"", ""ft_pref"": ""2C333AA"", ""kw"": ""遊技進行状態""}"
2021029786,24,遊技機,20210301,"[broad fi_pref=A63F7 ft_pref=2C333AA kw=遊技進行状態] SELECT c.metadata.patent_id AS patent_id, c.metadata.title AS title, c.metadata.classification_fi AS classification_fi, c.metadata.f_term AS f_term, c.summary AS summary, c.claims AS claims, c.metadata.keywords AS doc_keywords, c.metadata.classification_ipc AS classification_ipc, c.metadata.publication_date AS publication_date FROM c WHERE EXISTS (SELECT VALUE 1 FROM fi IN c.metadata.classification_fi WHERE STARTSWITH(fi, @fi_pref, true)) OR EXISTS (SELECT VALUE 1 FROM ft IN c.metadata.f_term WHERE STARTSWITH(ft, @ft_pref, true)) OR CONTAINS(c.metadata.title, @kw, true) | params: {""fi_pref"": ""A63F7"", ""ft_pref"": ""2C333AA"", ""kw"": ""遊技進行状態""}"
2020188868,24,遊技機,20201126,"[broad fi_pref=A63F7 ft_pref=2C333AA kw=遊技進行状態] SELECT c.metadata.patent_id AS patent_id, c.metadata.title AS title, c.metadata.classification_fi AS classification_fi, c.metadata.f_term AS f_term, c.summary AS summary, c.claims AS claims, c.metadata.keywords AS doc_keywords, c.metadata.classification_ipc AS classification_ipc, c.metadata.publication_date AS publication_date FROM c WHERE EXISTS (SELECT VALUE 1 FROM fi IN c.metadata.classification_fi WHERE STARTSWITH(fi, @fi_pref, true)) OR EXISTS (SELECT VALUE 1 FROM ft IN c.metadata.f_term WHERE STARTSWITH(ft, @ft_pref, true)) OR CONTAINS(c.metadata.title, @kw, true) | params: {""fi_pref"": ""A63F7"", ""ft_pref"": ""2C333AA"", ""kw"": ""遊技進行状態""}"
2021035404,24,遊技機,20210304,"[broad fi_pref=A63F7 ft_pref=2C333AA kw=遊技進行状態] SELECT c.metadata.patent_id AS patent_id, c.metadata.title AS title, c.metadata.classification_fi AS classification_fi, c.metadata.f_term AS f_term, c.summary AS summary, c.claims AS claims, c.metadata.keywords AS doc_keywords, c.metadata.classification_ipc AS classification_ipc, c.metadata.publication_date AS publication_date FROM c WHERE EXISTS (SELECT VALUE 1 FROM fi IN c.metadata.classification_fi WHERE STARTSWITH(fi, @fi_pref, true)) OR EXISTS (SELECT VALUE 1 FROM ft IN c.metadata.f_term WHERE STARTSWITH(ft, @ft_pref, true)) OR CONTAINS(c.metadata.title, @kw, true) | params: {""fi_pref"": ""A63F7"", ""ft_pref"": ""2C333AA"", ""kw"": ""遊技進行状態""}"
2021023594,24,遊技機,20210222,"[broad fi_pref=A63F7 ft_pref=2C333AA kw=遊技進行状態] SELECT c.metadata.patent_id AS patent_id, c.metadata.title AS title, c.metadata.classification_fi AS classification_fi, c.metadata.f_term AS f_term, c.summary AS summary, c.claims AS claims, c.metadata.keywords AS doc_keywords, c.metadata.classification_ipc AS classification_ipc, c.metadata.publication_date AS publication_date FROM c WHERE EXISTS (SELECT VALUE 1 FROM fi IN c.metadata.classification_fi WHERE STARTSWITH(fi, @fi_pref, true)) OR EXISTS (SELECT VALUE 1 FROM ft IN c.metadata.f_term WHERE STARTSWITH(ft, @ft_pref, true)) OR CONTAINS(c.metadata.title, @kw, true) | params: {""fi_pref"": ""A63F7"", ""ft_pref"": ""2C333AA"", ""kw"": ""遊技進行状態""}"
2020130950,24,遊技機,20200831,"[broad fi_pref=A63F7 ft_pref=2C333AA kw=遊技進行状態] SELECT c.metadata.patent_id AS patent_id, c.metadata.title AS title, c.metadata.classification_fi AS classification_fi, c.metadata.f_term AS f_term, c.summary AS summary, c.claims AS claims, c.metadata.keywords AS doc_keywords, c.metadata.classification_ipc AS classification_ipc, c.metadata.publication_date AS publication_date FROM c WHERE EXISTS (SELECT VALUE 1 FROM fi IN c.metadata.classification_fi WHERE STARTSWITH(fi, @fi_pref, true)) OR EXISTS (SELECT VALUE 1 FROM ft IN c.metadata.f_term WHERE STARTSWITH(ft, @ft_pref, true)) OR CONTAINS(c.metadata.title, @kw, true) | params: {""fi_pref"": ""A63F7"", ""ft_pref"": ""2C333AA"", ""kw"": ""遊技進行状態""}"
2021053166,24,遊技機,20210408,"[broad fi_pref=A63F7 ft_pref=2C333AA kw=遊技進行状態] SELECT c.metadata.patent_id AS patent_id, c.metadata.title AS title, c.metadata.classification_fi AS classification_fi, c.metadata.f_term AS f_term, c.summary AS summary, c.claims AS claims, c.metadata.keywords AS doc_keywords, c.metadata.classification_ipc AS classification_ipc, c.metadata.publication_date AS publication_date FROM c WHERE EXISTS (SELECT VALUE 1 FROM fi IN c.metadata.classification_fi WHERE STARTSWITH(fi, @fi_pref, true)) OR EXISTS (SELECT VALUE 1 FROM ft IN c.metadata.f_term WHERE STARTSWITH(ft, @ft_pref, true)) OR CONTAINS(c.metadata.title, @kw, true) | params: {""fi_pref"": ""A63F7"", ""ft_pref"": ""2C333AA"", ""kw"": ""遊技進行状態""}"
2020156702,24,遊技機,20201001,"[broad fi_pref=A63F7 ft_pref=2C333AA kw=遊技進行状態] SELECT c.metadata.patent_id AS patent_id, c.metadata.title AS title, c.metadata.classification_fi AS classification_fi, c.metadata.f_term AS f_term, c.summary AS summary, c.claims AS claims, c.metadata.keywords AS doc_keywords, c.metadata.classification_ipc AS classification_ipc, c.metadata.publication_date AS publication_date FROM c WHERE EXISTS (SELECT VALUE 1 FROM fi IN c.metadata.classification_fi WHERE STARTSWITH(fi, @fi_pref, true)) OR EXISTS (SELECT VALUE 1 FROM ft IN c.metadata.f_term WHERE STARTSWITH(ft, @ft_pref, true)) OR CONTAINS(c.metadata.title, @kw, true) | params: {""fi_pref"": ""A63F7"", ""ft_pref"": ""2C333AA"", ""kw"": ""遊技進行状態""}"
2021029549,24,遊技機,20210301,"[broad fi_pref=A63F7 ft_pref=2C333AA kw=遊技進行状態] SELECT c.metadata.patent_id AS patent_id, c.metadata.title AS title, c.metadata.classification_fi AS classification_fi, c.metadata.f_term AS f_term, c.summary AS summary, c.claims AS claims, c.metadata.keywords AS doc_keywords, c.metadata.classification_ipc AS classification_ipc, c.metadata.publication_date AS publication_date FROM c WHERE EXISTS (SELECT VALUE 1 FROM fi IN c.metadata.classification_fi WHERE STARTSWITH(fi, @fi_pref, true)) OR EXISTS (SELECT VALUE 1 FROM ft IN c.metadata.f_term WHERE STARTSWITH(ft, @ft_pref, true)) OR CONTAINS(c.metadata.title, @kw, true) | params: {""fi_pref"": ""A63F7"", ""ft_pref"": ""2C333AA"", ""kw"": ""遊技進行状態""}"
2021020004,24,遊技機,20210218,"[broad fi_pref=A63F7 ft_pref=2C333AA kw=遊技進行状態] SELECT c.metadata.patent_id AS patent_id, c.metadata.title AS title, c.metadata.classification_fi AS classification_fi, c.metadata.f_term AS f_term, c.summary AS summary, c.claims AS claims, c.metadata.keywords AS doc_keywords, c.metadata.classification_ipc AS classification_ipc, c.metadata.publication_date AS publication_date FROM c WHERE EXISTS (SELECT VALUE 1 FROM fi IN c.metadata.classification_fi WHERE STARTSWITH(fi, @fi_pref, true)) OR EXISTS (SELECT VALUE 1 FROM ft IN c.metadata.f_term WHERE STARTSWITH(ft, @ft_pref, true)) OR CONTAINS(c.metadata.title, @kw, true) | params: {""fi_pref"": ""A63F7"", ""ft_pref"": ""2C333AA"", ""kw"": ""遊技進行状態""}"
2020141902,24,遊技機,20200910,"[broad fi_pref=A63F7 ft_pref=2C333AA kw=遊技進行状態] SELECT c.metadata.patent_id AS patent_id, c.metadata.title AS title, c.metadata.classification_fi AS classification_fi, c.metadata.f_term AS f_term, c.summary AS summary, c.claims AS claims, c.metadata.keywords AS doc_keywords, c.metadata.classification_ipc AS classification_ipc, c.metadata.publication_date AS publication_date FROM c WHERE EXISTS (SELECT VALUE 1 FROM fi IN c.metadata.classification_fi WHERE STARTSWITH(fi, @fi_pref, true)) OR EXISTS (SELECT VALUE 1 FROM ft IN c.metadata.f_term WHERE STARTSWITH(ft, @ft_pref, true)) OR CONTAINS(c.metadata.title, @kw, true) | params: {""fi_pref"": ""A63F7"", ""ft_pref"": ""2C333AA"", ""kw"": ""遊技進行状態""}"
2021013580,24,遊技機,20210212,"[broad fi_pref=A63F7 ft_pref=2C333AA kw=遊技進行状態] SELECT c.metadata.patent_id AS patent_id, c.metadata.title AS title, c.metadata.classification_fi AS classification_fi, c.metadata.f_term AS f_term, c.summary AS summary, c.claims AS claims, c.metadata.keywords AS doc_keywords, c.metadata.classification_ipc AS classification_ipc, c.metadata.publication_date AS publication_date FROM c WHERE EXISTS (SELECT VALUE 1 FROM fi IN c.metadata.classification_fi WHERE STARTSWITH(fi, @fi_pref, true)) OR EXISTS (SELECT VALUE 1 FROM ft IN c.metadata.f_term WHERE STARTSWITH(ft, @ft_pref, true)) OR CONTAINS(c.metadata.title, @kw, true) | params: {""fi_pref"": ""A63F7"", ""ft_pref"": ""2C333AA"", ""kw"": ""遊技進行状態""}"
2021045210,24,遊技機,20210325,"[broad fi_pref=A63F7 ft_pref=2C333AA kw=遊技進行状態] SELECT c.metadata.patent_id AS patent_id, c.metadata.title AS title, c.metadata.classification_fi AS classification_fi, c.metadata.f_term AS f_term, c.summary AS summary, c.claims AS claims, c.metadata.keywords AS doc_keywords, c.metadata.classification_ipc AS classification_ipc, c.metadata.publication_date AS publication_date FROM c WHERE EXISTS (SELECT VALUE 1 FROM fi IN c.metadata.classification_fi WHERE STARTSWITH(fi, @fi_pref, true)) OR EXISTS (SELECT VALUE 1 FROM ft IN c.metadata.f_term WHERE STARTSWITH(ft, @ft_pref, true)) OR CONTAINS(c.metadata.title, @kw, true) | params: {""fi_pref"": ""A63F7"", ""ft_pref"": ""2C333AA"", ""kw"": ""遊技進行状態""}"
2020156626,24,遊技機,20201001,"[broad fi_pref=A63F7 ft_pref=2C333AA kw=遊技進行状態] SELECT c.metadata.patent_id AS patent_id, c.metadata.title AS title, c.metadata.classification_fi AS classification_fi, c.metadata.f_term AS f_term, c.summary AS summary, c.claims AS claims, c.metadata.keywords AS doc_keywords, c.metadata.classification_ipc AS classification_ipc, c.metadata.publication_date AS publication_date FROM c WHERE EXISTS (SELECT VALUE 1 FROM fi IN c.metadata.classification_fi WHERE STARTSWITH(fi, @fi_pref, true)) OR EXISTS (SELECT VALUE 1 FROM ft IN c.metadata.f_term WHERE STARTSWITH(ft, @ft_pref, true)) OR CONTAINS(c.metadata.title, @kw, true) | params: {""fi_pref"": ""A63F7"", ""ft_pref"": ""2C333AA"", ""kw"": ""遊技進行状態""}"
2020182739,24,遊技機,20201112,"[broad fi_pref=A63F7 ft_pref=2C333AA kw=遊技進行状態] SELECT c.metadata.patent_id AS patent_id, c.metadata.title AS title, c.metadata.classification_fi AS classification_fi, c.metadata.f_term AS f_term, c.summary AS summary, c.claims AS claims, c.metadata.keywords AS doc_keywords, c.metadata.classification_ipc AS classification_ipc, c.metadata.publication_date AS publication_date FROM c WHERE EXISTS (SELECT VALUE 1 FROM fi IN c.metadata.classification_fi WHERE STARTSWITH(fi, @fi_pref, true)) OR EXISTS (SELECT VALUE 1 FROM ft IN c.metadata.f_term WHERE STARTSWITH(ft, @ft_pref, true)) OR CONTAINS(c.metadata.title, @kw, true) | params: {""fi_pref"": ""A63F7"", ""ft_pref"": ""2C333AA"", ""kw"": ""遊技進行状態""}"
2021049159,24,遊技機,20210401,"[broad fi_pref=A63F7 ft_pref=2C333AA kw=遊技進行状態] SELECT c.metadata.patent_id AS patent_id, c.metadata.title AS title, c.metadata.classification_fi AS classification_fi, c.metadata.f_term AS f_term, c.summary AS summary, c.claims AS claims, c.metadata.keywords AS doc_keywords, c.metadata.classification_ipc AS classification_ipc, c.metadata.publication_date AS publication_date FROM c WHERE EXISTS (SELECT VALUE 1 FROM fi IN c.metadata.classification_fi WHERE STARTSWITH(fi, @fi_pref, true)) OR EXISTS (SELECT VALUE 1 FROM ft IN c.metadata.f_term WHERE STARTSWITH(ft, @ft_pref, true)) OR CONTAINS(c.metadata.title, @kw, true) | params: {""fi_pref"": ""A63F7"", ""ft_pref"": ""2C333AA"", ""kw"": ""遊技進行状態""}"
2020137762,24,遊技機,20200903,"[broad fi_pref=A63F7 ft_pref=2C333AA kw=遊技進行状態] SELECT c.metadata.patent_id AS patent_id, c.metadata.title AS title, c.metadata.classification_fi AS classification_fi, c.metadata.f_term AS f_term, c.summary AS summary, c.claims AS claims, c.metadata.keywords AS doc_keywords, c.metadata.classification_ipc AS classification_ipc, c.metadata.publication_date AS publication_date FROM c WHERE EXISTS (SELECT VALUE 1 FROM fi IN c.metadata.classification_fi WHERE STARTSWITH(fi, @fi_pref, true)) OR EXISTS (SELECT VALUE 1 FROM ft IN c.metadata.f_term WHERE STARTSWITH(ft, @ft_pref, true)) OR CONTAINS(c.metadata.title, @kw, true) | params: {""fi_pref"": ""A63F7"", ""ft_pref"": ""2C333AA"", ""kw"": ""遊技進行状態""}"
2020189048,24,遊技機,20201126,"[broad fi_pref=A63F7 ft_pref=2C333AA kw=遊技進行状態] SELECT c.metadata.patent_id AS patent_id, c.metadata.title AS title, c.metadata.classification_fi AS classification_fi, c.metadata.f_term AS f_term, c.summary AS summary, c.claims AS claims, c.metadata.keywords AS doc_keywords, c.metadata.classification_ipc AS classification_ipc, c.metadata.publication_date AS publication_date FROM c WHERE EXISTS (SELECT VALUE 1 FROM fi IN c.metadata.classification_fi WHERE STARTSWITH(fi, @fi_pref, true)) OR EXISTS (SELECT VALUE 1 FROM ft IN c.metadata.f_term WHERE STARTSWITH(ft, @ft_pref, true)) OR CONTAINS(c.metadata.title, @kw, true) | params: {""fi_pref"": ""A63F7"", ""ft_pref"": ""2C333AA"", ""kw"": ""遊技進行状態""}"
2021029828,24,遊技機,20210301,"[broad fi_pref=A63F7 ft_pref=2C333AA kw=遊技進行状態] SELECT c.metadata.patent_id AS patent_id, c.metadata.title AS title, c.metadata.classification_fi AS classification_fi, c.metadata.f_term AS f_term, c.summary AS summary, c.claims AS claims, c.metadata.keywords AS doc_keywords, c.metadata.classification_ipc AS classification_ipc, c.metadata.publication_date AS publication_date FROM c WHERE EXISTS (SELECT VALUE 1 FROM fi IN c.metadata.classification_fi WHERE STARTSWITH(fi, @fi_pref, true)) OR EXISTS (SELECT VALUE 1 FROM ft IN c.metadata.f_term WHERE STARTSWITH(ft, @ft_pref, true)) OR CONTAINS(c.metadata.title, @kw, true) | params: {""fi_pref"": ""A63F7"", ""ft_pref"": ""2C333AA"", ""kw"": ""遊技進行状態""}"
2021016706,24,遊技機,20210215,"[broad fi_pref=A63F7 ft_pref=2C333AA kw=遊技進行状態] SELECT c.metadata.patent_id AS patent_id, c.metadata.title AS title, c.metadata.classification_fi AS classification_fi, c.metadata.f_term AS f_term, c.summary AS summary, c.claims AS claims, c.metadata.keywords AS doc_keywords, c.metadata.classification_ipc AS classification_ipc, c.metadata.publication_date AS publication_date FROM c WHERE EXISTS (SELECT VALUE 1 FROM fi IN c.metadata.classification_fi WHERE STARTSWITH(fi, @fi_pref, true)) OR EXISTS (SELECT VALUE 1 FROM ft IN c.metadata.f_term WHERE STARTSWITH(ft, @ft_pref, true)) OR CONTAINS(c.metadata.title, @kw, true) | params: {""fi_pref"": ""A63F7"", ""ft_pref"": ""2C333AA"", ""kw"": ""遊技進行状態""}"
2021053051,24,遊技機,20210408,"[broad fi_pref=A63F7 ft_pref=2C333AA kw=遊技進行状態] SELECT c.metadata.patent_id AS patent_id, c.metadata.title AS title, c.metadata.classification_fi AS classification_fi, c.metadata.f_term AS f_term, c.summary AS summary, c.claims AS claims, c.metadata.keywords AS doc_keywords, c.metadata.classification_ipc AS classification_ipc, c.metadata.publication_date AS publication_date FROM c WHERE EXISTS (SELECT VALUE 1 FROM fi IN c.metadata.classification_fi WHERE STARTSWITH(fi, @fi_pref, true)) OR EXISTS (SELECT VALUE 1 FROM ft IN c.metadata.f_term WHERE STARTSWITH(ft, @ft_pref, true)) OR CONTAINS(c.metadata.title, @kw, true) | params: {""fi_pref"": ""A63F7"", ""ft_pref"": ""2C333AA"", ""kw"": ""遊技進行状態""}"
2020198939,24,遊技機,20201217,"[broad fi_pref=A63F7 ft_pref=2C333AA kw=遊技進行状態] SELECT c.metadata.patent_id AS patent_id, c.metadata.title AS title, c.metadata.classification_fi AS classification_fi, c.metadata.f_term AS f_term, c.summary AS summary, c.claims AS claims, c.metadata.keywords AS doc_keywords, c.metadata.classification_ipc AS classification_ipc, c.metadata.publication_date AS publication_date FROM c WHERE EXISTS (SELECT VALUE 1 FROM fi IN c.metadata.classification_fi WHERE STARTSWITH(fi, @fi_pref, true)) OR EXISTS (SELECT VALUE 1 FROM ft IN c.metadata.f_term WHERE STARTSWITH(ft, @ft_pref, true)) OR CONTAINS(c.metadata.title, @kw, true) | params: {""fi_pref"": ""A63F7"", ""ft_pref"": ""2C333AA"", ""kw"": ""遊技進行状態""}"
2020156635,24,遊技機,20201001,"[broad fi_pref=A63F7 ft_pref=2C333AA kw=遊技進行状態] SELECT c.metadata.patent_id AS patent_id, c.metadata.title AS title, c.metadata.classification_fi AS classification_fi, c.metadata.f_term AS f_term, c.summary AS summary, c.claims AS claims, c.metadata.keywords AS doc_keywords, c.metadata.classification_ipc AS classification_ipc, c.metadata.publication_date AS publication_date FROM c WHERE EXISTS (SELECT VALUE 1 FROM fi IN c.metadata.classification_fi WHERE STARTSWITH(fi, @fi_pref, true)) OR EXISTS (SELECT VALUE 1 FROM ft IN c.metadata.f_term WHERE STARTSWITH(ft, @ft_pref, true)) OR CONTAINS(c.metadata.title, @kw, true) | params: {""fi_pref"": ""A63F7"", ""ft_pref"": ""2C333AA"", ""kw"": ""遊技進行状態""}"
2021003452,24,遊技機,20210114,"[broad fi_pref=A63F7 ft_pref=2C333AA kw=遊技進行状態] SELECT c.metadata.patent_id AS patent_id, c.metadata.title AS title, c.metadata.classification_fi AS classification_fi, c.metadata.f_term AS f_term, c.summary AS summary, c.claims AS claims, c.metadata.keywords AS doc_keywords, c.metadata.classification_ipc AS classification_ipc, c.metadata.publication_date AS publication_date FROM c WHERE EXISTS (SELECT VALUE 1 FROM fi IN c.metadata.classification_fi WHERE STARTSWITH(fi, @fi_pref, true)) OR EXISTS (SELECT VALUE 1 FROM ft IN c.metadata.f_term WHERE STARTSWITH(ft, @ft_pref, true)) OR CONTAINS(c.metadata.title, @kw, true) | params: {""fi_pref"": ""A63F7"", ""ft_pref"": ""2C333AA"", ""kw"": ""遊技進行状態""}"
2020195543,24,遊技機,20201210,"[broad fi_pref=A63F7 ft_pref=2C333AA kw=遊技進行状態] SELECT c.metadata.patent_id AS patent_id, c.metadata.title AS title, c.metadata.classification_fi AS classification_fi, c.metadata.f_term AS f_term, c.summary AS summary, c.claims AS claims, c.metadata.keywords AS doc_keywords, c.metadata.classification_ipc AS classification_ipc, c.metadata.publication_date AS publication_date FROM c WHERE EXISTS (SELECT VALUE 1 FROM fi IN c.metadata.classification_fi WHERE STARTSWITH(fi, @fi_pref, true)) OR EXISTS (SELECT VALUE 1 FROM ft IN c.metadata.f_term WHERE STARTSWITH(ft, @ft_pref, true)) OR CONTAINS(c.metadata.title, @kw, true) | params: {""fi_pref"": ""A63F7"", ""ft_pref"": ""2C333AA"", ""kw"": ""遊技進行状態""}"
2021053046,24,遊技機,20210408,"[broad fi_pref=A63F7 ft_pref=2C333AA kw=遊技進行状態] SELECT c.metadata.patent_id AS patent_id, c.metadata.title AS title, c.metadata.classification_fi AS classification_fi, c.metadata.f_term AS f_term, c.summary AS summary, c.claims AS claims, c.metadata.keywords AS doc_keywords, c.metadata.classification_ipc AS classification_ipc, c.metadata.publication_date AS publication_date FROM c WHERE EXISTS (SELECT VALUE 1 FROM fi IN c.metadata.classification_fi WHERE STARTSWITH(fi, @fi_pref, true)) OR EXISTS (SELECT VALUE 1 FROM ft IN c.metadata.f_term WHERE STARTSWITH(ft, @ft_pref, true)) OR CONTAINS(c.metadata.title, @kw, true) | params: {""fi_pref"": ""A63F7"", ""ft_pref"": ""2C333AA"", ""kw"": ""遊技進行状態""}"
2021003202,24,遊技機,20210114,"[broad fi_pref=A63F7 ft_pref=2C333AA kw=遊技進行状態] SELECT c.metadata.patent_id AS patent_id, c.metadata.title AS title, c.metadata.classification_fi AS classification_fi, c.metadata.f_term AS f_term, c.summary AS summary, c.claims AS claims, c.metadata.keywords AS doc_keywords, c.metadata.classification_ipc AS classification_ipc, c.metadata.publication_date AS publication_date FROM c WHERE EXISTS (SELECT VALUE 1 FROM fi IN c.metadata.classification_fi WHERE STARTSWITH(fi, @fi_pref, true)) OR EXISTS (SELECT VALUE 1 FROM ft IN c.metadata.f_term WHERE STARTSWITH(ft, @ft_pref, true)) OR CONTAINS(c.metadata.title, @kw, true) | params: {""fi_pref"": ""A63F7"", ""ft_pref"": ""2C333AA"", ""kw"": ""遊技進行状態""}"
2021045213,24,遊技機,20210325,"[broad fi_pref=A63F7 ft_pref=2C333AA kw=遊技進行状態] SELECT c.metadata.patent_id AS patent_id, c.metadata.title AS title, c.metadata.classification_fi AS classification_fi, c.metadata.f_term AS f_term, c.summary AS summary, c.claims AS claims, c.metadata.keywords AS doc_keywords, c.metadata.classification_ipc AS classification_ipc, c.metadata.publication_date AS publication_date FROM c WHERE EXISTS (SELECT VALUE 1 FROM fi IN c.metadata.classification_fi WHERE STARTSWITH(fi, @fi_pref, true)) OR EXISTS (SELECT VALUE 1 FROM ft IN c.metadata.f_term WHERE STARTSWITH(ft, @ft_pref, true)) OR CONTAINS(c.metadata.title, @kw, true) | params: {""fi_pref"": ""A63F7"", ""ft_pref"": ""2C333AA"", ""kw"": ""遊技進行状態""}"
2021023549,24,遊技機,20210222,"[broad fi_pref=A63F7 ft_pref=2C333AA kw=遊技進行状態] SELECT c.metadata.patent_id AS patent_id, c.metadata.title AS title, c.metadata.classification_fi AS classification_fi, c.metadata.f_term AS f_term, c.summary AS summary, c.claims AS claims, c.metadata.keywords AS doc_keywords, c.metadata.classification_ipc AS classification_ipc, c.metadata.publication_date AS publication_date FROM c WHERE EXISTS (SELECT VALUE 1 FROM fi IN c.metadata.classification_fi WHERE STARTSWITH(fi, @fi_pref, true)) OR EXISTS (SELECT VALUE 1 FROM ft IN c.metadata.f_term WHERE STARTSWITH(ft, @ft_pref, true)) OR CONTAINS(c.metadata.title, @kw, true) | params: {""fi_pref"": ""A63F7"", ""ft_pref"": ""2C333AA"", ""kw"": ""遊技進行状態""}"
2021000402,23,遊技機,20210107,"[balanced fi_pref=A63F7 ft_pref=2C333AA kw=表示態様] SELECT c.metadata.patent_id AS patent_id, c.metadata.title AS title, c.metadata.classification_fi AS classification_fi, c.metadata.f_term AS f_term, c.summary AS summary, c.claims AS claims, c.metadata.keywords AS doc_keywords, c.metadata.classification_ipc AS classification_ipc, c.metadata.publication_date AS publication_date FROM c WHERE (EXISTS (SELECT VALUE 1 FROM fi IN c.metadata.classification_fi WHERE STARTSWITH(fi, @fi_pref, true)) OR EXISTS (SELECT VALUE 1 FROM ft IN c.metadata.f_term WHERE STARTSWITH(ft, @ft_pref, true)) ) AND (CONTAINS(c.metadata.title, @kw, true) OR CONTAINS(c.summary, @kw, true) OR EXISTS (SELECT VALUE 1 FROM cl IN c.claims WHERE CONTAINS(cl.text, @kw, true))) | params: {""fi_pref"": ""A63F7"", ""ft_pref"": ""2C333AA"", ""kw"": ""表示態様""} || [balanced fi_pref=A63F7 ft_pref=2C088EA kw=表示態様] SELECT c.metadata.patent_id AS patent_id, c.metadata.title AS title, c.metadata.classification_fi AS classification_fi, c.metadata.f_term AS f_term, c.summary AS summary, c.claims AS claims, c.metadata.keywords AS doc_keywords, c.metadata.classification_ipc AS classification_ipc, c.metadata.publication_date AS publication_date FROM c WHERE (EXISTS (SELECT VALUE 1 FROM fi IN c.metadata.classification_fi WHERE STARTSWITH(fi, @fi_pref, true)) OR EXISTS (SELECT VALUE 1 FROM ft IN c.metadata.f_term WHERE STARTSWITH(ft, @ft_pref, true)) ) AND (CONTAINS(c.metadata.title, @kw, true) OR CONTAINS(c.summary, @kw, true) OR EXISTS (SELECT VALUE 1 FROM cl IN c.claims WHERE CONTAINS(cl.text, @kw, true))) | params: {""fi_pref"": ""A63F7"", ""ft_pref"": ""2C088EA"", ""kw"": ""表示態様""} || [balanced fi_pref=A63F7 ft_pref=2C333EA kw=表示態様] SELECT c.metadata.patent_id AS patent_id, c.metadata.title AS title, c.metadata.classification_fi AS classification_fi, c.metadata.f_term AS f_term, c.summary AS summary, c.claims AS claims, c.metadata.keywords AS doc_keywords, c.metadata.classification_ipc AS classification_ipc, c.metadata.publication_date AS publication_date FROM c WHERE (EXISTS (SELECT VALUE 1 FROM fi IN c.metadata.classification_fi WHERE STARTSWITH(fi, @fi_pref, true)) OR EXISTS (SELECT VALUE 1 FROM ft IN c.metadata.f_term WHERE STARTSWITH(ft, @ft_pref, true)) ) AND (CONTAINS(c.metadata.title, @kw, true) OR CONTAINS(c.summary, @kw, true) OR EXISTS (SELECT VALUE 1 FROM cl IN c.claims WHERE CONTAINS(cl.text, @kw, true))) | params: {""fi_pref"": ""A63F7"", ""ft_pref"": ""2C333EA"", ""kw"": ""表示態様""} || [broad fi_pref=A63F7 ft_pref=2C333AA kw=遊技進行状態] SELECT c.metadata.patent_id AS patent_id, c.metadata.title AS title, c.metadata.classification_fi AS classification_fi, c.metadata.f_term AS f_term, c.summary AS summary, c.claims AS claims, c.metadata.keywords AS doc_keywords, c.metadata.classification_ipc AS classification_ipc, c.metadata.publication_date AS publication_date FROM c WHERE EXISTS (SELECT VALUE 1 FROM fi IN c.metadata.classification_fi WHERE STARTSWITH(fi, @fi_pref, true)) OR EXISTS (SELECT VALUE 1 FROM ft IN c.metadata.f_term WHERE STARTSWITH(ft, @ft_pref, true)) OR CONTAINS(c.metadata.title, @kw, true) | params: {""fi_pref"": ""A63F7"", ""ft_pref"": ""2C333AA"", ""kw"": ""遊技進行状態""}"
2019195690,23,遊技機,20191114,"[balanced fi_pref=A63F7 ft_pref=2C333AA kw=表示態様] SELECT c.metadata.patent_id AS patent_id, c.metadata.title AS title, c.metadata.classification_fi AS classification_fi, c.metadata.f_term AS f_term, c.summary AS summary, c.claims AS claims, c.metadata.keywords AS doc_keywords, c.metadata.classification_ipc AS classification_ipc, c.metadata.publication_date AS publication_date FROM c WHERE (EXISTS (SELECT VALUE 1 FROM fi IN c.metadata.classification_fi WHERE STARTSWITH(fi, @fi_pref, true)) OR EXISTS (SELECT VALUE 1 FROM ft IN c.metadata.f_term WHERE STARTSWITH(ft, @ft_pref, true)) ) AND (CONTAINS(c.metadata.title, @kw, true) OR CONTAINS(c.summary, @kw, true) OR EXISTS (SELECT VALUE 1 FROM cl IN c.claims WHERE CONTAINS(cl.text, @kw, true))) | params: {""fi_pref"": ""A63F7"", ""ft_pref"": ""2C333AA"", ""kw"": ""表示態様""} || [balanced fi_pref=A63F7 ft_pref=2C088EA kw=表示態様] SELECT c.metadata.patent_id AS patent_id, c.metadata.title AS title, c.metadata.classification_fi AS classification_fi, c.metadata.f_term AS f_term, c.summary AS summary, c.claims AS claims, c.metadata.keywords AS doc_keywords, c.metadata.classification_ipc AS classification_ipc, c.metadata.publication_date AS publication_date FROM c WHERE (EXISTS (SELECT VALUE 1 FROM fi IN c.metadata.classification_fi WHERE STARTSWITH(fi, @fi_pref, true)) OR EXISTS (SELECT VALUE 1 FROM ft IN c.metadata.f_term WHERE STARTSWITH(ft, @ft_pref, true)) ) AND (CONTAINS(c.metadata.title, @kw, true) OR CONTAINS(c.summary, @kw, true) OR EXISTS (SELECT VALUE 1 FROM cl IN c.claims WHERE CONTAINS(cl.text, @kw, true))) | params: {""fi_pref"": ""A63F7"", ""ft_pref"": ""2C088EA"", ""kw"": ""表示態様""} || [balanced fi_pref=A63F7 ft_pref=2C333EA kw=表示態様] SELECT c.metadata.patent_id AS patent_id, c.metadata.title AS title, c.metadata.classification_fi AS classification_fi, c.metadata.f_term AS f_term, c.summary AS summary, c.claims AS claims, c.metadata.keywords AS doc_keywords, c.metadata.classification_ipc AS classification_ipc, c.metadata.publication_date AS publication_date FROM c WHERE (EXISTS (SELECT VALUE 1 FROM fi IN c.metadata.classification_fi WHERE STARTSWITH(fi, @fi_pref, true)) OR EXISTS (SELECT VALUE 1 FROM ft IN c.metadata.f_term WHERE STARTSWITH(ft, @ft_pref, true)) ) AND (CONTAINS(c.metadata.title, @kw, true) OR CONTAINS(c.summary, @kw, true) OR EXISTS (SELECT VALUE 1 FROM cl IN c.claims WHERE CONTAINS(cl.text, @kw, true))) | params: {""fi_pref"": ""A63F7"", ""ft_pref"": ""2C333EA"", ""kw"": ""表示態様""} || [broad fi_pref=A63F7 ft_pref=2C333AA kw=遊技進行状態] SELECT c.metadata.patent_id AS patent_id, c.metadata.title AS title, c.metadata.classification_fi AS classification_fi, c.metadata.f_term AS f_term, c.summary AS summary, c.claims AS claims, c.metadata.keywords AS doc_keywords, c.metadata.classification_ipc AS classification_ipc, c.metadata.publication_date AS publication_date FROM c WHERE EXISTS (SELECT VALUE 1 FROM fi IN c.metadata.classification_fi WHERE STARTSWITH(fi, @fi_pref, true)) OR EXISTS (SELECT VALUE 1 FROM ft IN c.metadata.f_term WHERE STARTSWITH(ft, @ft_pref, true)) OR CONTAINS(c.metadata.title, @kw, true) | params: {""fi_pref"": ""A63F7"", ""ft_pref"": ""2C333AA"", ""kw"": ""遊技進行状態""}"
2020146127,23,遊技機,20200917,"[balanced fi_pref=A63F7 ft_pref=2C333AA kw=表示態様] SELECT c.metadata.patent_id AS patent_id, c.metadata.title AS title, c.metadata.classification_fi AS classification_fi, c.metadata.f_term AS f_term, c.summary AS summary, c.claims AS claims, c.metadata.keywords AS doc_keywords, c.metadata.classification_ipc AS classification_ipc, c.metadata.publication_date AS publication_date FROM c WHERE (EXISTS (SELECT VALUE 1 FROM fi IN c.metadata.classification_fi WHERE STARTSWITH(fi, @fi_pref, true)) OR EXISTS (SELECT VALUE 1 FROM ft IN c.metadata.f_term WHERE STARTSWITH(ft, @ft_pref, true)) ) AND (CONTAINS(c.metadata.title, @kw, true) OR CONTAINS(c.summary, @kw, true) OR EXISTS (SELECT VALUE 1 FROM cl IN c.claims WHERE CONTAINS(cl.text, @kw, true))) | params: {""fi_pref"": ""A63F7"", ""ft_pref"": ""2C333AA"", ""kw"": ""表示態様""} || [balanced fi_pref=A63F7 ft_pref=2C088EA kw=表示態様] SELECT c.metadata.patent_id AS patent_id, c.metadata.title AS title, c.metadata.classification_fi AS classification_fi, c.metadata.f_term AS f_term, c.summary AS summary, c.claims AS claims, c.metadata.keywords AS doc_keywords, c.metadata.classification_ipc AS classification_ipc, c.metadata.publication_date AS publication_date FROM c WHERE (EXISTS (SELECT VALUE 1 FROM fi IN c.metadata.classification_fi WHERE STARTSWITH(fi, @fi_pref, true)) OR EXISTS (SELECT VALUE 1 FROM ft IN c.metadata.f_term WHERE STARTSWITH(ft, @ft_pref, true)) ) AND (CONTAINS(c.metadata.title, @kw, true) OR CONTAINS(c.summary, @kw, true) OR EXISTS (SELECT VALUE 1 FROM cl IN c.claims WHERE CONTAINS(cl.text, @kw, true))) | params: {""fi_pref"": ""A63F7"", ""ft_pref"": ""2C088EA"", ""kw"": ""表示態様""} || [balanced fi_pref=A63F7 ft_pref=2C333EA kw=表示態様] SELECT c.metadata.patent_id AS patent_id, c.metadata.title AS title, c.metadata.classification_fi AS classification_fi, c.metadata.f_term AS f_term, c.summary AS summary, c.claims AS claims, c.metadata.keywords AS doc_keywords, c.metadata.classification_ipc AS classification_ipc, c.metadata.publication_date AS publication_date FROM c WHERE (EXISTS (SELECT VALUE 1 FROM fi IN c.metadata.classification_fi WHERE STARTSWITH(fi, @fi_pref, true)) OR EXISTS (SELECT VALUE 1 FROM ft IN c.metadata.f_term WHERE STARTSWITH(ft, @ft_pref, true)) ) AND (CONTAINS(c.metadata.title, @kw, true) OR CONTAINS(c.summary, @kw, true) OR EXISTS (SELECT VALUE 1 FROM cl IN c.claims WHERE CONTAINS(cl.text, @kw, true))) | params: {""fi_pref"": ""A63F7"", ""ft_pref"": ""2C333EA"", ""kw"": ""表示態様""} || [broad fi_pref=A63F7 ft_pref=2C333AA kw=遊技進行状態] SELECT c.metadata.patent_id AS patent_id, c.metadata.title AS title, c.metadata.classification_fi AS classification_fi, c.metadata.f_term AS f_term, c.summary AS summary, c.claims AS claims, c.metadata.keywords AS doc_keywords, c.metadata.classification_ipc AS classification_ipc, c.metadata.publication_date AS publication_date FROM c WHERE EXISTS (SELECT VALUE 1 FROM fi IN c.metadata.classification_fi WHERE STARTSWITH(fi, @fi_pref, true)) OR EXISTS (SELECT VALUE 1 FROM ft IN c.metadata.f_term WHERE STARTSWITH(ft, @ft_pref, true)) OR CONTAINS(c.metadata.title, @kw, true) | params: {""fi_pref"": ""A63F7"", ""ft_pref"": ""2C333AA"", ""kw"": ""遊技進行状態""}"
2019217378,23,遊技機,20191226,"[balanced fi_pref=A63F7 ft_pref=2C333AA kw=表示態様] SELECT c.metadata.patent_id AS patent_id, c.metadata.title AS title, c.metadata.classification_fi AS classification_fi, c.metadata.f_term AS f_term, c.summary AS summary, c.claims AS claims, c.metadata.keywords AS doc_keywords, c.metadata.classification_ipc AS classification_ipc, c.metadata.publication_date AS publication_date FROM c WHERE (EXISTS (SELECT VALUE 1 FROM fi IN c.metadata.classification_fi WHERE STARTSWITH(fi, @fi_pref, true)) OR EXISTS (SELECT VALUE 1 FROM ft IN c.metadata.f_term WHERE STARTSWITH(ft, @ft_pref, true)) ) AND (CONTAINS(c.metadata.title, @kw, true) OR CONTAINS(c.summary, @kw, true) OR EXISTS (SELECT VALUE 1 FROM cl IN c.claims WHERE CONTAINS(cl.text, @kw, true))) | params: {""fi_pref"": ""A63F7"", ""ft_pref"": ""2C333AA"", ""kw"": ""表示態様""} || [balanced fi_pref=A63F7 ft_pref=2C088EA kw=表示態様] SELECT c.metadata.patent_id AS patent_id, c.metadata.title AS title, c.metadata.classification_fi AS classification_fi, c.metadata.f_term AS f_term, c.summary AS summary, c.claims AS claims, c.metadata.keywords AS doc_keywords, c.metadata.classification_ipc AS classification_ipc, c.metadata.publication_date AS publication_date FROM c WHERE (EXISTS (SELECT VALUE 1 FROM fi IN c.metadata.classification_fi WHERE STARTSWITH(fi, @fi_pref, true)) OR EXISTS (SELECT VALUE 1 FROM ft IN c.metadata.f_term WHERE STARTSWITH(ft, @ft_pref, true)) ) AND (CONTAINS(c.metadata.title, @kw, true) OR CONTAINS(c.summary, @kw, true) OR EXISTS (SELECT VALUE 1 FROM cl IN c.claims WHERE CONTAINS(cl.text, @kw, true))) | params: {""fi_pref"": ""A63F7"", ""ft_pref"": ""2C088EA"", ""kw"": ""表示態様""} || [balanced fi_pref=A63F7 ft_pref=2C333EA kw=表示態様] SELECT c.metadata.patent_id AS patent_id, c.metadata.title AS title, c.metadata.classification_fi AS classification_fi, c.metadata.f_term AS f_term, c.summary AS summary, c.claims AS claims, c.metadata.keywords AS doc_keywords, c.metadata.classification_ipc AS classification_ipc, c.metadata.publication_date AS publication_date FROM c WHERE (EXISTS (SELECT VALUE 1 FROM fi IN c.metadata.classification_fi WHERE STARTSWITH(fi, @fi_pref, true)) OR EXISTS (SELECT VALUE 1 FROM ft IN c.metadata.f_term WHERE STARTSWITH(ft, @ft_pref, true)) ) AND (CONTAINS(c.metadata.title, @kw, true) OR CONTAINS(c.summary, @kw, true) OR EXISTS (SELECT VALUE 1 FROM cl IN c.claims WHERE CONTAINS(cl.text, @kw, true))) | params: {""fi_pref"": ""A63F7"", ""ft_pref"": ""2C333EA"", ""kw"": ""表示態様""}"
2020151164,23,遊技機,20200924,"[balanced fi_pref=A63F7 ft_pref=2C333AA kw=表示態様] SELECT c.metadata.patent_id AS patent_id, c.metadata.title AS title, c.metadata.classification_fi AS classification_fi, c.metadata.f_term AS f_term, c.summary AS summary, c.claims AS claims, c.metadata.keywords AS doc_keywords, c.metadata.classification_ipc AS classification_ipc, c.metadata.publication_date AS publication_date FROM c WHERE (EXISTS (SELECT VALUE 1 FROM fi IN c.metadata.classification_fi WHERE STARTSWITH(fi, @fi_pref, true)) OR EXISTS (SELECT VALUE 1 FROM ft IN c.metadata.f_term WHERE STARTSWITH(ft, @ft_pref, true)) ) AND (CONTAINS(c.metadata.title, @kw, true) OR CONTAINS(c.summary, @kw, true) OR EXISTS (SELECT VALUE 1 FROM cl IN c.claims WHERE CONTAINS(cl.text, @kw, true))) | params: {""fi_pref"": ""A63F7"", ""ft_pref"": ""2C333AA"", ""kw"": ""表示態様""} || [balanced fi_pref=A63F7 ft_pref=2C088EA kw=表示態様] SELECT c.metadata.patent_id AS patent_id, c.metadata.title AS title, c.metadata.classification_fi AS classification_fi, c.metadata.f_term AS f_term, c.summary AS summary, c.claims AS claims, c.metadata.keywords AS doc_keywords, c.metadata.classification_ipc AS classification_ipc, c.metadata.publication_date AS publication_date FROM c WHERE (EXISTS (SELECT VALUE 1 FROM fi IN c.metadata.classification_fi WHERE STARTSWITH(fi, @fi_pref, true)) OR EXISTS (SELECT VALUE 1 FROM ft IN c.metadata.f_term WHERE STARTSWITH(ft, @ft_pref, true)) ) AND (CONTAINS(c.metadata.title, @kw, true) OR CONTAINS(c.summary, @kw, true) OR EXISTS (SELECT VALUE 1 FROM cl IN c.claims WHERE CONTAINS(cl.text, @kw, true))) | params: {""fi_pref"": ""A63F7"", ""ft_pref"": ""2C088EA"", ""kw"": ""表示態様""} || [balanced fi_pref=A63F7 ft_pref=2C333EA kw=表示態様] SELECT c.metadata.patent_id AS patent_id, c.metadata.title AS title, c.metadata.classification_fi AS classification_fi, c.metadata.f_term AS f_term, c.summary AS summary, c.claims AS claims, c.metadata.keywords AS doc_keywords, c.metadata.classification_ipc AS classification_ipc, c.metadata.publication_date AS publication_date FROM c WHERE (EXISTS (SELECT VALUE 1 FROM fi IN c.metadata.classification_fi WHERE STARTSWITH(fi, @fi_pref, true)) OR EXISTS (SELECT VALUE 1 FROM ft IN c.metadata.f_term WHERE STARTSWITH(ft, @ft_pref, true)) ) AND (CONTAINS(c.metadata.title, @kw, true) OR CONTAINS(c.summary, @kw, true) OR EXISTS (SELECT VALUE 1 FROM cl IN c.claims WHERE CONTAINS(cl.text, @kw, true))) | params: {""fi_pref"": ""A63F7"", ""ft_pref"": ""2C333EA"", ""kw"": ""表示態様""}"
2019177288,23,遊技機,20191017,"[balanced fi_pref=A63F7 ft_pref=2C333AA kw=表示態様] SELECT c.metadata.patent_id AS patent_id, c.metadata.title AS title, c.metadata.classification_fi AS classification_fi, c.metadata.f_term AS f_term, c.summary AS summary, c.claims AS claims, c.metadata.keywords AS doc_keywords, c.metadata.classification_ipc AS classification_ipc, c.metadata.publication_date AS publication_date FROM c WHERE (EXISTS (SELECT VALUE 1 FROM fi IN c.metadata.classification_fi WHERE STARTSWITH(fi, @fi_pref, true)) OR EXISTS (SELECT VALUE 1 FROM ft IN c.metadata.f_term WHERE STARTSWITH(ft, @ft_pref, true)) ) AND (CONTAINS(c.metadata.title, @kw, true) OR CONTAINS(c.summary, @kw, true) OR EXISTS (SELECT VALUE 1 FROM cl IN c.claims WHERE CONTAINS(cl.text, @kw, true))) | params: {""fi_pref"": ""A63F7"", ""ft_pref"": ""2C333AA"", ""kw"": ""表示態様""} || [balanced fi_pref=A63F7 ft_pref=2C088EA kw=表示態様] SELECT c.metadata.patent_id AS patent_id, c.metadata.title AS title, c.metadata.classification_fi AS classification_fi, c.metadata.f_term AS f_term, c.summary AS summary, c.claims AS claims, c.metadata.keywords AS doc_keywords, c.metadata.classification_ipc AS classification_ipc, c.metadata.publication_date AS publication_date FROM c WHERE (EXISTS (SELECT VALUE 1 FROM fi IN c.metadata.classification_fi WHERE STARTSWITH(fi, @fi_pref, true)) OR EXISTS (SELECT VALUE 1 FROM ft IN c.metadata.f_term WHERE STARTSWITH(ft, @ft_pref, true)) ) AND (CONTAINS(c.metadata.title, @kw, true) OR CONTAINS(c.summary, @kw, true) OR EXISTS (SELECT VALUE 1 FROM cl IN c.claims WHERE CONTAINS(cl.text, @kw, true))) | params: {""fi_pref"": ""A63F7"", ""ft_pref"": ""2C088EA"", ""kw"": ""表示態様""} || [balanced fi_pref=A63F7 ft_pref=2C333EA kw=表示態様] SELECT c.metadata.patent_id AS patent_id, c.metadata.title AS title, c.metadata.classification_fi AS classification_fi, c.metadata.f_term AS f_term, c.summary AS summary, c.claims AS claims, c.metadata.keywords AS doc_keywords, c.metadata.classification_ipc AS classification_ipc, c.metadata.publication_date AS publication_date FROM c WHERE (EXISTS (SELECT VALUE 1 FROM fi IN c.metadata.classification_fi WHERE STARTSWITH(fi, @fi_pref, true)) OR EXISTS (SELECT VALUE 1 FROM ft IN c.metadata.f_term WHERE STARTSWITH(ft, @ft_pref, true)) ) AND (CONTAINS(c.metadata.title, @kw, true) OR CONTAINS(c.summary, @kw, true) OR EXISTS (SELECT VALUE 1 FROM cl IN c.claims WHERE CONTAINS(cl.text, @kw, true))) | params: {""fi_pref"": ""A63F7"", ""ft_pref"": ""2C333EA"", ""kw"": ""表示態様""}"
2021006136,23,遊技機,20210121,"[balanced fi_pref=A63F7 ft_pref=2C333AA kw=表示態様] SELECT c.metadata.patent_id AS patent_id, c.metadata.title AS title, c.metadata.classification_fi AS classification_fi, c.metadata.f_term AS f_term, c.summary AS summary, c.claims AS claims, c.metadata.keywords AS doc_keywords, c.metadata.classification_ipc AS classification_ipc, c.metadata.publication_date AS publication_date FROM c WHERE (EXISTS (SELECT VALUE 1 FROM fi IN c.metadata.classification_fi WHERE STARTSWITH(fi, @fi_pref, true)) OR EXISTS (SELECT VALUE 1 FROM ft IN c.metadata.f_term WHERE STARTSWITH(ft, @ft_pref, true)) ) AND (CONTAINS(c.metadata.title, @kw, true) OR CONTAINS(c.summary, @kw, true) OR EXISTS (SELECT VALUE 1 FROM cl IN c.claims WHERE CONTAINS(cl.text, @kw, true))) | params: {""fi_pref"": ""A63F7"", ""ft_pref"": ""2C333AA"", ""kw"": ""表示態様""} || [balanced fi_pref=A63F7 ft_pref=2C088EA kw=表示態様] SELECT c.metadata.patent_id AS patent_id, c.metadata.title AS title, c.metadata.classification_fi AS classification_fi, c.metadata.f_term AS f_term, c.summary AS summary, c.claims AS claims, c.metadata.keywords AS doc_keywords, c.metadata.classification_ipc AS classification_ipc, c.metadata.publication_date AS publication_date FROM c WHERE (EXISTS (SELECT VALUE 1 FROM fi IN c.metadata.classification_fi WHERE STARTSWITH(fi, @fi_pref, true)) OR EXISTS (SELECT VALUE 1 FROM ft IN c.metadata.f_term WHERE STARTSWITH(ft, @ft_pref, true)) ) AND (CONTAINS(c.metadata.title, @kw, true) OR CONTAINS(c.summary, @kw, true) OR EXISTS (SELECT VALUE 1 FROM cl IN c.claims WHERE CONTAINS(cl.text, @kw, true))) | params: {""fi_pref"": ""A63F7"", ""ft_pref"": ""2C088EA"", ""kw"": ""表示態様""} || [balanced fi_pref=A63F7 ft_pref=2C333EA kw=表示態様] SELECT c.metadata.patent_id AS patent_id, c.metadata.title AS title, c.metadata.classification_fi AS classification_fi, c.metadata.f_term AS f_term, c.summary AS summary, c.claims AS claims, c.metadata.keywords AS doc_keywords, c.metadata.classification_ipc AS classification_ipc, c.metadata.publication_date AS publication_date FROM c WHERE (EXISTS (SELECT VALUE 1 FROM fi IN c.metadata.classification_fi WHERE STARTSWITH(fi, @fi_pref, true)) OR EXISTS (SELECT VALUE 1 FROM ft IN c.metadata.f_term WHERE STARTSWITH(ft, @ft_pref, true)) ) AND (CONTAINS(c.metadata.title, @kw, true) OR CONTAINS(c.summary, @kw, true) OR EXISTS (SELECT VALUE 1 FROM cl IN c.claims WHERE CONTAINS(cl.text, @kw, true))) | params: {""fi_pref"": ""A63F7"", ""ft_pref"": ""2C333EA"", ""kw"": ""表示態様""}"
2020188945,23,遊技機,20201126,"[balanced fi_pref=A63F7 ft_pref=2C333AA kw=表示態様] SELECT c.metadata.patent_id AS patent_id, c.metadata.title AS title, c.metadata.classification_fi AS classification_fi, c.metadata.f_term AS f_term, c.summary AS summary, c.claims AS claims, c.metadata.keywords AS doc_keywords, c.metadata.classification_ipc AS classification_ipc, c.metadata.publication_date AS publication_date FROM c WHERE (EXISTS (SELECT VALUE 1 FROM fi IN c.metadata.classification_fi WHERE STARTSWITH(fi, @fi_pref, true)) OR EXISTS (SELECT VALUE 1 FROM ft IN c.metadata.f_term WHERE STARTSWITH(ft, @ft_pref, true)) ) AND (CONTAINS(c.metadata.title, @kw, true) OR CONTAINS(c.summary, @kw, true) OR EXISTS (SELECT VALUE 1 FROM cl IN c.claims WHERE CONTAINS(cl.text, @kw, true))) | params: {""fi_pref"": ""A63F7"", ""ft_pref"": ""2C333AA"", ""kw"": ""表示態様""} || [balanced fi_pref=A63F7 ft_pref=2C088EA kw=表示態様] SELECT c.metadata.patent_id AS patent_id, c.metadata.title AS title, c.metadata.classification_fi AS classification_fi, c.metadata.f_term AS f_term, c.summary AS summary, c.claims AS claims, c.metadata.keywords AS doc_keywords, c.metadata.classification_ipc AS classification_ipc, c.metadata.publication_date AS publication_date FROM c WHERE (EXISTS (SELECT VALUE 1 FROM fi IN c.metadata.classification_fi WHERE STARTSWITH(fi, @fi_pref, true)) OR EXISTS (SELECT VALUE 1 FROM ft IN c.metadata.f_term WHERE STARTSWITH(ft, @ft_pref, true)) ) AND (CONTAINS(c.metadata.title, @kw, true) OR CONTAINS(c.summary, @kw, true) OR EXISTS (SELECT VALUE 1 FROM cl IN c.claims WHERE CONTAINS(cl.text, @kw, true))) | params: {""fi_pref"": ""A63F7"", ""ft_pref"": ""2C088EA"", ""kw"": ""表示態様""} || [balanced fi_pref=A63F7 ft_pref=2C333EA kw=表示態様] SELECT c.metadata.patent_id AS patent_id, c.metadata.title AS title, c.metadata.classification_fi AS classification_fi, c.metadata.f_term AS f_term, c.summary AS summary, c.claims AS claims, c.metadata.keywords AS doc_keywords, c.metadata.classification_ipc AS classification_ipc, c.metadata.publication_date AS publication_date FROM c WHERE (EXISTS (SELECT VALUE 1 FROM fi IN c.metadata.classification_fi WHERE STARTSWITH(fi, @fi_pref, true)) OR EXISTS (SELECT VALUE 1 FROM ft IN c.metadata.f_term WHERE STARTSWITH(ft, @ft_pref, true)) ) AND (CONTAINS(c.metadata.title, @kw, true) OR CONTAINS(c.summary, @kw, true) OR EXISTS (SELECT VALUE 1 FROM cl IN c.claims WHERE CONTAINS(cl.text, @kw, true))) | params: {""fi_pref"": ""A63F7"", ""ft_pref"": ""2C333EA"", ""kw"": ""表示態様""}"
2019177246,23,遊技機,20191017,"[balanced fi_pref=A63F7 ft_pref=2C333AA kw=表示態様] SELECT c.metadata.patent_id AS patent_id, c.metadata.title AS title, c.metadata.classification_fi AS classification_fi, c.metadata.f_term AS f_term, c.summary AS summary, c.claims AS claims, c.metadata.keywords AS doc_keywords, c.metadata.classification_ipc AS classification_ipc, c.metadata.publication_date AS publication_date FROM c WHERE (EXISTS (SELECT VALUE 1 FROM fi IN c.metadata.classification_fi WHERE STARTSWITH(fi, @fi_pref, true)) OR EXISTS (SELECT VALUE 1 FROM ft IN c.metadata.f_term WHERE STARTSWITH(ft, @ft_pref, true)) ) AND (CONTAINS(c.metadata.title, @kw, true) OR CONTAINS(c.summary, @kw, true) OR EXISTS (SELECT VALUE 1 FROM cl IN c.claims WHERE CONTAINS(cl.text, @kw, true))) | params: {""fi_pref"": ""A63F7"", ""ft_pref"": ""2C333AA"", ""kw"": ""表示態様""} || [balanced fi_pref=A63F7 ft_pref=2C088EA kw=表示態様] SELECT c.metadata.patent_id AS patent_id, c.metadata.title AS title, c.metadata.classification_fi AS classification_fi, c.metadata.f_term AS f_term, c.summary AS summary, c.claims AS claims, c.metadata.keywords AS doc_keywords, c.metadata.classification_ipc AS classification_ipc, c.metadata.publication_date AS publication_date FROM c WHERE (EXISTS (SELECT VALUE 1 FROM fi IN c.metadata.classification_fi WHERE STARTSWITH(fi, @fi_pref, true)) OR EXISTS (SELECT VALUE 1 FROM ft IN c.metadata.f_term WHERE STARTSWITH(ft, @ft_pref, true)) ) AND (CONTAINS(c.metadata.title, @kw, true) OR CONTAINS(c.summary, @kw, true) OR EXISTS (SELECT VALUE 1 FROM cl IN c.claims WHERE CONTAINS(cl.text, @kw, true))) | params: {""fi_pref"": ""A63F7"", ""ft_pref"": ""2C088EA"", ""kw"": ""表示態様""} || [balanced fi_pref=A63F7 ft_pref=2C333EA kw=表示態様] SELECT c.metadata.patent_id AS patent_id, c.metadata.title AS title, c.metadata.classification_fi AS classification_fi, c.metadata.f_term AS f_term, c.summary AS summary, c.claims AS claims, c.metadata.keywords AS doc_keywords, c.metadata.classification_ipc AS classification_ipc, c.metadata.publication_date AS publication_date FROM c WHERE (EXISTS (SELECT VALUE 1 FROM fi IN c.metadata.classification_fi WHERE STARTSWITH(fi, @fi_pref, true)) OR EXISTS (SELECT VALUE 1 FROM ft IN c.metadata.f_term WHERE STARTSWITH(ft, @ft_pref, true)) ) AND (CONTAINS(c.metadata.title, @kw, true) OR CONTAINS(c.summary, @kw, true) OR EXISTS (SELECT VALUE 1 FROM cl IN c.claims WHERE CONTAINS(cl.text, @kw, true))) | params: {""fi_pref"": ""A63F7"", ""ft_pref"": ""2C333EA"", ""kw"": ""表示態様""}"
2021000297,23,遊技機,20210107,"[balanced fi_pref=A63F7 ft_pref=2C333AA kw=表示態様] SELECT c.metadata.patent_id AS patent_id, c.metadata.title AS title, c.metadata.classification_fi AS classification_fi, c.metadata.f_term AS f_term, c.summary AS summary, c.claims AS claims, c.metadata.keywords AS doc_keywords, c.metadata.classification_ipc AS classification_ipc, c.metadata.publication_date AS publication_date FROM c WHERE (EXISTS (SELECT VALUE 1 FROM fi IN c.metadata.classification_fi WHERE STARTSWITH(fi, @fi_pref, true)) OR EXISTS (SELECT VALUE 1 FROM ft IN c.metadata.f_term WHERE STARTSWITH(ft, @ft_pref, true)) ) AND (CONTAINS(c.metadata.title, @kw, true) OR CONTAINS(c.summary, @kw, true) OR EXISTS (SELECT VALUE 1 FROM cl IN c.claims WHERE CONTAINS(cl.text, @kw, true))) | params: {""fi_pref"": ""A63F7"", ""ft_pref"": ""2C333AA"", ""kw"": ""表示態様""} || [balanced fi_pref=A63F7 ft_pref=2C088EA kw=表示態様] SELECT c.metadata.patent_id AS patent_id, c.metadata.title AS title, c.metadata.classification_fi AS classification_fi, c.metadata.f_term AS f_term, c.summary AS summary, c.claims AS claims, c.metadata.keywords AS doc_keywords, c.metadata.classification_ipc AS classification_ipc, c.metadata.publication_date AS publication_date FROM c WHERE (EXISTS (SELECT VALUE 1 FROM fi IN c.metadata.classification_fi WHERE STARTSWITH(fi, @fi_pref, true)) OR EXISTS (SELECT VALUE 1 FROM ft IN c.metadata.f_term WHERE STARTSWITH(ft, @ft_pref, true)) ) AND (CONTAINS(c.metadata.title, @kw, true) OR CONTAINS(c.summary, @kw, true) OR EXISTS (SELECT VALUE 1 FROM cl IN c.claims WHERE CONTAINS(cl.text, @kw, true))) | params: {""fi_pref"": ""A63F7"", ""ft_pref"": ""2C088EA"", ""kw"": ""表示態様""} || [balanced fi_pref=A63F7 ft_pref=2C333EA kw=表示態様] SELECT c.metadata.patent_id AS patent_id, c.metadata.title AS title, c.metadata.classification_fi AS classification_fi, c.metadata.f_term AS f_term, c.summary AS summary, c.claims AS claims, c.metadata.keywords AS doc_keywords, c.metadata.classification_ipc AS classification_ipc, c.metadata.publication_date AS publication_date FROM c WHERE (EXISTS (SELECT VALUE 1 FROM fi IN c.metadata.classification_fi WHERE STARTSWITH(fi, @fi_pref, true)) OR EXISTS (SELECT VALUE 1 FROM ft IN c.metadata.f_term WHERE STARTSWITH(ft, @ft_pref, true)) ) AND (CONTAINS(c.metadata.title, @kw, true) OR CONTAINS(c.summary, @kw, true) OR EXISTS (SELECT VALUE 1 FROM cl IN c.claims WHERE CONTAINS(cl.text, @kw, true))) | params: {""fi_pref"": ""A63F7"", ""ft_pref"": ""2C333EA"", ""kw"": ""表示態様""}"
2019171180,23,遊技機,20191010,"[balanced fi_pref=A63F7 ft_pref=2C333AA kw=表示態様] SELECT c.metadata.patent_id AS patent_id, c.metadata.title AS title, c.metadata.classification_fi AS classification_fi, c.metadata.f_term AS f_term, c.summary AS summary, c.claims AS claims, c.metadata.keywords AS doc_keywords, c.metadata.classification_ipc AS classification_ipc, c.metadata.publication_date AS publication_date FROM c WHERE (EXISTS (SELECT VALUE 1 FROM fi IN c.metadata.classification_fi WHERE STARTSWITH(fi, @fi_pref, true)) OR EXISTS (SELECT VALUE 1 FROM ft IN c.metadata.f_term WHERE STARTSWITH(ft, @ft_pref, true)) ) AND (CONTAINS(c.metadata.title, @kw, true) OR CONTAINS(c.summary, @kw, true) OR EXISTS (SELECT VALUE 1 FROM cl IN c.claims WHERE CONTAINS(cl.text, @kw, true))) | params: {""fi_pref"": ""A63F7"", ""ft_pref"": ""2C333AA"", ""kw"": ""表示態様""} || [balanced fi_pref=A63F7 ft_pref=2C088EA kw=表示態様] SELECT c.metadata.patent_id AS patent_id, c.metadata.title AS title, c.metadata.classification_fi AS classification_fi, c.metadata.f_term AS f_term, c.summary AS summary, c.claims AS claims, c.metadata.keywords AS doc_keywords, c.metadata.classification_ipc AS classification_ipc, c.metadata.publication_date AS publication_date FROM c WHERE (EXISTS (SELECT VALUE 1 FROM fi IN c.metadata.classification_fi WHERE STARTSWITH(fi, @fi_pref, true)) OR EXISTS (SELECT VALUE 1 FROM ft IN c.metadata.f_term WHERE STARTSWITH(ft, @ft_pref, true)) ) AND (CONTAINS(c.metadata.title, @kw, true) OR CONTAINS(c.summary, @kw, true) OR EXISTS (SELECT VALUE 1 FROM cl IN c.claims WHERE CONTAINS(cl.text, @kw, true))) | params: {""fi_pref"": ""A63F7"", ""ft_pref"": ""2C088EA"", ""kw"": ""表示態様""} || [balanced fi_pref=A63F7 ft_pref=2C333EA kw=表示態様] SELECT c.metadata.patent_id AS patent_id, c.metadata.title AS title, c.metadata.classification_fi AS classification_fi, c.metadata.f_term AS f_term, c.summary AS summary, c.claims AS claims, c.metadata.keywords AS doc_keywords, c.metadata.classification_ipc AS classification_ipc, c.metadata.publication_date AS publication_date FROM c WHERE (EXISTS (SELECT VALUE 1 FROM fi IN c.metadata.classification_fi WHERE STARTSWITH(fi, @fi_pref, true)) OR EXISTS (SELECT VALUE 1 FROM ft IN c.metadata.f_term WHERE STARTSWITH(ft, @ft_pref, true)) ) AND (CONTAINS(c.metadata.title, @kw, true) OR CONTAINS(c.summary, @kw, true) OR EXISTS (SELECT VALUE 1 FROM cl IN c.claims WHERE CONTAINS(cl.text, @kw, true))) | params: {""fi_pref"": ""A63F7"", ""ft_pref"": ""2C333EA"", ""kw"": ""表示態様""}"
2020188943,23,遊技機,20201126,"[balanced fi_pref=A63F7 ft_pref=2C333AA kw=表示態様] SELECT c.metadata.patent_id AS patent_id, c.metadata.title AS title, c.metadata.classification_fi AS classification_fi, c.metadata.f_term AS f_term, c.summary AS summary, c.claims AS claims, c.metadata.keywords AS doc_keywords, c.metadata.classification_ipc AS classification_ipc, c.metadata.publication_date AS publication_date FROM c WHERE (EXISTS (SELECT VALUE 1 FROM fi IN c.metadata.classification_fi WHERE STARTSWITH(fi, @fi_pref, true)) OR EXISTS (SELECT VALUE 1 FROM ft IN c.metadata.f_term WHERE STARTSWITH(ft, @ft_pref, true)) ) AND (CONTAINS(c.metadata.title, @kw, true) OR CONTAINS(c.summary, @kw, true) OR EXISTS (SELECT VALUE 1 FROM cl IN c.claims WHERE CONTAINS(cl.text, @kw, true))) | params: {""fi_pref"": ""A63F7"", ""ft_pref"": ""2C333AA"", ""kw"": ""表示態様""} || [balanced fi_pref=A63F7 ft_pref=2C088EA kw=表示態様] SELECT c.metadata.patent_id AS patent_id, c.metadata.title AS title, c.metadata.classification_fi AS classification_fi, c.metadata.f_term AS f_term, c.summary AS summary, c.claims AS claims, c.metadata.keywords AS doc_keywords, c.metadata.classification_ipc AS classification_ipc, c.metadata.publication_date AS publication_date FROM c WHERE (EXISTS (SELECT VALUE 1 FROM fi IN c.metadata.classification_fi WHERE STARTSWITH(fi, @fi_pref, true)) OR EXISTS (SELECT VALUE 1 FROM ft IN c.metadata.f_term WHERE STARTSWITH(ft, @ft_pref, true)) ) AND (CONTAINS(c.metadata.title, @kw, true) OR CONTAINS(c.summary, @kw, true) OR EXISTS (SELECT VALUE 1 FROM cl IN c.claims WHERE CONTAINS(cl.text, @kw, true))) | params: {""fi_pref"": ""A63F7"", ""ft_pref"": ""2C088EA"", ""kw"": ""表示態様""} || [balanced fi_pref=A63F7 ft_pref=2C333EA kw=表示態様] SELECT c.metadata.patent_id AS patent_id, c.metadata.title AS title, c.metadata.classification_fi AS classification_fi, c.metadata.f_term AS f_term, c.summary AS summary, c.claims AS claims, c.metadata.keywords AS doc_keywords, c.metadata.classification_ipc AS classification_ipc, c.metadata.publication_date AS publication_date FROM c WHERE (EXISTS (SELECT VALUE 1 FROM fi IN c.metadata.classification_fi WHERE STARTSWITH(fi, @fi_pref, true)) OR EXISTS (SELECT VALUE 1 FROM ft IN c.metadata.f_term WHERE STARTSWITH(ft, @ft_pref, true)) ) AND (CONTAINS(c.metadata.title, @kw, true) OR CONTAINS(c.summary, @kw, true) OR EXISTS (SELECT VALUE 1 FROM cl IN c.claims WHERE CONTAINS(cl.text, @kw, true))) | params: {""fi_pref"": ""A63F7"", ""ft_pref"": ""2C333EA"", ""kw"": ""表示態様""}"
2019202181,23,遊技機,20191128,"[balanced fi_pref=A63F7 ft_pref=2C333AA kw=表示態様] SELECT c.metadata.patent_id AS patent_id, c.metadata.title AS title, c.metadata.classification_fi AS classification_fi, c.metadata.f_term AS f_term, c.summary AS summary, c.claims AS claims, c.metadata.keywords AS doc_keywords, c.metadata.classification_ipc AS classification_ipc, c.metadata.publication_date AS publication_date FROM c WHERE (EXISTS (SELECT VALUE 1 FROM fi IN c.metadata.classification_fi WHERE STARTSWITH(fi, @fi_pref, true)) OR EXISTS (SELECT VALUE 1 FROM ft IN c.metadata.f_term WHERE STARTSWITH(ft, @ft_pref, true)) ) AND (CONTAINS(c.metadata.title, @kw, true) OR CONTAINS(c.summary, @kw, true) OR EXISTS (SELECT VALUE 1 FROM cl IN c.claims WHERE CONTAINS(cl.text, @kw, true))) | params: {""fi_pref"": ""A63F7"", ""ft_pref"": ""2C333AA"", ""kw"": ""表示態様""} || [balanced fi_pref=A63F7 ft_pref=2C088EA kw=表示態様] SELECT c.metadata.patent_id AS patent_id, c.metadata.title AS title, c.metadata.classification_fi AS classification_fi, c.metadata.f_term AS f_term, c.summary AS summary, c.claims AS claims, c.metadata.keywords AS doc_keywords, c.metadata.classification_ipc AS classification_ipc, c.metadata.publication_date AS publication_date FROM c WHERE (EXISTS (SELECT VALUE 1 FROM fi IN c.metadata.classification_fi WHERE STARTSWITH(fi, @fi_pref, true)) OR EXISTS (SELECT VALUE 1 FROM ft IN c.metadata.f_term WHERE STARTSWITH(ft, @ft_pref, true)) ) AND (CONTAINS(c.metadata.title, @kw, true) OR CONTAINS(c.summary, @kw, true) OR EXISTS (SELECT VALUE 1 FROM cl IN c.claims WHERE CONTAINS(cl.text, @kw, true))) | params: {""fi_pref"": ""A63F7"", ""ft_pref"": ""2C088EA"", ""kw"": ""表示態様""} || [balanced fi_pref=A63F7 ft_pref=2C333EA kw=表示態様] SELECT c.metadata.patent_id AS patent_id, c.metadata.title AS title, c.metadata.classification_fi AS classification_fi, c.metadata.f_term AS f_term, c.summary AS summary, c.claims AS claims, c.metadata.keywords AS doc_keywords, c.metadata.classification_ipc AS classification_ipc, c.metadata.publication_date AS publication_date FROM c WHERE (EXISTS (SELECT VALUE 1 FROM fi IN c.metadata.classification_fi WHERE STARTSWITH(fi, @fi_pref, true)) OR EXISTS (SELECT VALUE 1 FROM ft IN c.metadata.f_term WHERE STARTSWITH(ft, @ft_pref, true)) ) AND (CONTAINS(c.metadata.title, @kw, true) OR CONTAINS(c.summary, @kw, true) OR EXISTS (SELECT VALUE 1 FROM cl IN c.claims WHERE CONTAINS(cl.text, @kw, true))) | params: {""fi_pref"": ""A63F7"", ""ft_pref"": ""2C333EA"", ""kw"": ""表示態様""}"
2021003390,23,遊技機,20210114,"[balanced fi_pref=A63F7 ft_pref=2C333AA kw=表示態様] SELECT c.metadata.patent_id AS patent_id, c.metadata.title AS title, c.metadata.classification_fi AS classification_fi, c.metadata.f_term AS f_term, c.summary AS summary, c.claims AS claims, c.metadata.keywords AS doc_keywords, c.metadata.classification_ipc AS classification_ipc, c.metadata.publication_date AS publication_date FROM c WHERE (EXISTS (SELECT VALUE 1 FROM fi IN c.metadata.classification_fi WHERE STARTSWITH(fi, @fi_pref, true)) OR EXISTS (SELECT VALUE 1 FROM ft IN c.metadata.f_term WHERE STARTSWITH(ft, @ft_pref, true)) ) AND (CONTAINS(c.metadata.title, @kw, true) OR CONTAINS(c.summary, @kw, true) OR EXISTS (SELECT VALUE 1 FROM cl IN c.claims WHERE CONTAINS(cl.text, @kw, true))) | params: {""fi_pref"": ""A63F7"", ""ft_pref"": ""2C333AA"", ""kw"": ""表示態様""} || [balanced fi_pref=A63F7 ft_pref=2C088EA kw=表示態様] SELECT c.metadata.patent_id AS patent_id, c.metadata.title AS title, c.metadata.classification_fi AS classification_fi, c.metadata.f_term AS f_term, c.summary AS summary, c.claims AS claims, c.metadata.keywords AS doc_keywords, c.metadata.classification_ipc AS classification_ipc, c.metadata.publication_date AS publication_date FROM c WHERE (EXISTS (SELECT VALUE 1 FROM fi IN c.metadata.classification_fi WHERE STARTSWITH(fi, @fi_pref, true)) OR EXISTS (SELECT VALUE 1 FROM ft IN c.metadata.f_term WHERE STARTSWITH(ft, @ft_pref, true)) ) AND (CONTAINS(c.metadata.title, @kw, true) OR CONTAINS(c.summary, @kw, true) OR EXISTS (SELECT VALUE 1 FROM cl IN c.claims WHERE CONTAINS(cl.text, @kw, true))) | params: {""fi_pref"": ""A63F7"", ""ft_pref"": ""2C088EA"", ""kw"": ""表示態様""} || [balanced fi_pref=A63F7 ft_pref=2C333EA kw=表示態様] SELECT c.metadata.patent_id AS patent_id, c.metadata.title AS title, c.metadata.classification_fi AS classification_fi, c.metadata.f_term AS f_term, c.summary AS summary, c.claims AS claims, c.metadata.keywords AS doc_keywords, c.metadata.classification_ipc AS classification_ipc, c.metadata.publication_date AS publication_date FROM c WHERE (EXISTS (SELECT VALUE 1 FROM fi IN c.metadata.classification_fi WHERE STARTSWITH(fi, @fi_pref, true)) OR EXISTS (SELECT VALUE 1 FROM ft IN c.metadata.f_term WHERE STARTSWITH(ft, @ft_pref, true)) ) AND (CONTAINS(c.metadata.title, @kw, true) OR CONTAINS(c.summary, @kw, true) OR EXISTS (SELECT VALUE 1 FROM cl IN c.claims WHERE CONTAINS(cl.text, @kw, true))) | params: {""fi_pref"": ""A63F7"", ""ft_pref"": ""2C333EA"", ""kw"": ""表示態様""}"
2020188944,23,遊技機,20201126,"[balanced fi_pref=A63F7 ft_pref=2C333AA kw=表示態様] SELECT c.metadata.patent_id AS patent_id, c.metadata.title AS title, c.metadata.classification_fi AS classification_fi, c.metadata.f_term AS f_term, c.summary AS summary, c.claims AS claims, c.metadata.keywords AS doc_keywords, c.metadata.classification_ipc AS classification_ipc, c.metadata.publication_date AS publication_date FROM c WHERE (EXISTS (SELECT VALUE 1 FROM fi IN c.metadata.classification_fi WHERE STARTSWITH(fi, @fi_pref, true)) OR EXISTS (SELECT VALUE 1 FROM ft IN c.metadata.f_term WHERE STARTSWITH(ft, @ft_pref, true)) ) AND (CONTAINS(c.metadata.title, @kw, true) OR CONTAINS(c.summary, @kw, true) OR EXISTS (SELECT VALUE 1 FROM cl IN c.claims WHERE CONTAINS(cl.text, @kw, true))) | params: {""fi_pref"": ""A63F7"", ""ft_pref"": ""2C333AA"", ""kw"": ""表示態様""} || [balanced fi_pref=A63F7 ft_pref=2C088EA kw=表示態様] SELECT c.metadata.patent_id AS patent_id, c.metadata.title AS title, c.metadata.classification_fi AS classification_fi, c.metadata.f_term AS f_term, c.summary AS summary, c.claims AS claims, c.metadata.keywords AS doc_keywords, c.metadata.classification_ipc AS classification_ipc, c.metadata.publication_date AS publication_date FROM c WHERE (EXISTS (SELECT VALUE 1 FROM fi IN c.metadata.classification_fi WHERE STARTSWITH(fi, @fi_pref, true)) OR EXISTS (SELECT VALUE 1 FROM ft IN c.metadata.f_term WHERE STARTSWITH(ft, @ft_pref, true)) ) AND (CONTAINS(c.metadata.title, @kw, true) OR CONTAINS(c.summary, @kw, true) OR EXISTS (SELECT VALUE 1 FROM cl IN c.claims WHERE CONTAINS(cl.text, @kw, true))) | params: {""fi_pref"": ""A63F7"", ""ft_pref"": ""2C088EA"", ""kw"": ""表示態様""} || [balanced fi_pref=A63F7 ft_pref=2C333EA kw=表示態様] SELECT c.metadata.patent_id AS patent_id, c.metadata.title AS title, c.metadata.classification_fi AS classification_fi, c.metadata.f_term AS f_term, c.summary AS summary, c.claims AS claims, c.metadata.keywords AS doc_keywords, c.metadata.classification_ipc AS classification_ipc, c.metadata.publication_date AS publication_date FROM c WHERE (EXISTS (SELECT VALUE 1 FROM fi IN c.metadata.classification_fi WHERE STARTSWITH(fi, @fi_pref, true)) OR EXISTS (SELECT VALUE 1 FROM ft IN c.metadata.f_term WHERE STARTSWITH(ft, @ft_pref, true)) ) AND (CONTAINS(c.metadata.title, @kw, true) OR CONTAINS(c.summary, @kw, true) OR EXISTS (SELECT VALUE 1 FROM cl IN c.claims WHERE CONTAINS(cl.text, @kw, true))) | params: {""fi_pref"": ""A63F7"", ""ft_pref"": ""2C333EA"", ""kw"": ""表示態様""}"
2019134982,23,遊技機,20190815,"[balanced fi_pref=A63F7 ft_pref=2C333AA kw=表示態様] SELECT c.metadata.patent_id AS patent_id, c.metadata.title AS title, c.metadata.classification_fi AS classification_fi, c.metadata.f_term AS f_term, c.summary AS summary, c.claims AS claims, c.metadata.keywords AS doc_keywords, c.metadata.classification_ipc AS classification_ipc, c.metadata.publication_date AS publication_date FROM c WHERE (EXISTS (SELECT VALUE 1 FROM fi IN c.metadata.classification_fi WHERE STARTSWITH(fi, @fi_pref, true)) OR EXISTS (SELECT VALUE 1 FROM ft IN c.metadata.f_term WHERE STARTSWITH(ft, @ft_pref, true)) ) AND (CONTAINS(c.metadata.title, @kw, true) OR CONTAINS(c.summary, @kw, true) OR EXISTS (SELECT VALUE 1 FROM cl IN c.claims WHERE CONTAINS(cl.text, @kw, true))) | params: {""fi_pref"": ""A63F7"", ""ft_pref"": ""2C333AA"", ""kw"": ""表示態様""} || [balanced fi_pref=A63F7 ft_pref=2C088EA kw=表示態様] SELECT c.metadata.patent_id AS patent_id, c.metadata.title AS title, c.metadata.classification_fi AS classification_fi, c.metadata.f_term AS f_term, c.summary AS summary, c.claims AS claims, c.metadata.keywords AS doc_keywords, c.metadata.classification_ipc AS classification_ipc, c.metadata.publication_date AS publication_date FROM c WHERE (EXISTS (SELECT VALUE 1 FROM fi IN c.metadata.classification_fi WHERE STARTSWITH(fi, @fi_pref, true)) OR EXISTS (SELECT VALUE 1 FROM ft IN c.metadata.f_term WHERE STARTSWITH(ft, @ft_pref, true)) ) AND (CONTAINS(c.metadata.title, @kw, true) OR CONTAINS(c.summary, @kw, true) OR EXISTS (SELECT VALUE 1 FROM cl IN c.claims WHERE CONTAINS(cl.text, @kw, true))) | params: {""fi_pref"": ""A63F7"", ""ft_pref"": ""2C088EA"", ""kw"": ""表示態様""} || [balanced fi_pref=A63F7 ft_pref=2C333EA kw=表示態様] SELECT c.metadata.patent_id AS patent_id, c.metadata.title AS title, c.metadata.classification_fi AS classification_fi, c.metadata.f_term AS f_term, c.summary AS summary, c.claims AS claims, c.metadata.keywords AS doc_keywords, c.metadata.classification_ipc AS classification_ipc, c.metadata.publication_date AS publication_date FROM c WHERE (EXISTS (SELECT VALUE 1 FROM fi IN c.metadata.classification_fi WHERE STARTSWITH(fi, @fi_pref, true)) OR EXISTS (SELECT VALUE 1 FROM ft IN c.metadata.f_term WHERE STARTSWITH(ft, @ft_pref, true)) ) AND (CONTAINS(c.metadata.title, @kw, true) OR CONTAINS(c.summary, @kw, true) OR EXISTS (SELECT VALUE 1 FROM cl IN c.claims WHERE CONTAINS(cl.text, @kw, true))) | params: {""fi_pref"": ""A63F7"", ""ft_pref"": ""2C333EA"", ""kw"": ""表示態様""}"
2020199006,23,遊技機,20201217,"[balanced fi_pref=A63F7 ft_pref=2C333AA kw=表示態様] SELECT c.metadata.patent_id AS patent_id, c.metadata.title AS title, c.metadata.classification_fi AS classification_fi, c.metadata.f_term AS f_term, c.summary AS summary, c.claims AS claims, c.metadata.keywords AS doc_keywords, c.metadata.classification_ipc AS classification_ipc, c.metadata.publication_date AS publication_date FROM c WHERE (EXISTS (SELECT VALUE 1 FROM fi IN c.metadata.classification_fi WHERE STARTSWITH(fi, @fi_pref, true)) OR EXISTS (SELECT VALUE 1 FROM ft IN c.metadata.f_term WHERE STARTSWITH(ft, @ft_pref, true)) ) AND (CONTAINS(c.metadata.title, @kw, true) OR CONTAINS(c.summary, @kw, true) OR EXISTS (SELECT VALUE 1 FROM cl IN c.claims WHERE CONTAINS(cl.text, @kw, true))) | params: {""fi_pref"": ""A63F7"", ""ft_pref"": ""2C333AA"", ""kw"": ""表示態様""} || [balanced fi_pref=A63F7 ft_pref=2C088EA kw=表示態様] SELECT c.metadata.patent_id AS patent_id, c.metadata.title AS title, c.metadata.classification_fi AS classification_fi, c.metadata.f_term AS f_term, c.summary AS summary, c.claims AS claims, c.metadata.keywords AS doc_keywords, c.metadata.classification_ipc AS classification_ipc, c.metadata.publication_date AS publication_date FROM c WHERE (EXISTS (SELECT VALUE 1 FROM fi IN c.metadata.classification_fi WHERE STARTSWITH(fi, @fi_pref, true)) OR EXISTS (SELECT VALUE 1 FROM ft IN c.metadata.f_term WHERE STARTSWITH(ft, @ft_pref, true)) ) AND (CONTAINS(c.metadata.title, @kw, true) OR CONTAINS(c.summary, @kw, true) OR EXISTS (SELECT VALUE 1 FROM cl IN c.claims WHERE CONTAINS(cl.text, @kw, true))) | params: {""fi_pref"": ""A63F7"", ""ft_pref"": ""2C088EA"", ""kw"": ""表示態様""} || [balanced fi_pref=A63F7 ft_pref=2C333EA kw=表示態様] SELECT c.metadata.patent_id AS patent_id, c.metadata.title AS title, c.metadata.classification_fi AS classification_fi, c.metadata.f_term AS f_term, c.summary AS summary, c.claims AS claims, c.metadata.keywords AS doc_keywords, c.metadata.classification_ipc AS classification_ipc, c.metadata.publication_date AS publication_date FROM c WHERE (EXISTS (SELECT VALUE 1 FROM fi IN c.metadata.classification_fi WHERE STARTSWITH(fi, @fi_pref, true)) OR EXISTS (SELECT VALUE 1 FROM ft IN c.metadata.f_term WHERE STARTSWITH(ft, @ft_pref, true)) ) AND (CONTAINS(c.metadata.title, @kw, true) OR CONTAINS(c.summary, @kw, true) OR EXISTS (SELECT VALUE 1 FROM cl IN c.claims WHERE CONTAINS(cl.text, @kw, true))) | params: {""fi_pref"": ""A63F7"", ""ft_pref"": ""2C333EA"", ""kw"": ""表示態様""}"
2019150692,23,遊技機,20190912,"[balanced fi_pref=A63F7 ft_pref=2C333AA kw=遊技性] SELECT c.metadata.patent_id AS patent_id, c.metadata.title AS title, c.metadata.classification_fi AS classification_fi, c.metadata.f_term AS f_term, c.summary AS summary, c.claims AS claims, c.metadata.keywords AS doc_keywords, c.metadata.classification_ipc AS classification_ipc, c.metadata.publication_date AS publication_date FROM c WHERE (EXISTS (SELECT VALUE 1 FROM fi IN c.metadata.classification_fi WHERE STARTSWITH(fi, @fi_pref, true)) OR EXISTS (SELECT VALUE 1 FROM ft IN c.metadata.f_term WHERE STARTSWITH(ft, @ft_pref, true)) ) AND (CONTAINS(c.metadata.title, @kw, true) OR CONTAINS(c.summary, @kw, true) OR EXISTS (SELECT VALUE 1 FROM cl IN c.claims WHERE CONTAINS(cl.text, @kw, true))) | params: {""fi_pref"": ""A63F7"", ""ft_pref"": ""2C333AA"", ""kw"": ""遊技性""} || [balanced fi_pref=A63F7 ft_pref=2C088EA kw=遊技性] SELECT c.metadata.patent_id AS patent_id, c.metadata.title AS title, c.metadata.classification_fi AS classification_fi, c.metadata.f_term AS f_term, c.summary AS summary, c.claims AS claims, c.metadata.keywords AS doc_keywords, c.metadata.classification_ipc AS classification_ipc, c.metadata.publication_date AS publication_date FROM c WHERE (EXISTS (SELECT VALUE 1 FROM fi IN c.metadata.classification_fi WHERE STARTSWITH(fi, @fi_pref, true)) OR EXISTS (SELECT VALUE 1 FROM ft IN c.metadata.f_term WHERE STARTSWITH(ft, @ft_pref, true)) ) AND (CONTAINS(c.metadata.title, @kw, true) OR CONTAINS(c.summary, @kw, true) OR EXISTS (SELECT VALUE 1 FROM cl IN c.claims WHERE CONTAINS(cl.text, @kw, true))) | params: {""fi_pref"": ""A63F7"", ""ft_pref"": ""2C088EA"", ""kw"": ""遊技性""} || [balanced fi_pref=A63F7 ft_pref=2C333EA kw=遊技性] SELECT c.metadata.patent_id AS patent_id, c.metadata.title AS title, c.metadata.classification_fi AS classification_fi, c.metadata.f_term AS f_term, c.summary AS summary, c.claims AS claims, c.metadata.keywords AS doc_keywords, c.metadata.classification_ipc AS classification_ipc, c.metadata.publication_date AS publication_date FROM c WHERE (EXISTS (SELECT VALUE 1 FROM fi IN c.metadata.classification_fi WHERE STARTSWITH(fi, @fi_pref, true)) OR EXISTS (SELECT VALUE 1 FROM ft IN c.metadata.f_term WHERE STARTSWITH(ft, @ft_pref, true)) ) AND (CONTAINS(c.metadata.title, @kw, true) OR CONTAINS(c.summary, @kw, true) OR EXISTS (SELECT VALUE 1 FROM cl IN c.claims WHERE CONTAINS(cl.text, @kw, true))) | params: {""fi_pref"": ""A63F7"", ""ft_pref"": ""2C333EA"", ""kw"": ""遊技性""}"
2019063276,23,遊技機,20190425,"[balanced fi_pref=A63F7 ft_pref=2C333AA kw=遊技性] SELECT c.metadata.patent_id AS patent_id, c.metadata.title AS title, c.metadata.classification_fi AS classification_fi, c.metadata.f_term AS f_term, c.summary AS summary, c.claims AS claims, c.metadata.keywords AS doc_keywords, c.metadata.classification_ipc AS classification_ipc, c.metadata.publication_date AS publication_date FROM c WHERE (EXISTS (SELECT VALUE 1 FROM fi IN c.metadata.classification_fi WHERE STARTSWITH(fi, @fi_pref, true)) OR EXISTS (SELECT VALUE 1 FROM ft IN c.metadata.f_term WHERE STARTSWITH(ft, @ft_pref, true)) ) AND (CONTAINS(c.metadata.title, @kw, true) OR CONTAINS(c.summary, @kw, true) OR EXISTS (SELECT VALUE 1 FROM cl IN c.claims WHERE CONTAINS(cl.text, @kw, true))) | params: {""fi_pref"": ""A63F7"", ""ft_pref"": ""2C333AA"", ""kw"": ""遊技性""} || [balanced fi_pref=A63F7 ft_pref=2C088EA kw=遊技性] SELECT c.metadata.patent_id AS patent_id, c.metadata.title AS title, c.metadata.classification_fi AS classification_fi, c.metadata.f_term AS f_term, c.summary AS summary, c.claims AS claims, c.metadata.keywords AS doc_keywords, c.metadata.classification_ipc AS classification_ipc, c.metadata.publication_date AS publication_date FROM c WHERE (EXISTS (SELECT VALUE 1 FROM fi IN c.metadata.classification_fi WHERE STARTSWITH(fi, @fi_pref, true)) OR EXISTS (SELECT VALUE 1 FROM ft IN c.metadata.f_term WHERE STARTSWITH(ft, @ft_pref, true)) ) AND (CONTAINS(c.metadata.title, @kw, true) OR CONTAINS(c.summary, @kw, true) OR EXISTS (SELECT VALUE 1 FROM cl IN c.claims WHERE CONTAINS(cl.text, @kw, true))) | params: {""fi_pref"": ""A63F7"", ""ft_pref"": ""2C088EA"", ""kw"": ""遊技性""} || [balanced fi_pref=A63F7 ft_pref=2C333EA kw=遊技性] SELECT c.metadata.patent_id AS patent_id, c.metadata.title AS title, c.metadata.classification_fi AS classification_fi, c.metadata.f_term AS f_term, c.summary AS summary, c.claims AS claims, c.metadata.keywords AS doc_keywords, c.metadata.classification_ipc AS classification_ipc, c.metadata.publication_date AS publication_date FROM c WHERE (EXISTS (SELECT VALUE 1 FROM fi IN c.metadata.classification_fi WHERE STARTSWITH(fi, @fi_pref, true)) OR EXISTS (SELECT VALUE 1 FROM ft IN c.metadata.f_term WHERE STARTSWITH(ft, @ft_pref, true)) ) AND (CONTAINS(c.metadata.title, @kw, true) OR CONTAINS(c.summary, @kw, true) OR EXISTS (SELECT VALUE 1 FROM cl IN c.claims WHERE CONTAINS(cl.text, @kw, true))) | params: {""fi_pref"": ""A63F7"", ""ft_pref"": ""2C333EA"", ""kw"": ""遊技性""}"
2018166573,23,遊技機,20181101,"[balanced fi_pref=A63F7 ft_pref=2C333AA kw=遊技性] SELECT c.metadata.patent_id AS patent_id, c.metadata.title AS title, c.metadata.classification_fi AS classification_fi, c.metadata.f_term AS f_term, c.summary AS summary, c.claims AS claims, c.metadata.keywords AS doc_keywords, c.metadata.classification_ipc AS classification_ipc, c.metadata.publication_date AS publication_date FROM c WHERE (EXISTS (SELECT VALUE 1 FROM fi IN c.metadata.classification_fi WHERE STARTSWITH(fi, @fi_pref, true)) OR EXISTS (SELECT VALUE 1 FROM ft IN c.metadata.f_term WHERE STARTSWITH(ft, @ft_pref, true)) ) AND (CONTAINS(c.metadata.title, @kw, true) OR CONTAINS(c.summary, @kw, true) OR EXISTS (SELECT VALUE 1 FROM cl IN c.claims WHERE CONTAINS(cl.text, @kw, true))) | params: {""fi_pref"": ""A63F7"", ""ft_pref"": ""2C333AA"", ""kw"": ""遊技性""} || [balanced fi_pref=A63F7 ft_pref=2C088EA kw=遊技性] SELECT c.metadata.patent_id AS patent_id, c.metadata.title AS title, c.metadata.classification_fi AS classification_fi, c.metadata.f_term AS f_term, c.summary AS summary, c.claims AS claims, c.metadata.keywords AS doc_keywords, c.metadata.classification_ipc AS classification_ipc, c.metadata.publication_date AS publication_date FROM c WHERE (EXISTS (SELECT VALUE 1 FROM fi IN c.metadata.classification_fi WHERE STARTSWITH(fi, @fi_pref, true)) OR EXISTS (SELECT VALUE 1 FROM ft IN c.metadata.f_term WHERE STARTSWITH(ft, @ft_pref, true)) ) AND (CONTAINS(c.metadata.title, @kw, true) OR CONTAINS(c.summary, @kw, true) OR EXISTS (SELECT VALUE 1 FROM cl IN c.claims WHERE CONTAINS(cl.text, @kw, true))) | params: {""fi_pref"": ""A63F7"", ""ft_pref"": ""2C088EA"", ""kw"": ""遊技性""} || [balanced fi_pref=A63F7 ft_pref=2C333EA kw=遊技性] SELECT c.metadata.patent_id AS patent_id, c.metadata.title AS title, c.metadata.classification_fi AS classification_fi, c.metadata.f_term AS f_term, c.summary AS summary, c.claims AS claims, c.metadata.keywords AS doc_keywords, c.metadata.classification_ipc AS classification_ipc, c.metadata.publication_date AS publication_date FROM c WHERE (EXISTS (SELECT VALUE 1 FROM fi IN c.metadata.classification_fi WHERE STARTSWITH(fi, @fi_pref, true)) OR EXISTS (SELECT VALUE 1 FROM ft IN c.metadata.f_term WHERE STARTSWITH(ft, @ft_pref, true)) ) AND (CONTAINS(c.metadata.title, @kw, true) OR CONTAINS(c.summary, @kw, true) OR EXISTS (SELECT VALUE 1 FROM cl IN c.claims WHERE CONTAINS(cl.text, @kw, true))) | params: {""fi_pref"": ""A63F7"", ""ft_pref"": ""2C333EA"", ""kw"": ""遊技性""}"
2019170948,23,遊技機,20191010,"[balanced fi_pref=A63F7 ft_pref=2C333AA kw=遊技性] SELECT c.metadata.patent_id AS patent_id, c.metadata.title AS title, c.metadata.classification_fi AS classification_fi, c.metadata.f_term AS f_term, c.summary AS summary, c.claims AS claims, c.metadata.keywords AS doc_keywords, c.metadata.classification_ipc AS classification_ipc, c.metadata.publication_date AS publication_date FROM c WHERE (EXISTS (SELECT VALUE 1 FROM fi IN c.metadata.classification_fi WHERE STARTSWITH(fi, @fi_pref, true)) OR EXISTS (SELECT VALUE 1 FROM ft IN c.metadata.f_term WHERE STARTSWITH(ft, @ft_pref, true)) ) AND (CONTAINS(c.metadata.title, @kw, true) OR CONTAINS(c.summary, @kw, true) OR EXISTS (SELECT VALUE 1 FROM cl IN c.claims WHERE CONTAINS(cl.text, @kw, true))) | params: {""fi_pref"": ""A63F7"", ""ft_pref"": ""2C333AA"", ""kw"": ""遊技性""} || [balanced fi_pref=A63F7 ft_pref=2C088EA kw=遊技性] SELECT c.metadata.patent_id AS patent_id, c.metadata.title AS title, c.metadata.classification_fi AS classification_fi, c.metadata.f_term AS f_term, c.summary AS summary, c.claims AS claims, c.metadata.keywords AS doc_keywords, c.metadata.classification_ipc AS classification_ipc, c.metadata.publication_date AS publication_date FROM c WHERE (EXISTS (SELECT VALUE 1 FROM fi IN c.metadata.classification_fi WHERE STARTSWITH(fi, @fi_pref, true)) OR EXISTS (SELECT VALUE 1 FROM ft IN c.metadata.f_term WHERE STARTSWITH(ft, @ft_pref, true)) ) AND (CONTAINS(c.metadata.title, @kw, true) OR CONTAINS(c.summary, @kw, true) OR EXISTS (SELECT VALUE 1 FROM cl IN c.claims WHERE CONTAINS(cl.text, @kw, true))) | params: {""fi_pref"": ""A63F7"", ""ft_pref"": ""2C088EA"", ""kw"": ""遊技性""} || [balanced fi_pref=A63F7 ft_pref=2C333EA kw=遊技性] SELECT c.metadata.patent_id AS patent_id, c.metadata.title AS title, c.metadata.classification_fi AS classification_fi, c.metadata.f_term AS f_term, c.summary AS summary, c.claims AS claims, c.metadata.keywords AS doc_keywords, c.metadata.classification_ipc AS classification_ipc, c.metadata.publication_date AS publication_date FROM c WHERE (EXISTS (SELECT VALUE 1 FROM fi IN c.metadata.classification_fi WHERE STARTSWITH(fi, @fi_pref, true)) OR EXISTS (SELECT VALUE 1 FROM ft IN c.metadata.f_term WHERE STARTSWITH(ft, @ft_pref, true)) ) AND (CONTAINS(c.metadata.title, @kw, true) OR CONTAINS(c.summary, @kw, true) OR EXISTS (SELECT VALUE 1 FROM cl IN c.claims WHERE CONTAINS(cl.text, @kw, true))) | params: {""fi_pref"": ""A63F7"", ""ft_pref"": ""2C333EA"", ""kw"": ""遊技性""}"
2019180434,23,遊技機,20191024,"[balanced fi_pref=A63F7 ft_pref=2C333AA kw=遊技性] SELECT c.metadata.patent_id AS patent_id, c.metadata.title AS title, c.metadata.classification_fi AS classification_fi, c.metadata.f_term AS f_term, c.summary AS summary, c.claims AS claims, c.metadata.keywords AS doc_keywords, c.metadata.classification_ipc AS classification_ipc, c.metadata.publication_date AS publication_date FROM c WHERE (EXISTS (SELECT VALUE 1 FROM fi IN c.metadata.classification_fi WHERE STARTSWITH(fi, @fi_pref, true)) OR EXISTS (SELECT VALUE 1 FROM ft IN c.metadata.f_term WHERE STARTSWITH(ft, @ft_pref, true)) ) AND (CONTAINS(c.metadata.title, @kw, true) OR CONTAINS(c.summary, @kw, true) OR EXISTS (SELECT VALUE 1 FROM cl IN c.claims WHERE CONTAINS(cl.text, @kw, true))) | params: {""fi_pref"": ""A63F7"", ""ft_pref"": ""2C333AA"", ""kw"": ""遊技性""} || [balanced fi_pref=A63F7 ft_pref=2C088EA kw=遊技性] SELECT c.metadata.patent_id AS patent_id, c.metadata.title AS title, c.metadata.classification_fi AS classification_fi, c.metadata.f_term AS f_term, c.summary AS summary, c.claims AS claims, c.metadata.keywords AS doc_keywords, c.metadata.classification_ipc AS classification_ipc, c.metadata.publication_date AS publication_date FROM c WHERE (EXISTS (SELECT VALUE 1 FROM fi IN c.metadata.classification_fi WHERE STARTSWITH(fi, @fi_pref, true)) OR EXISTS (SELECT VALUE 1 FROM ft IN c.metadata.f_term WHERE STARTSWITH(ft, @ft_pref, true)) ) AND (CONTAINS(c.metadata.title, @kw, true) OR CONTAINS(c.summary, @kw, true) OR EXISTS (SELECT VALUE 1 FROM cl IN c.claims WHERE CONTAINS(cl.text, @kw, true))) | params: {""fi_pref"": ""A63F7"", ""ft_pref"": ""2C088EA"", ""kw"": ""遊技性""} || [balanced fi_pref=A63F7 ft_pref=2C333EA kw=遊技性] SELECT c.metadata.patent_id AS patent_id, c.metadata.title AS title, c.metadata.classification_fi AS classification_fi, c.metadata.f_term AS f_term, c.summary AS summary, c.claims AS claims, c.metadata.keywords AS doc_keywords, c.metadata.classification_ipc AS classification_ipc, c.metadata.publication_date AS publication_date FROM c WHERE (EXISTS (SELECT VALUE 1 FROM fi IN c.metadata.classification_fi WHERE STARTSWITH(fi, @fi_pref, true)) OR EXISTS (SELECT VALUE 1 FROM ft IN c.metadata.f_term WHERE STARTSWITH(ft, @ft_pref, true)) ) AND (CONTAINS(c.metadata.title, @kw, true) OR CONTAINS(c.summary, @kw, true) OR EXISTS (SELECT VALUE 1 FROM cl IN c.claims WHERE CONTAINS(cl.text, @kw, true))) | params: {""fi_pref"": ""A63F7"", ""ft_pref"": ""2C333EA"", ""kw"": ""遊技性""}"
2017184820,23,遊技機,20171012,"[balanced fi_pref=A63F7 ft_pref=2C333AA kw=遊技性] SELECT c.metadata.patent_id AS patent_id, c.metadata.title AS title, c.metadata.classification_fi AS classification_fi, c.metadata.f_term AS f_term, c.summary AS summary, c.claims AS claims, c.metadata.keywords AS doc_keywords, c.metadata.classification_ipc AS classification_ipc, c.metadata.publication_date AS publication_date FROM c WHERE (EXISTS (SELECT VALUE 1 FROM fi IN c.metadata.classification_fi WHERE STARTSWITH(fi, @fi_pref, true)) OR EXISTS (SELECT VALUE 1 FROM ft IN c.metadata.f_term WHERE STARTSWITH(ft, @ft_pref, true)) ) AND (CONTAINS(c.metadata.title, @kw, true) OR CONTAINS(c.summary, @kw, true) OR EXISTS (SELECT VALUE 1 FROM cl IN c.claims WHERE CONTAINS(cl.text, @kw, true))) | params: {""fi_pref"": ""A63F7"", ""ft_pref"": ""2C333AA"", ""kw"": ""遊技性""} || [balanced fi_pref=A63F7 ft_pref=2C088EA kw=遊技性] SELECT c.metadata.patent_id AS patent_id, c.metadata.title AS title, c.metadata.classification_fi AS classification_fi, c.metadata.f_term AS f_term, c.summary AS summary, c.claims AS claims, c.metadata.keywords AS doc_keywords, c.metadata.classification_ipc AS classification_ipc, c.metadata.publication_date AS publication_date FROM c WHERE (EXISTS (SELECT VALUE 1 FROM fi IN c.metadata.classification_fi WHERE STARTSWITH(fi, @fi_pref, true)) OR EXISTS (SELECT VALUE 1 FROM ft IN c.metadata.f_term WHERE STARTSWITH(ft, @ft_pref, true)) ) AND (CONTAINS(c.metadata.title, @kw, true) OR CONTAINS(c.summary, @kw, true) OR EXISTS (SELECT VALUE 1 FROM cl IN c.claims WHERE CONTAINS(cl.text, @kw, true))) | params: {""fi_pref"": ""A63F7"", ""ft_pref"": ""2C088EA"", ""kw"": ""遊技性""} || [balanced fi_pref=A63F7 ft_pref=2C333EA kw=遊技性] SELECT c.metadata.patent_id AS patent_id, c.metadata.title AS title, c.metadata.classification_fi AS classification_fi, c.metadata.f_term AS f_term, c.summary AS summary, c.claims AS claims, c.metadata.keywords AS doc_keywords, c.metadata.classification_ipc AS classification_ipc, c.metadata.publication_date AS publication_date FROM c WHERE (EXISTS (SELECT VALUE 1 FROM fi IN c.metadata.classification_fi WHERE STARTSWITH(fi, @fi_pref, true)) OR EXISTS (SELECT VALUE 1 FROM ft IN c.metadata.f_term WHERE STARTSWITH(ft, @ft_pref, true)) ) AND (CONTAINS(c.metadata.title, @kw, true) OR CONTAINS(c.summary, @kw, true) OR EXISTS (SELECT VALUE 1 FROM cl IN c.claims WHERE CONTAINS(cl.text, @kw, true))) | params: {""fi_pref"": ""A63F7"", ""ft_pref"": ""2C333EA"", ""kw"": ""遊技性""}"
2019063275,23,遊技機,20190425,"[balanced fi_pref=A63F7 ft_pref=2C333AA kw=遊技性] SELECT c.metadata.patent_id AS patent_id, c.metadata.title AS title, c.metadata.classification_fi AS classification_fi, c.metadata.f_term AS f_term, c.summary AS summary, c.claims AS claims, c.metadata.keywords AS doc_keywords, c.metadata.classification_ipc AS classification_ipc, c.metadata.publication_date AS publication_date FROM c WHERE (EXISTS (SELECT VALUE 1 FROM fi IN c.metadata.classification_fi WHERE STARTSWITH(fi, @fi_pref, true)) OR EXISTS (SELECT VALUE 1 FROM ft IN c.metadata.f_term WHERE STARTSWITH(ft, @ft_pref, true)) ) AND (CONTAINS(c.metadata.title, @kw, true) OR CONTAINS(c.summary, @kw, true) OR EXISTS (SELECT VALUE 1 FROM cl IN c.claims WHERE CONTAINS(cl.text, @kw, true))) | params: {""fi_pref"": ""A63F7"", ""ft_pref"": ""2C333AA"", ""kw"": ""遊技性""} || [balanced fi_pref=A63F7 ft_pref=2C088EA kw=遊技性] SELECT c.metadata.patent_id AS patent_id, c.metadata.title AS title, c.metadata.classification_fi AS classification_fi, c.metadata.f_term AS f_term, c.summary AS summary, c.claims AS claims, c.metadata.keywords AS doc_keywords, c.metadata.classification_ipc AS classification_ipc, c.metadata.publication_date AS publication_date FROM c WHERE (EXISTS (SELECT VALUE 1 FROM fi IN c.metadata.classification_fi WHERE STARTSWITH(fi, @fi_pref, true)) OR EXISTS (SELECT VALUE 1 FROM ft IN c.metadata.f_term WHERE STARTSWITH(ft, @ft_pref, true)) ) AND (CONTAINS(c.metadata.title, @kw, true) OR CONTAINS(c.summary, @kw, true) OR EXISTS (SELECT VALUE 1 FROM cl IN c.claims WHERE CONTAINS(cl.text, @kw, true))) | params: {""fi_pref"": ""A63F7"", ""ft_pref"": ""2C088EA"", ""kw"": ""遊技性""} || [balanced fi_pref=A63F7 ft_pref=2C333EA kw=遊技性] SELECT c.metadata.patent_id AS patent_id, c.metadata.title AS title, c.metadata.classification_fi AS classification_fi, c.metadata.f_term AS f_term, c.summary AS summary, c.claims AS claims, c.metadata.keywords AS doc_keywords, c.metadata.classification_ipc AS classification_ipc, c.metadata.publication_date AS publication_date FROM c WHERE (EXISTS (SELECT VALUE 1 FROM fi IN c.metadata.classification_fi WHERE STARTSWITH(fi, @fi_pref, true)) OR EXISTS (SELECT VALUE 1 FROM ft IN c.metadata.f_term WHERE STARTSWITH(ft, @ft_pref, true)) ) AND (CONTAINS(c.metadata.title, @kw, true) OR CONTAINS(c.summary, @kw, true) OR EXISTS (SELECT VALUE 1 FROM cl IN c.claims WHERE CONTAINS(cl.text, @kw, true))) | params: {""fi_pref"": ""A63F7"", ""ft_pref"": ""2C333EA"", ""kw"": ""遊技性""}"
2018166574,23,遊技機,20181101,"[balanced fi_pref=A63F7 ft_pref=2C333AA kw=遊技性] SELECT c.metadata.patent_id AS patent_id, c.metadata.title AS title, c.metadata.classification_fi AS classification_fi, c.metadata.f_term AS f_term, c.summary AS summary, c.claims AS claims, c.metadata.keywords AS doc_keywords, c.metadata.classification_ipc AS classification_ipc, c.metadata.publication_date AS publication_date FROM c WHERE (EXISTS (SELECT VALUE 1 FROM fi IN c.metadata.classification_fi WHERE STARTSWITH(fi, @fi_pref, true)) OR EXISTS (SELECT VALUE 1 FROM ft IN c.metadata.f_term WHERE STARTSWITH(ft, @ft_pref, true)) ) AND (CONTAINS(c.metadata.title, @kw, true) OR CONTAINS(c.summary, @kw, true) OR EXISTS (SELECT VALUE 1 FROM cl IN c.claims WHERE CONTAINS(cl.text, @kw, true))) | params: {""fi_pref"": ""A63F7"", ""ft_pref"": ""2C333AA"", ""kw"": ""遊技性""} || [balanced fi_pref=A63F7 ft_pref=2C088EA kw=遊技性] SELECT c.metadata.patent_id AS patent_id, c.metadata.title AS title, c.metadata.classification_fi AS classification_fi, c.metadata.f_term AS f_term, c.summary AS summary, c.claims AS claims, c.metadata.keywords AS doc_keywords, c.metadata.classification_ipc AS classification_ipc, c.metadata.publication_date AS publication_date FROM c WHERE (EXISTS (SELECT VALUE 1 FROM fi IN c.metadata.classification_fi WHERE STARTSWITH(fi, @fi_pref, true)) OR EXISTS (SELECT VALUE 1 FROM ft IN c.metadata.f_term WHERE STARTSWITH(ft, @ft_pref, true)) ) AND (CONTAINS(c.metadata.title, @kw, true) OR CONTAINS(c.summary, @kw, true) OR EXISTS (SELECT VALUE 1 FROM cl IN c.claims WHERE CONTAINS(cl.text, @kw, true))) | params: {""fi_pref"": ""A63F7"", ""ft_pref"": ""2C088EA"", ""kw"": ""遊技性""} || [balanced fi_pref=A63F7 ft_pref=2C333EA kw=遊技性] SELECT c.metadata.patent_id AS patent_id, c.metadata.title AS title, c.metadata.classification_fi AS classification_fi, c.metadata.f_term AS f_term, c.summary AS summary, c.claims AS claims, c.metadata.keywords AS doc_keywords, c.metadata.classification_ipc AS classification_ipc, c.metadata.publication_date AS publication_date FROM c WHERE (EXISTS (SELECT VALUE 1 FROM fi IN c.metadata.classification_fi WHERE STARTSWITH(fi, @fi_pref, true)) OR EXISTS (SELECT VALUE 1 FROM ft IN c.metadata.f_term WHERE STARTSWITH(ft, @ft_pref, true)) ) AND (CONTAINS(c.metadata.title, @kw, true) OR CONTAINS(c.summary, @kw, true) OR EXISTS (SELECT VALUE 1 FROM cl IN c.claims WHERE CONTAINS(cl.text, @kw, true))) | params: {""fi_pref"": ""A63F7"", ""ft_pref"": ""2C333EA"", ""kw"": ""遊技性""}"
2017189223,23,遊技機,20171019,"[balanced fi_pref=A63F7 ft_pref=2C333AA kw=遊技性] SELECT c.metadata.patent_id AS patent_id, c.metadata.title AS title, c.metadata.classification_fi AS classification_fi, c.metadata.f_term AS f_term, c.summary AS summary, c.claims AS claims, c.metadata.keywords AS doc_keywords, c.metadata.classification_ipc AS classification_ipc, c.metadata.publication_date AS publication_date FROM c WHERE (EXISTS (SELECT VALUE 1 FROM fi IN c.metadata.classification_fi WHERE STARTSWITH(fi, @fi_pref, true)) OR EXISTS (SELECT VALUE 1 FROM ft IN c.metadata.f_term WHERE STARTSWITH(ft, @ft_pref, true)) ) AND (CONTAINS(c.metadata.title, @kw, true) OR CONTAINS(c.summary, @kw, true) OR EXISTS (SELECT VALUE 1 FROM cl IN c.claims WHERE CONTAINS(cl.text, @kw, true))) | params: {""fi_pref"": ""A63F7"", ""ft_pref"": ""2C333AA"", ""kw"": ""遊技性""} || [balanced fi_pref=A63F7 ft_pref=2C088EA kw=遊技性] SELECT c.metadata.patent_id AS patent_id, c.metadata.title AS title, c.metadata.classification_fi AS classification_fi, c.metadata.f_term AS f_term, c.summary AS summary, c.claims AS claims, c.metadata.keywords AS doc_keywords, c.metadata.classification_ipc AS classification_ipc, c.metadata.publication_date AS publication_date FROM c WHERE (EXISTS (SELECT VALUE 1 FROM fi IN c.metadata.classification_fi WHERE STARTSWITH(fi, @fi_pref, true)) OR EXISTS (SELECT VALUE 1 FROM ft IN c.metadata.f_term WHERE STARTSWITH(ft, @ft_pref, true)) ) AND (CONTAINS(c.metadata.title, @kw, true) OR CONTAINS(c.summary, @kw, true) OR EXISTS (SELECT VALUE 1 FROM cl IN c.claims WHERE CONTAINS(cl.text, @kw, true))) | params: {""fi_pref"": ""A63F7"", ""ft_pref"": ""2C088EA"", ""kw"": ""遊技性""} || [balanced fi_pref=A63F7 ft_pref=2C333EA kw=遊技性] SELECT c.metadata.patent_id AS patent_id, c.metadata.title AS title, c.metadata.classification_fi AS classification_fi, c.metadata.f_term AS f_term, c.summary AS summary, c.claims AS claims, c.metadata.keywords AS doc_keywords, c.metadata.classification_ipc AS classification_ipc, c.metadata.publication_date AS publication_date FROM c WHERE (EXISTS (SELECT VALUE 1 FROM fi IN c.metadata.classification_fi WHERE STARTSWITH(fi, @fi_pref, true)) OR EXISTS (SELECT VALUE 1 FROM ft IN c.metadata.f_term WHERE STARTSWITH(ft, @ft_pref, true)) ) AND (CONTAINS(c.metadata.title, @kw, true) OR CONTAINS(c.summary, @kw, true) OR EXISTS (SELECT VALUE 1 FROM cl IN c.claims WHERE CONTAINS(cl.text, @kw, true))) | params: {""fi_pref"": ""A63F7"", ""ft_pref"": ""2C333EA"", ""kw"": ""遊技性""}"
2020192200,23,遊技機,20201203,"[broad fi_pref=A63F7 ft_pref=2C333AA kw=遊技進行状態] SELECT c.metadata.patent_id AS patent_id, c.metadata.title AS title, c.metadata.classification_fi AS classification_fi, c.metadata.f_term AS f_term, c.summary AS summary, c.claims AS claims, c.metadata.keywords AS doc_keywords, c.metadata.classification_ipc AS classification_ipc, c.metadata.publication_date AS publication_date FROM c WHERE EXISTS (SELECT VALUE 1 FROM fi IN c.metadata.classification_fi WHERE STARTSWITH(fi, @fi_pref, true)) OR EXISTS (SELECT VALUE 1 FROM ft IN c.metadata.f_term WHERE STARTSWITH(ft, @ft_pref, true)) OR CONTAINS(c.metadata.title, @kw, true) | params: {""fi_pref"": ""A63F7"", ""ft_pref"": ""2C333AA"", ""kw"": ""遊技進行状態""}"
2019111458,23,遊技機,20190711,"[broad fi_pref=A63F7 ft_pref=2C333AA kw=遊技進行状態] SELECT c.metadata.patent_id AS patent_id, c.metadata.title AS title, c.metadata.classification_fi AS classification_fi, c.metadata.f_term AS f_term, c.summary AS summary, c.claims AS claims, c.metadata.keywords AS doc_keywords, c.metadata.classification_ipc AS classification_ipc, c.metadata.publication_date AS publication_date FROM c WHERE EXISTS (SELECT VALUE 1 FROM fi IN c.metadata.classification_fi WHERE STARTSWITH(fi, @fi_pref, true)) OR EXISTS (SELECT VALUE 1 FROM ft IN c.metadata.f_term WHERE STARTSWITH(ft, @ft_pref, true)) OR CONTAINS(c.metadata.title, @kw, true) | params: {""fi_pref"": ""A63F7"", ""ft_pref"": ""2C333AA"", ""kw"": ""遊技進行状態""}"
2021000301,23,遊技機,20210107,"[broad fi_pref=A63F7 ft_pref=2C333AA kw=遊技進行状態] SELECT c.metadata.patent_id AS patent_id, c.metadata.title AS title, c.metadata.classification_fi AS classification_fi, c.metadata.f_term AS f_term, c.summary AS summary, c.claims AS claims, c.metadata.keywords AS doc_keywords, c.metadata.classification_ipc AS classification_ipc, c.metadata.publication_date AS publication_date FROM c WHERE EXISTS (SELECT VALUE 1 FROM fi IN c.metadata.classification_fi WHERE STARTSWITH(fi, @fi_pref, true)) OR EXISTS (SELECT VALUE 1 FROM ft IN c.metadata.f_term WHERE STARTSWITH(ft, @ft_pref, true)) OR CONTAINS(c.metadata.title, @kw, true) | params: {""fi_pref"": ""A63F7"", ""ft_pref"": ""2C333AA"", ""kw"": ""遊技進行状態""}"
2021003332,23,遊技機,20210114,"[broad fi_pref=A63F7 ft_pref=2C333AA kw=遊技進行状態] SELECT c.metadata.patent_id AS patent_id, c.metadata.title AS title, c.metadata.classification_fi AS classification_fi, c.metadata.f_term AS f_term, c.summary AS summary, c.claims AS claims, c.metadata.keywords AS doc_keywords, c.metadata.classification_ipc AS classification_ipc, c.metadata.publication_date AS publication_date FROM c WHERE EXISTS (SELECT VALUE 1 FROM fi IN c.metadata.classification_fi WHERE STARTSWITH(fi, @fi_pref, true)) OR EXISTS (SELECT VALUE 1 FROM ft IN c.metadata.f_term WHERE STARTSWITH(ft, @ft_pref, true)) OR CONTAINS(c.metadata.title, @kw, true) | params: {""fi_pref"": ""A63F7"", ""ft_pref"": ""2C333AA"", ""kw"": ""遊技進行状態""}"
2021053018,23,遊技機,20210408,"[broad fi_pref=A63F7 ft_pref=2C333AA kw=遊技進行状態] SELECT c.metadata.patent_id AS patent_id, c.metadata.title AS title, c.metadata.classification_fi AS classification_fi, c.metadata.f_term AS f_term, c.summary AS summary, c.claims AS claims, c.metadata.keywords AS doc_keywords, c.metadata.classification_ipc AS classification_ipc, c.metadata.publication_date AS publication_date FROM c WHERE EXISTS (SELECT VALUE 1 FROM fi IN c.metadata.classification_fi WHERE STARTSWITH(fi, @fi_pref, true)) OR EXISTS (SELECT VALUE 1 FROM ft IN c.metadata.f_term WHERE STARTSWITH(ft, @ft_pref, true)) OR CONTAINS(c.metadata.title, @kw, true) | params: {""fi_pref"": ""A63F7"", ""ft_pref"": ""2C333AA"", ""kw"": ""遊技進行状態""}"
2020182717,23,遊技機,20201112,"[broad fi_pref=A63F7 ft_pref=2C333AA kw=遊技進行状態] SELECT c.metadata.patent_id AS patent_id, c.metadata.title AS title, c.metadata.classification_fi AS classification_fi, c.metadata.f_term AS f_term, c.summary AS summary, c.claims AS claims, c.metadata.keywords AS doc_keywords, c.metadata.classification_ipc AS classification_ipc, c.metadata.publication_date AS publication_date FROM c WHERE EXISTS (SELECT VALUE 1 FROM fi IN c.metadata.classification_fi WHERE STARTSWITH(fi, @fi_pref, true)) OR EXISTS (SELECT VALUE 1 FROM ft IN c.metadata.f_term WHERE STARTSWITH(ft, @ft_pref, true)) OR CONTAINS(c.metadata.title, @kw, true) | params: {""fi_pref"": ""A63F7"", ""ft_pref"": ""2C333AA"", ""kw"": ""遊技進行状態""}"
2020142030,23,遊技機,20200910,"[broad fi_pref=A63F7 ft_pref=2C333AA kw=遊技進行状態] SELECT c.metadata.patent_id AS patent_id, c.metadata.title AS title, c.metadata.classification_fi AS classification_fi, c.metadata.f_term AS f_term, c.summary AS summary, c.claims AS claims, c.metadata.keywords AS doc_keywords, c.metadata.classification_ipc AS classification_ipc, c.metadata.publication_date AS publication_date FROM c WHERE EXISTS (SELECT VALUE 1 FROM fi IN c.metadata.classification_fi WHERE STARTSWITH(fi, @fi_pref, true)) OR EXISTS (SELECT VALUE 1 FROM ft IN c.metadata.f_term WHERE STARTSWITH(ft, @ft_pref, true)) OR CONTAINS(c.metadata.title, @kw, true) | params: {""fi_pref"": ""A63F7"", ""ft_pref"": ""2C333AA"", ""kw"": ""遊技進行状態""}"
2021023651,23,遊技機,20210222,"[broad fi_pref=A63F7 ft_pref=2C333AA kw=遊技進行状態] SELECT c.metadata.patent_id AS patent_id, c.metadata.title AS title, c.metadata.classification_fi AS classification_fi, c.metadata.f_term AS f_term, c.summary AS summary, c.claims AS claims, c.metadata.keywords AS doc_keywords, c.metadata.classification_ipc AS classification_ipc, c.metadata.publication_date AS publication_date FROM c WHERE EXISTS (SELECT VALUE 1 FROM fi IN c.metadata.classification_fi WHERE STARTSWITH(fi, @fi_pref, true)) OR EXISTS (SELECT VALUE 1 FROM ft IN c.metadata.f_term WHERE STARTSWITH(ft, @ft_pref, true)) OR CONTAINS(c.metadata.title, @kw, true) | params: {""fi_pref"": ""A63F7"", ""ft_pref"": ""2C333AA"", ""kw"": ""遊技進行状態""}"
2021036996,23,遊技機,20210311,"[broad fi_pref=A63F7 ft_pref=2C333AA kw=遊技進行状態] SELECT c.metadata.patent_id AS patent_id, c.metadata.title AS title, c.metadata.classification_fi AS classification_fi, c.metadata.f_term AS f_term, c.summary AS summary, c.claims AS claims, c.metadata.keywords AS doc_keywords, c.metadata.classification_ipc AS classification_ipc, c.metadata.publication_date AS publication_date FROM c WHERE EXISTS (SELECT VALUE 1 FROM fi IN c.metadata.classification_fi WHERE STARTSWITH(fi, @fi_pref, true)) OR EXISTS (SELECT VALUE 1 FROM ft IN c.metadata.f_term WHERE STARTSWITH(ft, @ft_pref, true)) OR CONTAINS(c.metadata.title, @kw, true) | params: {""fi_pref"": ""A63F7"", ""ft_pref"": ""2C333AA"", ""kw"": ""遊技進行状態""}"
2021003456,23,遊技機,20210114,"[broad fi_pref=A63F7 ft_pref=2C333AA kw=遊技進行状態] SELECT c.metadata.patent_id AS patent_id, c.metadata.title AS title, c.metadata.classification_fi AS classification_fi, c.metadata.f_term AS f_term, c.summary AS summary, c.claims AS claims, c.metadata.keywords AS doc_keywords, c.metadata.classification_ipc AS classification_ipc, c.metadata.publication_date AS publication_date FROM c WHERE EXISTS (SELECT VALUE 1 FROM fi IN c.metadata.classification_fi WHERE STARTSWITH(fi, @fi_pref, true)) OR EXISTS (SELECT VALUE 1 FROM ft IN c.metadata.f_term WHERE STARTSWITH(ft, @ft_pref, true)) OR CONTAINS(c.metadata.title, @kw, true) | params: {""fi_pref"": ""A63F7"", ""ft_pref"": ""2C333AA"", ""kw"": ""遊技進行状態""}"
2020137698,23,遊技機,20200903,"[broad fi_pref=A63F7 ft_pref=2C333AA kw=遊技進行状態] SELECT c.metadata.patent_id AS patent_id, c.metadata.title AS title, c.metadata.classification_fi AS classification_fi, c.metadata.f_term AS f_term, c.summary AS summary, c.claims AS claims, c.metadata.keywords AS doc_keywords, c.metadata.classification_ipc AS classification_ipc, c.metadata.publication_date AS publication_date FROM c WHERE EXISTS (SELECT VALUE 1 FROM fi IN c.metadata.classification_fi WHERE STARTSWITH(fi, @fi_pref, true)) OR EXISTS (SELECT VALUE 1 FROM ft IN c.metadata.f_term WHERE STARTSWITH(ft, @ft_pref, true)) OR CONTAINS(c.metadata.title, @kw, true) | params: {""fi_pref"": ""A63F7"", ""ft_pref"": ""2C333AA"", ""kw"": ""遊技進行状態""}"
2019107558,23,遊技機,20190704,"[broad fi_pref=A63F7 ft_pref=2C333AA kw=遊技進行状態] SELECT c.metadata.patent_id AS patent_id, c.metadata.title AS title, c.metadata.classification_fi AS classification_fi, c.metadata.f_term AS f_term, c.summary AS summary, c.claims AS claims, c.metadata.keywords AS doc_keywords, c.metadata.classification_ipc AS classification_ipc, c.metadata.publication_date AS publication_date FROM c WHERE EXISTS (SELECT VALUE 1 FROM fi IN c.metadata.classification_fi WHERE STARTSWITH(fi, @fi_pref, true)) OR EXISTS (SELECT VALUE 1 FROM ft IN c.metadata.f_term WHERE STARTSWITH(ft, @ft_pref, true)) OR CONTAINS(c.metadata.title, @kw, true) | params: {""fi_pref"": ""A63F7"", ""ft_pref"": ""2C333AA"", ""kw"": ""遊技進行状態""}"
2021023655,23,遊技機,20210222,"[broad fi_pref=A63F7 ft_pref=2C333AA kw=遊技進行状態] SELECT c.metadata.patent_id AS patent_id, c.metadata.title AS title, c.metadata.classification_fi AS classification_fi, c.metadata.f_term AS f_term, c.summary AS summary, c.claims AS claims, c.metadata.keywords AS doc_keywords, c.metadata.classification_ipc AS classification_ipc, c.metadata.publication_date AS publication_date FROM c WHERE EXISTS (SELECT VALUE 1 FROM fi IN c.metadata.classification_fi WHERE STARTSWITH(fi, @fi_pref, true)) OR EXISTS (SELECT VALUE 1 FROM ft IN c.metadata.f_term WHERE STARTSWITH(ft, @ft_pref, true)) OR CONTAINS(c.metadata.title, @kw, true) | params: {""fi_pref"": ""A63F7"", ""ft_pref"": ""2C333AA"", ""kw"": ""遊技進行状態""}"
2021040711,23,遊技機,20210318,"[broad fi_pref=A63F7 ft_pref=2C333AA kw=遊技進行状態] SELECT c.metadata.patent_id AS patent_id, c.metadata.title AS title, c.metadata.classification_fi AS classification_fi, c.metadata.f_term AS f_term, c.summary AS summary, c.claims AS claims, c.metadata.keywords AS doc_keywords, c.metadata.classification_ipc AS classification_ipc, c.metadata.publication_date AS publication_date FROM c WHERE EXISTS (SELECT VALUE 1 FROM fi IN c.metadata.classification_fi WHERE STARTSWITH(fi, @fi_pref, true)) OR EXISTS (SELECT VALUE 1 FROM ft IN c.metadata.f_term WHERE STARTSWITH(ft, @ft_pref, true)) OR CONTAINS(c.metadata.title, @kw, true) | params: {""fi_pref"": ""A63F7"", ""ft_pref"": ""2C333AA"", ""kw"": ""遊技進行状態""}"
2021049173,23,遊技機,20210401,"[broad fi_pref=A63F7 ft_pref=2C333AA kw=遊技進行状態] SELECT c.metadata.patent_id AS patent_id, c.metadata.title AS title, c.metadata.classification_fi AS classification_fi, c.metadata.f_term AS f_term, c.summary AS summary, c.claims AS claims, c.metadata.keywords AS doc_keywords, c.metadata.classification_ipc AS classification_ipc, c.metadata.publication_date AS publication_date FROM c WHERE EXISTS (SELECT VALUE 1 FROM fi IN c.metadata.classification_fi WHERE STARTSWITH(fi, @fi_pref, true)) OR EXISTS (SELECT VALUE 1 FROM ft IN c.metadata.f_term WHERE STARTSWITH(ft, @ft_pref, true)) OR CONTAINS(c.metadata.title, @kw, true) | params: {""fi_pref"": ""A63F7"", ""ft_pref"": ""2C333AA"", ""kw"": ""遊技進行状態""}"
2020137881,23,遊技機,20200903,"[broad fi_pref=A63F7 ft_pref=2C333AA kw=遊技進行状態] SELECT c.metadata.patent_id AS patent_id, c.metadata.title AS title, c.metadata.classification_fi AS classification_fi, c.metadata.f_term AS f_term, c.summary AS summary, c.claims AS claims, c.metadata.keywords AS doc_keywords, c.metadata.classification_ipc AS classification_ipc, c.metadata.publication_date AS publication_date FROM c WHERE EXISTS (SELECT VALUE 1 FROM fi IN c.metadata.classification_fi WHERE STARTSWITH(fi, @fi_pref, true)) OR EXISTS (SELECT VALUE 1 FROM ft IN c.metadata.f_term WHERE STARTSWITH(ft, @ft_pref, true)) OR CONTAINS(c.metadata.title, @kw, true) | params: {""fi_pref"": ""A63F7"", ""ft_pref"": ""2C333AA"", ""kw"": ""遊技進行状態""}"
2020192141,23,遊技機,20201203,"[broad fi_pref=A63F7 ft_pref=2C333AA kw=遊技進行状態] SELECT c.metadata.patent_id AS patent_id, c.metadata.title AS title, c.metadata.classification_fi AS classification_fi, c.metadata.f_term AS f_term, c.summary AS summary, c.claims AS claims, c.metadata.keywords AS doc_keywords, c.metadata.classification_ipc AS classification_ipc, c.metadata.publication_date AS publication_date FROM c WHERE EXISTS (SELECT VALUE 1 FROM fi IN c.metadata.classification_fi WHERE STARTSWITH(fi, @fi_pref, true)) OR EXISTS (SELECT VALUE 1 FROM ft IN c.metadata.f_term WHERE STARTSWITH(ft, @ft_pref, true)) OR CONTAINS(c.metadata.title, @kw, true) | params: {""fi_pref"": ""A63F7"", ""ft_pref"": ""2C333AA"", ""kw"": ""遊技進行状態""}"
2021023652,23,遊技機,20210222,"[broad fi_pref=A63F7 ft_pref=2C333AA kw=遊技進行状態] SELECT c.metadata.patent_id AS patent_id, c.metadata.title AS title, c.metadata.classification_fi AS classification_fi, c.metadata.f_term AS f_term, c.summary AS summary, c.claims AS claims, c.metadata.keywords AS doc_keywords, c.metadata.classification_ipc AS classification_ipc, c.metadata.publication_date AS publication_date FROM c WHERE EXISTS (SELECT VALUE 1 FROM fi IN c.metadata.classification_fi WHERE STARTSWITH(fi, @fi_pref, true)) OR EXISTS (SELECT VALUE 1 FROM ft IN c.metadata.f_term WHERE STARTSWITH(ft, @ft_pref, true)) OR CONTAINS(c.metadata.title, @kw, true) | params: {""fi_pref"": ""A63F7"", ""ft_pref"": ""2C333AA"", ""kw"": ""遊技進行状態""}"
2021049174,23,遊技機,20210401,"[broad fi_pref=A63F7 ft_pref=2C333AA kw=遊技進行状態] SELECT c.metadata.patent_id AS patent_id, c.metadata.title AS title, c.metadata.classification_fi AS classification_fi, c.metadata.f_term AS f_term, c.summary AS summary, c.claims AS claims, c.metadata.keywords AS doc_keywords, c.metadata.classification_ipc AS classification_ipc, c.metadata.publication_date AS publication_date FROM c WHERE EXISTS (SELECT VALUE 1 FROM fi IN c.metadata.classification_fi WHERE STARTSWITH(fi, @fi_pref, true)) OR EXISTS (SELECT VALUE 1 FROM ft IN c.metadata.f_term WHERE STARTSWITH(ft, @ft_pref, true)) OR CONTAINS(c.metadata.title, @kw, true) | params: {""fi_pref"": ""A63F7"", ""ft_pref"": ""2C333AA"", ""kw"": ""遊技進行状態""}"
2020137608,23,遊技機,20200903,"[broad fi_pref=A63F7 ft_pref=2C333AA kw=遊技進行状態] SELECT c.metadata.patent_id AS patent_id, c.metadata.title AS title, c.metadata.classification_fi AS classification_fi, c.metadata.f_term AS f_term, c.summary AS summary, c.claims AS claims, c.metadata.keywords AS doc_keywords, c.metadata.classification_ipc AS classification_ipc, c.metadata.publication_date AS publication_date FROM c WHERE EXISTS (SELECT VALUE 1 FROM fi IN c.metadata.classification_fi WHERE STARTSWITH(fi, @fi_pref, true)) OR EXISTS (SELECT VALUE 1 FROM ft IN c.metadata.f_term WHERE STARTSWITH(ft, @ft_pref, true)) OR CONTAINS(c.metadata.title, @kw, true) | params: {""fi_pref"": ""A63F7"", ""ft_pref"": ""2C333AA"", ""kw"": ""遊技進行状態""}"
2019130426,23,遊技機,20190808,"[broad fi_pref=A63F7 ft_pref=2C333AA kw=遊技進行状態] SELECT c.metadata.patent_id AS patent_id, c.metadata.title AS title, c.metadata.classification_fi AS classification_fi, c.metadata.f_term AS f_term, c.summary AS summary, c.claims AS claims, c.metadata.keywords AS doc_keywords, c.metadata.classification_ipc AS classification_ipc, c.metadata.publication_date AS publication_date FROM c WHERE EXISTS (SELECT VALUE 1 FROM fi IN c.metadata.classification_fi WHERE STARTSWITH(fi, @fi_pref, true)) OR EXISTS (SELECT VALUE 1 FROM ft IN c.metadata.f_term WHERE STARTSWITH(ft, @ft_pref, true)) OR CONTAINS(c.metadata.title, @kw, true) | params: {""fi_pref"": ""A63F7"", ""ft_pref"": ""2C333AA"", ""kw"": ""遊技進行状態""}"
2021023645,23,遊技機,20210222,"[broad fi_pref=A63F7 ft_pref=2C333AA kw=遊技進行状態] SELECT c.metadata.patent_id AS patent_id, c.metadata.title AS title, c.metadata.classification_fi AS classification_fi, c.metadata.f_term AS f_term, c.summary AS summary, c.claims AS claims, c.metadata.keywords AS doc_keywords, c.metadata.classification_ipc AS classification_ipc, c.metadata.publication_date AS publication_date FROM c WHERE EXISTS (SELECT VALUE 1 FROM fi IN c.metadata.classification_fi WHERE STARTSWITH(fi, @fi_pref, true)) OR EXISTS (SELECT VALUE 1 FROM ft IN c.metadata.f_term WHERE STARTSWITH(ft, @ft_pref, true)) OR CONTAINS(c.metadata.title, @kw, true) | params: {""fi_pref"": ""A63F7"", ""ft_pref"": ""2C333AA"", ""kw"": ""遊技進行状態""}"
2019081027,22,遊技機,20190530,"[balanced fi_pref=A63F7 ft_pref=2C333AA kw=表示態様] SELECT c.metadata.patent_id AS patent_id, c.metadata.title AS title, c.metadata.classification_fi AS classification_fi, c.metadata.f_term AS f_term, c.summary AS summary, c.claims AS claims, c.metadata.keywords AS doc_keywords, c.metadata.classification_ipc AS classification_ipc, c.metadata.publication_date AS publication_date FROM c WHERE (EXISTS (SELECT VALUE 1 FROM fi IN c.metadata.classification_fi WHERE STARTSWITH(fi, @fi_pref, true)) OR EXISTS (SELECT VALUE 1 FROM ft IN c.metadata.f_term WHERE STARTSWITH(ft, @ft_pref, true)) ) AND (CONTAINS(c.metadata.title, @kw, true) OR CONTAINS(c.summary, @kw, true) OR EXISTS (SELECT VALUE 1 FROM cl IN c.claims WHERE CONTAINS(cl.text, @kw, true))) | params: {""fi_pref"": ""A63F7"", ""ft_pref"": ""2C333AA"", ""kw"": ""表示態様""} || [balanced fi_pref=A63F7 ft_pref=2C088EA kw=表示態様] SELECT c.metadata.patent_id AS patent_id, c.metadata.title AS title, c.metadata.classification_fi AS classification_fi, c.metadata.f_term AS f_term, c.summary AS summary, c.claims AS claims, c.metadata.keywords AS doc_keywords, c.metadata.classification_ipc AS classification_ipc, c.metadata.publication_date AS publication_date FROM c WHERE (EXISTS (SELECT VALUE 1 FROM fi IN c.metadata.classification_fi WHERE STARTSWITH(fi, @fi_pref, true)) OR EXISTS (SELECT VALUE 1 FROM ft IN c.metadata.f_term WHERE STARTSWITH(ft, @ft_pref, true)) ) AND (CONTAINS(c.metadata.title, @kw, true) OR CONTAINS(c.summary, @kw, true) OR EXISTS (SELECT VALUE 1 FROM cl IN c.claims WHERE CONTAINS(cl.text, @kw, true))) | params: {""fi_pref"": ""A63F7"", ""ft_pref"": ""2C088EA"", ""kw"": ""表示態様""} || [balanced fi_pref=A63F7 ft_pref=2C333EA kw=表示態様] SELECT c.metadata.patent_id AS patent_id, c.metadata.title AS title, c.metadata.classification_fi AS classification_fi, c.metadata.f_term AS f_term, c.summary AS summary, c.claims AS claims, c.metadata.keywords AS doc_keywords, c.metadata.classification_ipc AS classification_ipc, c.metadata.publication_date AS publication_date FROM c WHERE (EXISTS (SELECT VALUE 1 FROM fi IN c.metadata.classification_fi WHERE STARTSWITH(fi, @fi_pref, true)) OR EXISTS (SELECT VALUE 1 FROM ft IN c.metadata.f_term WHERE STARTSWITH(ft, @ft_pref, true)) ) AND (CONTAINS(c.metadata.title, @kw, true) OR CONTAINS(c.summary, @kw, true) OR EXISTS (SELECT VALUE 1 FROM cl IN c.claims WHERE CONTAINS(cl.text, @kw, true))) | params: {""fi_pref"": ""A63F7"", ""ft_pref"": ""2C333EA"", ""kw"": ""表示態様""} || [broad fi_pref=A63F7 ft_pref=2C333AA kw=遊技進行状態] SELECT c.metadata.patent_id AS patent_id, c.metadata.title AS title, c.metadata.classification_fi AS classification_fi, c.metadata.f_term AS f_term, c.summary AS summary, c.claims AS claims, c.metadata.keywords AS doc_keywords, c.metadata.classification_ipc AS classification_ipc, c.metadata.publication_date AS publication_date FROM c WHERE EXISTS (SELECT VALUE 1 FROM fi IN c.metadata.classification_fi WHERE STARTSWITH(fi, @fi_pref, true)) OR EXISTS (SELECT VALUE 1 FROM ft IN c.metadata.f_term WHERE STARTSWITH(ft, @ft_pref, true)) OR CONTAINS(c.metadata.title, @kw, true) | params: {""fi_pref"": ""A63F7"", ""ft_pref"": ""2C333AA"", ""kw"": ""遊技進行状態""}"
2019162513,22,遊技機,20190926,"[balanced fi_pref=A63F7 ft_pref=2C333AA kw=表示態様] SELECT c.metadata.patent_id AS patent_id, c.metadata.title AS title, c.metadata.classification_fi AS classification_fi, c.metadata.f_term AS f_term, c.summary AS summary, c.claims AS claims, c.metadata.keywords AS doc_keywords, c.metadata.classification_ipc AS classification_ipc, c.metadata.publication_date AS publication_date FROM c WHERE (EXISTS (SELECT VALUE 1 FROM fi IN c.metadata.classification_fi WHERE STARTSWITH(fi, @fi_pref, true)) OR EXISTS (SELECT VALUE 1 FROM ft IN c.metadata.f_term WHERE STARTSWITH(ft, @ft_pref, true)) ) AND (CONTAINS(c.metadata.title, @kw, true) OR CONTAINS(c.summary, @kw, true) OR EXISTS (SELECT VALUE 1 FROM cl IN c.claims WHERE CONTAINS(cl.text, @kw, true))) | params: {""fi_pref"": ""A63F7"", ""ft_pref"": ""2C333AA"", ""kw"": ""表示態様""} || [balanced fi_pref=A63F7 ft_pref=2C088EA kw=表示態様] SELECT c.metadata.patent_id AS patent_id, c.metadata.title AS title, c.metadata.classification_fi AS classification_fi, c.metadata.f_term AS f_term, c.summary AS summary, c.claims AS claims, c.metadata.keywords AS doc_keywords, c.metadata.classification_ipc AS classification_ipc, c.metadata.publication_date AS publication_date FROM c WHERE (EXISTS (SELECT VALUE 1 FROM fi IN c.metadata.classification_fi WHERE STARTSWITH(fi, @fi_pref, true)) OR EXISTS (SELECT VALUE 1 FROM ft IN c.metadata.f_term WHERE STARTSWITH(ft, @ft_pref, true)) ) AND (CONTAINS(c.metadata.title, @kw, true) OR CONTAINS(c.summary, @kw, true) OR EXISTS (SELECT VALUE 1 FROM cl IN c.claims WHERE CONTAINS(cl.text, @kw, true))) | params: {""fi_pref"": ""A63F7"", ""ft_pref"": ""2C088EA"", ""kw"": ""表示態様""} || [balanced fi_pref=A63F7 ft_pref=2C333EA kw=表示態様] SELECT c.metadata.patent_id AS patent_id, c.metadata.title AS title, c.metadata.classification_fi AS classification_fi, c.metadata.f_term AS f_term, c.summary AS summary, c.claims AS claims, c.metadata.keywords AS doc_keywords, c.metadata.classification_ipc AS classification_ipc, c.metadata.publication_date AS publication_date FROM c WHERE (EXISTS (SELECT VALUE 1 FROM fi IN c.metadata.classification_fi WHERE STARTSWITH(fi, @fi_pref, true)) OR EXISTS (SELECT VALUE 1 FROM ft IN c.metadata.f_term WHERE STARTSWITH(ft, @ft_pref, true)) ) AND (CONTAINS(c.metadata.title, @kw, true) OR CONTAINS(c.summary, @kw, true) OR EXISTS (SELECT VALUE 1 FROM cl IN c.claims WHERE CONTAINS(cl.text, @kw, true))) | params: {""fi_pref"": ""A63F7"", ""ft_pref"": ""2C333EA"", ""kw"": ""表示態様""}"
2019130404,22,遊技機,20190808,"[balanced fi_pref=A63F7 ft_pref=2C333AA kw=表示態様] SELECT c.metadata.patent_id AS patent_id, c.metadata.title AS title, c.metadata.classification_fi AS classification_fi, c.metadata.f_term AS f_term, c.summary AS summary, c.claims AS claims, c.metadata.keywords AS doc_keywords, c.metadata.classification_ipc AS classification_ipc, c.metadata.publication_date AS publication_date FROM c WHERE (EXISTS (SELECT VALUE 1 FROM fi IN c.metadata.classification_fi WHERE STARTSWITH(fi, @fi_pref, true)) OR EXISTS (SELECT VALUE 1 FROM ft IN c.metadata.f_term WHERE STARTSWITH(ft, @ft_pref, true)) ) AND (CONTAINS(c.metadata.title, @kw, true) OR CONTAINS(c.summary, @kw, true) OR EXISTS (SELECT VALUE 1 FROM cl IN c.claims WHERE CONTAINS(cl.text, @kw, true))) | params: {""fi_pref"": ""A63F7"", ""ft_pref"": ""2C333AA"", ""kw"": ""表示態様""} || [balanced fi_pref=A63F7 ft_pref=2C088EA kw=表示態様] SELECT c.metadata.patent_id AS patent_id, c.metadata.title AS title, c.metadata.classification_fi AS classification_fi, c.metadata.f_term AS f_term, c.summary AS summary, c.claims AS claims, c.metadata.keywords AS doc_keywords, c.metadata.classification_ipc AS classification_ipc, c.metadata.publication_date AS publication_date FROM c WHERE (EXISTS (SELECT VALUE 1 FROM fi IN c.metadata.classification_fi WHERE STARTSWITH(fi, @fi_pref, true)) OR EXISTS (SELECT VALUE 1 FROM ft IN c.metadata.f_term WHERE STARTSWITH(ft, @ft_pref, true)) ) AND (CONTAINS(c.metadata.title, @kw, true) OR CONTAINS(c.summary, @kw, true) OR EXISTS (SELECT VALUE 1 FROM cl IN c.claims WHERE CONTAINS(cl.text, @kw, true))) | params: {""fi_pref"": ""A63F7"", ""ft_pref"": ""2C088EA"", ""kw"": ""表示態様""} || [balanced fi_pref=A63F7 ft_pref=2C333EA kw=表示態様] SELECT c.metadata.patent_id AS patent_id, c.metadata.title AS title, c.metadata.classification_fi AS classification_fi, c.metadata.f_term AS f_term, c.summary AS summary, c.claims AS claims, c.metadata.keywords AS doc_keywords, c.metadata.classification_ipc AS classification_ipc, c.metadata.publication_date AS publication_date FROM c WHERE (EXISTS (SELECT VALUE 1 FROM fi IN c.metadata.classification_fi WHERE STARTSWITH(fi, @fi_pref, true)) OR EXISTS (SELECT VALUE 1 FROM ft IN c.metadata.f_term WHERE STARTSWITH(ft, @ft_pref, true)) ) AND (CONTAINS(c.metadata.title, @kw, true) OR CONTAINS(c.summary, @kw, true) OR EXISTS (SELECT VALUE 1 FROM cl IN c.claims WHERE CONTAINS(cl.text, @kw, true))) | params: {""fi_pref"": ""A63F7"", ""ft_pref"": ""2C333EA"", ""kw"": ""表示態様""}"
2019122855,22,遊技機,20190725,"[balanced fi_pref=A63F7 ft_pref=2C333AA kw=表示態様] SELECT c.metadata.patent_id AS patent_id, c.metadata.title AS title, c.metadata.classification_fi AS classification_fi, c.metadata.f_term AS f_term, c.summary AS summary, c.claims AS claims, c.metadata.keywords AS doc_keywords, c.metadata.classification_ipc AS classification_ipc, c.metadata.publication_date AS publication_date FROM c WHERE (EXISTS (SELECT VALUE 1 FROM fi IN c.metadata.classification_fi WHERE STARTSWITH(fi, @fi_pref, true)) OR EXISTS (SELECT VALUE 1 FROM ft IN c.metadata.f_term WHERE STARTSWITH(ft, @ft_pref, true)) ) AND (CONTAINS(c.metadata.title, @kw, true) OR CONTAINS(c.summary, @kw, true) OR EXISTS (SELECT VALUE 1 FROM cl IN c.claims WHERE CONTAINS(cl.text, @kw, true))) | params: {""fi_pref"": ""A63F7"", ""ft_pref"": ""2C333AA"", ""kw"": ""表示態様""} || [balanced fi_pref=A63F7 ft_pref=2C088EA kw=表示態様] SELECT c.metadata.patent_id AS patent_id, c.metadata.title AS title, c.metadata.classification_fi AS classification_fi, c.metadata.f_term AS f_term, c.summary AS summary, c.claims AS claims, c.metadata.keywords AS doc_keywords, c.metadata.classification_ipc AS classification_ipc, c.metadata.publication_date AS publication_date FROM c WHERE (EXISTS (SELECT VALUE 1 FROM fi IN c.metadata.classification_fi WHERE STARTSWITH(fi, @fi_pref, true)) OR EXISTS (SELECT VALUE 1 FROM ft IN c.metadata.f_term WHERE STARTSWITH(ft, @ft_pref, true)) ) AND (CONTAINS(c.metadata.title, @kw, true) OR CONTAINS(c.summary, @kw, true) OR EXISTS (SELECT VALUE 1 FROM cl IN c.claims WHERE CONTAINS(cl.text, @kw, true))) | params: {""fi_pref"": ""A63F7"", ""ft_pref"": ""2C088EA"", ""kw"": ""表示態様""} || [balanced fi_pref=A63F7 ft_pref=2C333EA kw=表示態様] SELECT c.metadata.patent_id AS patent_id, c.metadata.title AS title, c.metadata.classification_fi AS classification_fi, c.metadata.f_term AS f_term, c.summary AS summary, c.claims AS claims, c.metadata.keywords AS doc_keywords, c.metadata.classification_ipc AS classification_ipc, c.metadata.publication_date AS publication_date FROM c WHERE (EXISTS (SELECT VALUE 1 FROM fi IN c.metadata.classification_fi WHERE STARTSWITH(fi, @fi_pref, true)) OR EXISTS (SELECT VALUE 1 FROM ft IN c.metadata.f_term WHERE STARTSWITH(ft, @ft_pref, true)) ) AND (CONTAINS(c.metadata.title, @kw, true) OR CONTAINS(c.summary, @kw, true) OR EXISTS (SELECT VALUE 1 FROM cl IN c.claims WHERE CONTAINS(cl.text, @kw, true))) | params: {""fi_pref"": ""A63F7"", ""ft_pref"": ""2C333EA"", ""kw"": ""表示態様""}"
2019181258,22,遊技機,20191024,"[balanced fi_pref=A63F7 ft_pref=2C333AA kw=表示態様] SELECT c.metadata.patent_id AS patent_id, c.metadata.title AS title, c.metadata.classification_fi AS classification_fi, c.metadata.f_term AS f_term, c.summary AS summary, c.claims AS claims, c.metadata.keywords AS doc_keywords, c.metadata.classification_ipc AS classification_ipc, c.metadata.publication_date AS publication_date FROM c WHERE (EXISTS (SELECT VALUE 1 FROM fi IN c.metadata.classification_fi WHERE STARTSWITH(fi, @fi_pref, true)) OR EXISTS (SELECT VALUE 1 FROM ft IN c.metadata.f_term WHERE STARTSWITH(ft, @ft_pref, true)) ) AND (CONTAINS(c.metadata.title, @kw, true) OR CONTAINS(c.summary, @kw, true) OR EXISTS (SELECT VALUE 1 FROM cl IN c.claims WHERE CONTAINS(cl.text, @kw, true))) | params: {""fi_pref"": ""A63F7"", ""ft_pref"": ""2C333AA"", ""kw"": ""表示態様""} || [balanced fi_pref=A63F7 ft_pref=2C088EA kw=表示態様] SELECT c.metadata.patent_id AS patent_id, c.metadata.title AS title, c.metadata.classification_fi AS classification_fi, c.metadata.f_term AS f_term, c.summary AS summary, c.claims AS claims, c.metadata.keywords AS doc_keywords, c.metadata.classification_ipc AS classification_ipc, c.metadata.publication_date AS publication_date FROM c WHERE (EXISTS (SELECT VALUE 1 FROM fi IN c.metadata.classification_fi WHERE STARTSWITH(fi, @fi_pref, true)) OR EXISTS (SELECT VALUE 1 FROM ft IN c.metadata.f_term WHERE STARTSWITH(ft, @ft_pref, true)) ) AND (CONTAINS(c.metadata.title, @kw, true) OR CONTAINS(c.summary, @kw, true) OR EXISTS (SELECT VALUE 1 FROM cl IN c.claims WHERE CONTAINS(cl.text, @kw, true))) | params: {""fi_pref"": ""A63F7"", ""ft_pref"": ""2C088EA"", ""kw"": ""表示態様""} || [balanced fi_pref=A63F7 ft_pref=2C333EA kw=表示態様] SELECT c.metadata.patent_id AS patent_id, c.metadata.title AS title, c.metadata.classification_fi AS classification_fi, c.metadata.f_term AS f_term, c.summary AS summary, c.claims AS claims, c.metadata.keywords AS doc_keywords, c.metadata.classification_ipc AS classification_ipc, c.metadata.publication_date AS publication_date FROM c WHERE (EXISTS (SELECT VALUE 1 FROM fi IN c.metadata.classification_fi WHERE STARTSWITH(fi, @fi_pref, true)) OR EXISTS (SELECT VALUE 1 FROM ft IN c.metadata.f_term WHERE STARTSWITH(ft, @ft_pref, true)) ) AND (CONTAINS(c.metadata.title, @kw, true) OR CONTAINS(c.summary, @kw, true) OR EXISTS (SELECT VALUE 1 FROM cl IN c.claims WHERE CONTAINS(cl.text, @kw, true))) | params: {""fi_pref"": ""A63F7"", ""ft_pref"": ""2C333EA"", ""kw"": ""表示態様""}"
2019177196,22,弾球遊技機,20191017,"[balanced fi_pref=A63F7 ft_pref=2C333AA kw=遊技性] SELECT c.metadata.patent_id AS patent_id, c.metadata.title AS title, c.metadata.classification_fi AS classification_fi, c.metadata.f_term AS f_term, c.summary AS summary, c.claims AS claims, c.metadata.keywords AS doc_keywords, c.metadata.classification_ipc AS classification_ipc, c.metadata.publication_date AS publication_date FROM c WHERE (EXISTS (SELECT VALUE 1 FROM fi IN c.metadata.classification_fi WHERE STARTSWITH(fi, @fi_pref, true)) OR EXISTS (SELECT VALUE 1 FROM ft IN c.metadata.f_term WHERE STARTSWITH(ft, @ft_pref, true)) ) AND (CONTAINS(c.metadata.title, @kw, true) OR CONTAINS(c.summary, @kw, true) OR EXISTS (SELECT VALUE 1 FROM cl IN c.claims WHERE CONTAINS(cl.text, @kw, true))) | params: {""fi_pref"": ""A63F7"", ""ft_pref"": ""2C333AA"", ""kw"": ""遊技性""} || [balanced fi_pref=A63F7 ft_pref=2C088EA kw=遊技性] SELECT c.metadata.patent_id AS patent_id, c.metadata.title AS title, c.metadata.classification_fi AS classification_fi, c.metadata.f_term AS f_term, c.summary AS summary, c.claims AS claims, c.metadata.keywords AS doc_keywords, c.metadata.classification_ipc AS classification_ipc, c.metadata.publication_date AS publication_date FROM c WHERE (EXISTS (SELECT VALUE 1 FROM fi IN c.metadata.classification_fi WHERE STARTSWITH(fi, @fi_pref, true)) OR EXISTS (SELECT VALUE 1 FROM ft IN c.metadata.f_term WHERE STARTSWITH(ft, @ft_pref, true)) ) AND (CONTAINS(c.metadata.title, @kw, true) OR CONTAINS(c.summary, @kw, true) OR EXISTS (SELECT VALUE 1 FROM cl IN c.claims WHERE CONTAINS(cl.text, @kw, true))) | params: {""fi_pref"": ""A63F7"", ""ft_pref"": ""2C088EA"", ""kw"": ""遊技性""} || [balanced fi_pref=A63F7 ft_pref=2C333EA kw=遊技性] SELECT c.metadata.patent_id AS patent_id, c.metadata.title AS title, c.metadata.classification_fi AS classification_fi, c.metadata.f_term AS f_term, c.summary AS summary, c.claims AS claims, c.metadata.keywords AS doc_keywords, c.metadata.classification_ipc AS classification_ipc, c.metadata.publication_date AS publication_date FROM c WHERE (EXISTS (SELECT VALUE 1 FROM fi IN c.metadata.classification_fi WHERE STARTSWITH(fi, @fi_pref, true)) OR EXISTS (SELECT VALUE 1 FROM ft IN c.metadata.f_term WHERE STARTSWITH(ft, @ft_pref, true)) ) AND (CONTAINS(c.metadata.title, @kw, true) OR CONTAINS(c.summary, @kw, true) OR EXISTS (SELECT VALUE 1 FROM cl IN c.claims WHERE CONTAINS(cl.text, @kw, true))) | params: {""fi_pref"": ""A63F7"", ""ft_pref"": ""2C333EA"", ""kw"": ""遊技性""}"
2019208549,22,遊技機,20191212,"[balanced fi_pref=A63F7 ft_pref=2C333AA kw=遊技性] SELECT c.metadata.patent_id AS patent_id, c.metadata.title AS title, c.metadata.classification_fi AS classification_fi, c.metadata.f_term AS f_term, c.summary AS summary, c.claims AS claims, c.metadata.keywords AS doc_keywords, c.metadata.classification_ipc AS classification_ipc, c.metadata.publication_date AS publication_date FROM c WHERE (EXISTS (SELECT VALUE 1 FROM fi IN c.metadata.classification_fi WHERE STARTSWITH(fi, @fi_pref, true)) OR EXISTS (SELECT VALUE 1 FROM ft IN c.metadata.f_term WHERE STARTSWITH(ft, @ft_pref, true)) ) AND (CONTAINS(c.metadata.title, @kw, true) OR CONTAINS(c.summary, @kw, true) OR EXISTS (SELECT VALUE 1 FROM cl IN c.claims WHERE CONTAINS(cl.text, @kw, true))) | params: {""fi_pref"": ""A63F7"", ""ft_pref"": ""2C333AA"", ""kw"": ""遊技性""} || [balanced fi_pref=A63F7 ft_pref=2C088EA kw=遊技性] SELECT c.metadata.patent_id AS patent_id, c.metadata.title AS title, c.metadata.classification_fi AS classification_fi, c.metadata.f_term AS f_term, c.summary AS summary, c.claims AS claims, c.metadata.keywords AS doc_keywords, c.metadata.classification_ipc AS classification_ipc, c.metadata.publication_date AS publication_date FROM c WHERE (EXISTS (SELECT VALUE 1 FROM fi IN c.metadata.classification_fi WHERE STARTSWITH(fi, @fi_pref, true)) OR EXISTS (SELECT VALUE 1 FROM ft IN c.metadata.f_term WHERE STARTSWITH(ft, @ft_pref, true)) ) AND (CONTAINS(c.metadata.title, @kw, true) OR CONTAINS(c.summary, @kw, true) OR EXISTS (SELECT VALUE 1 FROM cl IN c.claims WHERE CONTAINS(cl.text, @kw, true))) | params: {""fi_pref"": ""A63F7"", ""ft_pref"": ""2C088EA"", ""kw"": ""遊技性""} || [balanced fi_pref=A63F7 ft_pref=2C333EA kw=遊技性] SELECT c.metadata.patent_id AS patent_id, c.metadata.title AS title, c.metadata.classification_fi AS classification_fi, c.metadata.f_term AS f_term, c.summary AS summary, c.claims AS claims, c.metadata.keywords AS doc_keywords, c.metadata.classification_ipc AS classification_ipc, c.metadata.publication_date AS publication_date FROM c WHERE (EXISTS (SELECT VALUE 1 FROM fi IN c.metadata.classification_fi WHERE STARTSWITH(fi, @fi_pref, true)) OR EXISTS (SELECT VALUE 1 FROM ft IN c.metadata.f_term WHERE STARTSWITH(ft, @ft_pref, true)) ) AND (CONTAINS(c.metadata.title, @kw, true) OR CONTAINS(c.summary, @kw, true) OR EXISTS (SELECT VALUE 1 FROM cl IN c.claims WHERE CONTAINS(cl.text, @kw, true))) | params: {""fi_pref"": ""A63F7"", ""ft_pref"": ""2C333EA"", ""kw"": ""遊技性""}"
2017018210,22,遊技機,20170126,"[balanced fi_pref=A63F7 ft_pref=2C333AA kw=遊技性] SELECT c.metadata.patent_id AS patent_id, c.metadata.title AS title, c.metadata.classification_fi AS classification_fi, c.metadata.f_term AS f_term, c.summary AS summary, c.claims AS claims, c.metadata.keywords AS doc_keywords, c.metadata.classification_ipc AS classification_ipc, c.metadata.publication_date AS publication_date FROM c WHERE (EXISTS (SELECT VALUE 1 FROM fi IN c.metadata.classification_fi WHERE STARTSWITH(fi, @fi_pref, true)) OR EXISTS (SELECT VALUE 1 FROM ft IN c.metadata.f_term WHERE STARTSWITH(ft, @ft_pref, true)) ) AND (CONTAINS(c.metadata.title, @kw, true) OR CONTAINS(c.summary, @kw, true) OR EXISTS (SELECT VALUE 1 FROM cl IN c.claims WHERE CONTAINS(cl.text, @kw, true))) | params: {""fi_pref"": ""A63F7"", ""ft_pref"": ""2C333AA"", ""kw"": ""遊技性""} || [balanced fi_pref=A63F7 ft_pref=2C088EA kw=遊技性] SELECT c.metadata.patent_id AS patent_id, c.metadata.title AS title, c.metadata.classification_fi AS classification_fi, c.metadata.f_term AS f_term, c.summary AS summary, c.claims AS claims, c.metadata.keywords AS doc_keywords, c.metadata.classification_ipc AS classification_ipc, c.metadata.publication_date AS publication_date FROM c WHERE (EXISTS (SELECT VALUE 1 FROM fi IN c.metadata.classification_fi WHERE STARTSWITH(fi, @fi_pref, true)) OR EXISTS (SELECT VALUE 1 FROM ft IN c.metadata.f_term WHERE STARTSWITH(ft, @ft_pref, true)) ) AND (CONTAINS(c.metadata.title, @kw, true) OR CONTAINS(c.summary, @kw, true) OR EXISTS (SELECT VALUE 1 FROM cl IN c.claims WHERE CONTAINS(cl.text, @kw, true))) | params: {""fi_pref"": ""A63F7"", ""ft_pref"": ""2C088EA"", ""kw"": ""遊技性""} || [balanced fi_pref=A63F7 ft_pref=2C333EA kw=遊技性] SELECT c.metadata.patent_id AS patent_id, c.metadata.title AS title, c.metadata.classification_fi AS classification_fi, c.metadata.f_term AS f_term, c.summary AS summary, c.claims AS claims, c.metadata.keywords AS doc_keywords, c.metadata.classification_ipc AS classification_ipc, c.metadata.publication_date AS publication_date FROM c WHERE (EXISTS (SELECT VALUE 1 FROM fi IN c.metadata.classification_fi WHERE STARTSWITH(fi, @fi_pref, true)) OR EXISTS (SELECT VALUE 1 FROM ft IN c.metadata.f_term WHERE STARTSWITH(ft, @ft_pref, true)) ) AND (CONTAINS(c.metadata.title, @kw, true) OR CONTAINS(c.summary, @kw, true) OR EXISTS (SELECT VALUE 1 FROM cl IN c.claims WHERE CONTAINS(cl.text, @kw, true))) | params: {""fi_pref"": ""A63F7"", ""ft_pref"": ""2C333EA"", ""kw"": ""遊技性""}"
2019171146,22,遊技機,20191010,"[broad fi_pref=A63F7 ft_pref=2C333AA kw=遊技進行状態] SELECT c.metadata.patent_id AS patent_id, c.metadata.title AS title, c.metadata.classification_fi AS classification_fi, c.metadata.f_term AS f_term, c.summary AS summary, c.claims AS claims, c.metadata.keywords AS doc_keywords, c.metadata.classification_ipc AS classification_ipc, c.metadata.publication_date AS publication_date FROM c WHERE EXISTS (SELECT VALUE 1 FROM fi IN c.metadata.classification_fi WHERE STARTSWITH(fi, @fi_pref, true)) OR EXISTS (SELECT VALUE 1 FROM ft IN c.metadata.f_term WHERE STARTSWITH(ft, @ft_pref, true)) OR CONTAINS(c.metadata.title, @kw, true) | params: {""fi_pref"": ""A63F7"", ""ft_pref"": ""2C333AA"", ""kw"": ""遊技進行状態""}"
2019198749,22,弾球遊技機,20191121,"[broad fi_pref=A63F7 ft_pref=2C333AA kw=遊技進行状態] SELECT c.metadata.patent_id AS patent_id, c.metadata.title AS title, c.metadata.classification_fi AS classification_fi, c.metadata.f_term AS f_term, c.summary AS summary, c.claims AS claims, c.metadata.keywords AS doc_keywords, c.metadata.classification_ipc AS classification_ipc, c.metadata.publication_date AS publication_date FROM c WHERE EXISTS (SELECT VALUE 1 FROM fi IN c.metadata.classification_fi WHERE STARTSWITH(fi, @fi_pref, true)) OR EXISTS (SELECT VALUE 1 FROM ft IN c.metadata.f_term WHERE STARTSWITH(ft, @ft_pref, true)) OR CONTAINS(c.metadata.title, @kw, true) | params: {""fi_pref"": ""A63F7"", ""ft_pref"": ""2C333AA"", ""kw"": ""遊技進行状態""}"
2021037136,22,弾球遊技機,20210311,"[broad fi_pref=A63F7 ft_pref=2C333AA kw=遊技進行状態] SELECT c.metadata.patent_id AS patent_id, c.metadata.title AS title, c.metadata.classification_fi AS classification_fi, c.metadata.f_term AS f_term, c.summary AS summary, c.claims AS claims, c.metadata.keywords AS doc_keywords, c.metadata.classification_ipc AS classification_ipc, c.metadata.publication_date AS publication_date FROM c WHERE EXISTS (SELECT VALUE 1 FROM fi IN c.metadata.classification_fi WHERE STARTSWITH(fi, @fi_pref, true)) OR EXISTS (SELECT VALUE 1 FROM ft IN c.metadata.f_term WHERE STARTSWITH(ft, @ft_pref, true)) OR CONTAINS(c.metadata.title, @kw, true) | params: {""fi_pref"": ""A63F7"", ""ft_pref"": ""2C333AA"", ""kw"": ""遊技進行状態""}"
2021019776,22,遊技機,20210218,"[broad fi_pref=A63F7 ft_pref=2C333AA kw=遊技進行状態] SELECT c.metadata.patent_id AS patent_id, c.metadata.title AS title, c.metadata.classification_fi AS classification_fi, c.metadata.f_term AS f_term, c.summary AS summary, c.claims AS claims, c.metadata.keywords AS doc_keywords, c.metadata.classification_ipc AS classification_ipc, c.metadata.publication_date AS publication_date FROM c WHERE EXISTS (SELECT VALUE 1 FROM fi IN c.metadata.classification_fi WHERE STARTSWITH(fi, @fi_pref, true)) OR EXISTS (SELECT VALUE 1 FROM ft IN c.metadata.f_term WHERE STARTSWITH(ft, @ft_pref, true)) OR CONTAINS(c.metadata.title, @kw, true) | params: {""fi_pref"": ""A63F7"", ""ft_pref"": ""2C333AA"", ""kw"": ""遊技進行状態""}"
2019217368,22,遊技機,20191226,"[broad fi_pref=A63F7 ft_pref=2C333AA kw=遊技進行状態] SELECT c.metadata.patent_id AS patent_id, c.metadata.title AS title, c.metadata.classification_fi AS classification_fi, c.metadata.f_term AS f_term, c.summary AS summary, c.claims AS claims, c.metadata.keywords AS doc_keywords, c.metadata.classification_ipc AS classification_ipc, c.metadata.publication_date AS publication_date FROM c WHERE EXISTS (SELECT VALUE 1 FROM fi IN c.metadata.classification_fi WHERE STARTSWITH(fi, @fi_pref, true)) OR EXISTS (SELECT VALUE 1 FROM ft IN c.metadata.f_term WHERE STARTSWITH(ft, @ft_pref, true)) OR CONTAINS(c.metadata.title, @kw, true) | params: {""fi_pref"": ""A63F7"", ""ft_pref"": ""2C333AA"", ""kw"": ""遊技進行状態""}"
2019150702,22,遊技機,20190912,"[broad fi_pref=A63F7 ft_pref=2C333AA kw=遊技進行状態] SELECT c.metadata.patent_id AS patent_id, c.metadata.title AS title, c.metadata.classification_fi AS classification_fi, c.metadata.f_term AS f_term, c.summary AS summary, c.claims AS claims, c.metadata.keywords AS doc_keywords, c.metadata.classification_ipc AS classification_ipc, c.metadata.publication_date AS publication_date FROM c WHERE EXISTS (SELECT VALUE 1 FROM fi IN c.metadata.classification_fi WHERE STARTSWITH(fi, @fi_pref, true)) OR EXISTS (SELECT VALUE 1 FROM ft IN c.metadata.f_term WHERE STARTSWITH(ft, @ft_pref, true)) OR CONTAINS(c.metadata.title, @kw, true) | params: {""fi_pref"": ""A63F7"", ""ft_pref"": ""2C333AA"", ""kw"": ""遊技進行状態""}"
2019181254,22,遊技機,20191024,"[broad fi_pref=A63F7 ft_pref=2C333AA kw=遊技進行状態] SELECT c.metadata.patent_id AS patent_id, c.metadata.title AS title, c.metadata.classification_fi AS classification_fi, c.metadata.f_term AS f_term, c.summary AS summary, c.claims AS claims, c.metadata.keywords AS doc_keywords, c.metadata.classification_ipc AS classification_ipc, c.metadata.publication_date AS publication_date FROM c WHERE EXISTS (SELECT VALUE 1 FROM fi IN c.metadata.classification_fi WHERE STARTSWITH(fi, @fi_pref, true)) OR EXISTS (SELECT VALUE 1 FROM ft IN c.metadata.f_term WHERE STARTSWITH(ft, @ft_pref, true)) OR CONTAINS(c.metadata.title, @kw, true) | params: {""fi_pref"": ""A63F7"", ""ft_pref"": ""2C333AA"", ""kw"": ""遊技進行状態""}"
2021052952,20,遊技台,20210408,"[broad fi_pref=A63F7 ft_pref=2C333AA kw=遊技進行状態] SELECT c.metadata.patent_id AS patent_id, c.metadata.title AS title, c.metadata.classification_fi AS classification_fi, c.metadata.f_term AS f_term, c.summary AS summary, c.claims AS claims, c.metadata.keywords AS doc_keywords, c.metadata.classification_ipc AS classification_ipc, c.metadata.publication_date AS publication_date FROM c WHERE EXISTS (SELECT VALUE 1 FROM fi IN c.metadata.classification_fi WHERE STARTSWITH(fi, @fi_pref, true)) OR EXISTS (SELECT VALUE 1 FROM ft IN c.metadata.f_term WHERE STARTSWITH(ft, @ft_pref, true)) OR CONTAINS(c.metadata.title, @kw, true) | params: {""fi_pref"": ""A63F7"", ""ft_pref"": ""2C333AA"", ""kw"": ""遊技進行状態""}"
2010036045,19,遊技機,20100218,"[balanced fi_pref=A63F7 ft_pref=2C333AA kw=遊技性] SELECT c.metadata.patent_id AS patent_id, c.metadata.title AS title, c.metadata.classification_fi AS classification_fi, c.metadata.f_term AS f_term, c.summary AS summary, c.claims AS claims, c.metadata.keywords AS doc_keywords, c.metadata.classification_ipc AS classification_ipc, c.metadata.publication_date AS publication_date FROM c WHERE (EXISTS (SELECT VALUE 1 FROM fi IN c.metadata.classification_fi WHERE STARTSWITH(fi, @fi_pref, true)) OR EXISTS (SELECT VALUE 1 FROM ft IN c.metadata.f_term WHERE STARTSWITH(ft, @ft_pref, true)) ) AND (CONTAINS(c.metadata.title, @kw, true) OR CONTAINS(c.summary, @kw, true) OR EXISTS (SELECT VALUE 1 FROM cl IN c.claims WHERE CONTAINS(cl.text, @kw, true))) | params: {""fi_pref"": ""A63F7"", ""ft_pref"": ""2C333AA"", ""kw"": ""遊技性""} || [balanced fi_pref=A63F7 ft_pref=2C088EA kw=遊技性] SELECT c.metadata.patent_id AS patent_id, c.metadata.title AS title, c.metadata.classification_fi AS classification_fi, c.metadata.f_term AS f_term, c.summary AS summary, c.claims AS claims, c.metadata.keywords AS doc_keywords, c.metadata.classification_ipc AS classification_ipc, c.metadata.publication_date AS publication_date FROM c WHERE (EXISTS (SELECT VALUE 1 FROM fi IN c.metadata.classification_fi WHERE STARTSWITH(fi, @fi_pref, true)) OR EXISTS (SELECT VALUE 1 FROM ft IN c.metadata.f_term WHERE STARTSWITH(ft, @ft_pref, true)) ) AND (CONTAINS(c.metadata.title, @kw, true) OR CONTAINS(c.summary, @kw, true) OR EXISTS (SELECT VALUE 1 FROM cl IN c.claims WHERE CONTAINS(cl.text, @kw, true))) | params: {""fi_pref"": ""A63F7"", ""ft_pref"": ""2C088EA"", ""kw"": ""遊技性""} || [balanced fi_pref=A63F7 ft_pref=2C333EA kw=遊技性] SELECT c.metadata.patent_id AS patent_id, c.metadata.title AS title, c.metadata.classification_fi AS classification_fi, c.metadata.f_term AS f_term, c.summary AS summary, c.claims AS claims, c.metadata.keywords AS doc_keywords, c.metadata.classification_ipc AS classification_ipc, c.metadata.publication_date AS publication_date FROM c WHERE (EXISTS (SELECT VALUE 1 FROM fi IN c.metadata.classification_fi WHERE STARTSWITH(fi, @fi_pref, true)) OR EXISTS (SELECT VALUE 1 FROM ft IN c.metadata.f_term WHERE STARTSWITH(ft, @ft_pref, true)) ) AND (CONTAINS(c.metadata.title, @kw, true) OR CONTAINS(c.summary, @kw, true) OR EXISTS (SELECT VALUE 1 FROM cl IN c.claims WHERE CONTAINS(cl.text, @kw, true))) | params: {""fi_pref"": ""A63F7"", ""ft_pref"": ""2C333EA"", ""kw"": ""遊技性""}"
2017012321,19,遊技機,20170119,"[balanced fi_pref=A63F7 ft_pref=2C333AA kw=遊技性] SELECT c.metadata.patent_id AS patent_id, c.metadata.title AS title, c.metadata.classification_fi AS classification_fi, c.metadata.f_term AS f_term, c.summary AS summary, c.claims AS claims, c.metadata.keywords AS doc_keywords, c.metadata.classification_ipc AS classification_ipc, c.metadata.publication_date AS publication_date FROM c WHERE (EXISTS (SELECT VALUE 1 FROM fi IN c.metadata.classification_fi WHERE STARTSWITH(fi, @fi_pref, true)) OR EXISTS (SELECT VALUE 1 FROM ft IN c.metadata.f_term WHERE STARTSWITH(ft, @ft_pref, true)) ) AND (CONTAINS(c.metadata.title, @kw, true) OR CONTAINS(c.summary, @kw, true) OR EXISTS (SELECT VALUE 1 FROM cl IN c.claims WHERE CONTAINS(cl.text, @kw, true))) | params: {""fi_pref"": ""A63F7"", ""ft_pref"": ""2C333AA"", ""kw"": ""遊技性""} || [balanced fi_pref=A63F7 ft_pref=2C088EA kw=遊技性] SELECT c.metadata.patent_id AS patent_id, c.metadata.title AS title, c.metadata.classification_fi AS classification_fi, c.metadata.f_term AS f_term, c.summary AS summary, c.claims AS claims, c.metadata.keywords AS doc_keywords, c.metadata.classification_ipc AS classification_ipc, c.metadata.publication_date AS publication_date FROM c WHERE (EXISTS (SELECT VALUE 1 FROM fi IN c.metadata.classification_fi WHERE STARTSWITH(fi, @fi_pref, true)) OR EXISTS (SELECT VALUE 1 FROM ft IN c.metadata.f_term WHERE STARTSWITH(ft, @ft_pref, true)) ) AND (CONTAINS(c.metadata.title, @kw, true) OR CONTAINS(c.summary, @kw, true) OR EXISTS (SELECT VALUE 1 FROM cl IN c.claims WHERE CONTAINS(cl.text, @kw, true))) | params: {""fi_pref"": ""A63F7"", ""ft_pref"": ""2C088EA"", ""kw"": ""遊技性""} || [balanced fi_pref=A63F7 ft_pref=2C333EA kw=遊技性] SELECT c.metadata.patent_id AS patent_id, c.metadata.title AS title, c.metadata.classification_fi AS classification_fi, c.metadata.f_term AS f_term, c.summary AS summary, c.claims AS claims, c.metadata.keywords AS doc_keywords, c.metadata.classification_ipc AS classification_ipc, c.metadata.publication_date AS publication_date FROM c WHERE (EXISTS (SELECT VALUE 1 FROM fi IN c.metadata.classification_fi WHERE STARTSWITH(fi, @fi_pref, true)) OR EXISTS (SELECT VALUE 1 FROM ft IN c.metadata.f_term WHERE STARTSWITH(ft, @ft_pref, true)) ) AND (CONTAINS(c.metadata.title, @kw, true) OR CONTAINS(c.summary, @kw, true) OR EXISTS (SELECT VALUE 1 FROM cl IN c.claims WHERE CONTAINS(cl.text, @kw, true))) | params: {""fi_pref"": ""A63F7"", ""ft_pref"": ""2C333EA"", ""kw"": ""遊技性""}"
2010029499,18,弾球遊技機,20100212,"[balanced fi_pref=A63F7 ft_pref=2C333AA kw=遊技性] SELECT c.metadata.patent_id AS patent_id, c.metadata.title AS title, c.metadata.classification_fi AS classification_fi, c.metadata.f_term AS f_term, c.summary AS summary, c.claims AS claims, c.metadata.keywords AS doc_keywords, c.metadata.classification_ipc AS classification_ipc, c.metadata.publication_date AS publication_date FROM c WHERE (EXISTS (SELECT VALUE 1 FROM fi IN c.metadata.classification_fi WHERE STARTSWITH(fi, @fi_pref, true)) OR EXISTS (SELECT VALUE 1 FROM ft IN c.metadata.f_term WHERE STARTSWITH(ft, @ft_pref, true)) ) AND (CONTAINS(c.metadata.title, @kw, true) OR CONTAINS(c.summary, @kw, true) OR EXISTS (SELECT VALUE 1 FROM cl IN c.claims WHERE CONTAINS(cl.text, @kw, true))) | params: {""fi_pref"": ""A63F7"", ""ft_pref"": ""2C333AA"", ""kw"": ""遊技性""} || [balanced fi_pref=A63F7 ft_pref=2C088EA kw=遊技性] SELECT c.metadata.patent_id AS patent_id, c.metadata.title AS title, c.metadata.classification_fi AS classification_fi, c.metadata.f_term AS f_term, c.summary AS summary, c.claims AS claims, c.metadata.keywords AS doc_keywords, c.metadata.classification_ipc AS classification_ipc, c.metadata.publication_date AS publication_date FROM c WHERE (EXISTS (SELECT VALUE 1 FROM fi IN c.metadata.classification_fi WHERE STARTSWITH(fi, @fi_pref, true)) OR EXISTS (SELECT VALUE 1 FROM ft IN c.metadata.f_term WHERE STARTSWITH(ft, @ft_pref, true)) ) AND (CONTAINS(c.metadata.title, @kw, true) OR CONTAINS(c.summary, @kw, true) OR EXISTS (SELECT VALUE 1 FROM cl IN c.claims WHERE CONTAINS(cl.text, @kw, true))) | params: {""fi_pref"": ""A63F7"", ""ft_pref"": ""2C088EA"", ""kw"": ""遊技性""} || [balanced fi_pref=A63F7 ft_pref=2C333EA kw=遊技性] SELECT c.metadata.patent_id AS patent_id, c.metadata.title AS title, c.metadata.classification_fi AS classification_fi, c.metadata.f_term AS f_term, c.summary AS summary, c.claims AS claims, c.metadata.keywords AS doc_keywords, c.metadata.classification_ipc AS classification_ipc, c.metadata.publication_date AS publication_date FROM c WHERE (EXISTS (SELECT VALUE 1 FROM fi IN c.metadata.classification_fi WHERE STARTSWITH(fi, @fi_pref, true)) OR EXISTS (SELECT VALUE 1 FROM ft IN c.metadata.f_term WHERE STARTSWITH(ft, @ft_pref, true)) ) AND (CONTAINS(c.metadata.title, @kw, true) OR CONTAINS(c.summary, @kw, true) OR EXISTS (SELECT VALUE 1 FROM cl IN c.claims WHERE CONTAINS(cl.text, @kw, true))) | params: {""fi_pref"": ""A63F7"", ""ft_pref"": ""2C333EA"", ""kw"": ""遊技性""}"
2010178967,18,遊技台,20100819,"[balanced fi_pref=A63F7 ft_pref=2C333AA kw=遊技性] SELECT c.metadata.patent_id AS patent_id, c.metadata.title AS title, c.metadata.classification_fi AS classification_fi, c.metadata.f_term AS f_term, c.summary AS summary, c.claims AS claims, c.metadata.keywords AS doc_keywords, c.metadata.classification_ipc AS classification_ipc, c.metadata.publication_date AS publication_date FROM c WHERE (EXISTS (SELECT VALUE 1 FROM fi IN c.metadata.classification_fi WHERE STARTSWITH(fi, @fi_pref, true)) OR EXISTS (SELECT VALUE 1 FROM ft IN c.metadata.f_term WHERE STARTSWITH(ft, @ft_pref, true)) ) AND (CONTAINS(c.metadata.title, @kw, true) OR CONTAINS(c.summary, @kw, true) OR EXISTS (SELECT VALUE 1 FROM cl IN c.claims WHERE CONTAINS(cl.text, @kw, true))) | params: {""fi_pref"": ""A63F7"", ""ft_pref"": ""2C333AA"", ""kw"": ""遊技性""} || [balanced fi_pref=A63F7 ft_pref=2C088EA kw=遊技性] SELECT c.metadata.patent_id AS patent_id, c.metadata.title AS title, c.metadata.classification_fi AS classification_fi, c.metadata.f_term AS f_term, c.summary AS summary, c.claims AS claims, c.metadata.keywords AS doc_keywords, c.metadata.classification_ipc AS classification_ipc, c.metadata.publication_date AS publication_date FROM c WHERE (EXISTS (SELECT VALUE 1 FROM fi IN c.metadata.classification_fi WHERE STARTSWITH(fi, @fi_pref, true)) OR EXISTS (SELECT VALUE 1 FROM ft IN c.metadata.f_term WHERE STARTSWITH(ft, @ft_pref, true)) ) AND (CONTAINS(c.metadata.title, @kw, true) OR CONTAINS(c.summary, @kw, true) OR EXISTS (SELECT VALUE 1 FROM cl IN c.claims WHERE CONTAINS(cl.text, @kw, true))) | params: {""fi_pref"": ""A63F7"", ""ft_pref"": ""2C088EA"", ""kw"": ""遊技性""} || [balanced fi_pref=A63F7 ft_pref=2C333EA kw=遊技性] SELECT c.metadata.patent_id AS patent_id, c.metadata.title AS title, c.metadata.classification_fi AS classification_fi, c.metadata.f_term AS f_term, c.summary AS summary, c.claims AS claims, c.metadata.keywords AS doc_keywords, c.metadata.classification_ipc AS classification_ipc, c.metadata.publication_date AS publication_date FROM c WHERE (EXISTS (SELECT VALUE 1 FROM fi IN c.metadata.classification_fi WHERE STARTSWITH(fi, @fi_pref, true)) OR EXISTS (SELECT VALUE 1 FROM ft IN c.metadata.f_term WHERE STARTSWITH(ft, @ft_pref, true)) ) AND (CONTAINS(c.metadata.title, @kw, true) OR CONTAINS(c.summary, @kw, true) OR EXISTS (SELECT VALUE 1 FROM cl IN c.claims WHERE CONTAINS(cl.text, @kw, true))) | params: {""fi_pref"": ""A63F7"", ""ft_pref"": ""2C333EA"", ""kw"": ""遊技性""}"
2010172628,18,遊技機,20100812,"[balanced fi_pref=A63F7 ft_pref=2C333AA kw=遊技性] SELECT c.metadata.patent_id AS patent_id, c.metadata.title AS title, c.metadata.classification_fi AS classification_fi, c.metadata.f_term AS f_term, c.summary AS summary, c.claims AS claims, c.metadata.keywords AS doc_keywords, c.metadata.classification_ipc AS classification_ipc, c.metadata.publication_date AS publication_date FROM c WHERE (EXISTS (SELECT VALUE 1 FROM fi IN c.metadata.classification_fi WHERE STARTSWITH(fi, @fi_pref, true)) OR EXISTS (SELECT VALUE 1 FROM ft IN c.metadata.f_term WHERE STARTSWITH(ft, @ft_pref, true)) ) AND (CONTAINS(c.metadata.title, @kw, true) OR CONTAINS(c.summary, @kw, true) OR EXISTS (SELECT VALUE 1 FROM cl IN c.claims WHERE CONTAINS(cl.text, @kw, true))) | params: {""fi_pref"": ""A63F7"", ""ft_pref"": ""2C333AA"", ""kw"": ""遊技性""} || [balanced fi_pref=A63F7 ft_pref=2C088EA kw=遊技性] SELECT c.metadata.patent_id AS patent_id, c.metadata.title AS title, c.metadata.classification_fi AS classification_fi, c.metadata.f_term AS f_term, c.summary AS summary, c.claims AS claims, c.metadata.keywords AS doc_keywords, c.metadata.classification_ipc AS classification_ipc, c.metadata.publication_date AS publication_date FROM c WHERE (EXISTS (SELECT VALUE 1 FROM fi IN c.metadata.classification_fi WHERE STARTSWITH(fi, @fi_pref, true)) OR EXISTS (SELECT VALUE 1 FROM ft IN c.metadata.f_term WHERE STARTSWITH(ft, @ft_pref, true)) ) AND (CONTAINS(c.metadata.title, @kw, true) OR CONTAINS(c.summary, @kw, true) OR EXISTS (SELECT VALUE 1 FROM cl IN c.claims WHERE CONTAINS(cl.text, @kw, true))) | params: {""fi_pref"": ""A63F7"", ""ft_pref"": ""2C088EA"", ""kw"": ""遊技性""} || [balanced fi_pref=A63F7 ft_pref=2C333EA kw=遊技性] SELECT c.metadata.patent_id AS patent_id, c.metadata.title AS title, c.metadata.classification_fi AS classification_fi, c.metadata.f_term AS f_term, c.summary AS summary, c.claims AS claims, c.metadata.keywords AS doc_keywords, c.metadata.classification_ipc AS classification_ipc, c.metadata.publication_date AS publication_date FROM c WHERE (EXISTS (SELECT VALUE 1 FROM fi IN c.metadata.classification_fi WHERE STARTSWITH(fi, @fi_pref, true)) OR EXISTS (SELECT VALUE 1 FROM ft IN c.metadata.f_term WHERE STARTSWITH(ft, @ft_pref, true)) ) AND (CONTAINS(c.metadata.title, @kw, true) OR CONTAINS(c.summary, @kw, true) OR EXISTS (SELECT VALUE 1 FROM cl IN c.claims WHERE CONTAINS(cl.text, @kw, true))) | params: {""fi_pref"": ""A63F7"", ""ft_pref"": ""2C333EA"", ""kw"": ""遊技性""}"
2010115476,18,遊技台,20100527,"[balanced fi_pref=A63F7 ft_pref=2C333AA kw=遊技性] SELECT c.metadata.patent_id AS patent_id, c.metadata.title AS title, c.metadata.classification_fi AS classification_fi, c.metadata.f_term AS f_term, c.summary AS summary, c.claims AS claims, c.metadata.keywords AS doc_keywords, c.metadata.classification_ipc AS classification_ipc, c.metadata.publication_date AS publication_date FROM c WHERE (EXISTS (SELECT VALUE 1 FROM fi IN c.metadata.classification_fi WHERE STARTSWITH(fi, @fi_pref, true)) OR EXISTS (SELECT VALUE 1 FROM ft IN c.metadata.f_term WHERE STARTSWITH(ft, @ft_pref, true)) ) AND (CONTAINS(c.metadata.title, @kw, true) OR CONTAINS(c.summary, @kw, true) OR EXISTS (SELECT VALUE 1 FROM cl IN c.claims WHERE CONTAINS(cl.text, @kw, true))) | params: {""fi_pref"": ""A63F7"", ""ft_pref"": ""2C333AA"", ""kw"": ""遊技性""} || [balanced fi_pref=A63F7 ft_pref=2C088EA kw=遊技性] SELECT c.metadata.patent_id AS patent_id, c.metadata.title AS title, c.metadata.classification_fi AS classification_fi, c.metadata.f_term AS f_term, c.summary AS summary, c.claims AS claims, c.metadata.keywords AS doc_keywords, c.metadata.classification_ipc AS classification_ipc, c.metadata.publication_date AS publication_date FROM c WHERE (EXISTS (SELECT VALUE 1 FROM fi IN c.metadata.classification_fi WHERE STARTSWITH(fi, @fi_pref, true)) OR EXISTS (SELECT VALUE 1 FROM ft IN c.metadata.f_term WHERE STARTSWITH(ft, @ft_pref, true)) ) AND (CONTAINS(c.metadata.title, @kw, true) OR CONTAINS(c.summary, @kw, true) OR EXISTS (SELECT VALUE 1 FROM cl IN c.claims WHERE CONTAINS(cl.text, @kw, true))) | params: {""fi_pref"": ""A63F7"", ""ft_pref"": ""2C088EA"", ""kw"": ""遊技性""} || [balanced fi_pref=A63F7 ft_pref=2C333EA kw=遊技性] SELECT c.metadata.patent_id AS patent_id, c.metadata.title AS title, c.metadata.classification_fi AS classification_fi, c.metadata.f_term AS f_term, c.summary AS summary, c.claims AS claims, c.metadata.keywords AS doc_keywords, c.metadata.classification_ipc AS classification_ipc, c.metadata.publication_date AS publication_date FROM c WHERE (EXISTS (SELECT VALUE 1 FROM fi IN c.metadata.classification_fi WHERE STARTSWITH(fi, @fi_pref, true)) OR EXISTS (SELECT VALUE 1 FROM ft IN c.metadata.f_term WHERE STARTSWITH(ft, @ft_pref, true)) ) AND (CONTAINS(c.metadata.title, @kw, true) OR CONTAINS(c.summary, @kw, true) OR EXISTS (SELECT VALUE 1 FROM cl IN c.claims WHERE CONTAINS(cl.text, @kw, true))) | params: {""fi_pref"": ""A63F7"", ""ft_pref"": ""2C333EA"", ""kw"": ""遊技性""}"
2010063668,18,弾球遊技機,20100325,"[balanced fi_pref=A63F7 ft_pref=2C333AA kw=遊技性] SELECT c.metadata.patent_id AS patent_id, c.metadata.title AS title, c.metadata.classification_fi AS classification_fi, c.metadata.f_term AS f_term, c.summary AS summary, c.claims AS claims, c.metadata.keywords AS doc_keywords, c.metadata.classification_ipc AS classification_ipc, c.metadata.publication_date AS publication_date FROM c WHERE (EXISTS (SELECT VALUE 1 FROM fi IN c.metadata.classification_fi WHERE STARTSWITH(fi, @fi_pref, true)) OR EXISTS (SELECT VALUE 1 FROM ft IN c.metadata.f_term WHERE STARTSWITH(ft, @ft_pref, true)) ) AND (CONTAINS(c.metadata.title, @kw, true) OR CONTAINS(c.summary, @kw, true) OR EXISTS (SELECT VALUE 1 FROM cl IN c.claims WHERE CONTAINS(cl.text, @kw, true))) | params: {""fi_pref"": ""A63F7"", ""ft_pref"": ""2C333AA"", ""kw"": ""遊技性""} || [balanced fi_pref=A63F7 ft_pref=2C088EA kw=遊技性] SELECT c.metadata.patent_id AS patent_id, c.metadata.title AS title, c.metadata.classification_fi AS classification_fi, c.metadata.f_term AS f_term, c.summary AS summary, c.claims AS claims, c.metadata.keywords AS doc_keywords, c.metadata.classification_ipc AS classification_ipc, c.metadata.publication_date AS publication_date FROM c WHERE (EXISTS (SELECT VALUE 1 FROM fi IN c.metadata.classification_fi WHERE STARTSWITH(fi, @fi_pref, true)) OR EXISTS (SELECT VALUE 1 FROM ft IN c.metadata.f_term WHERE STARTSWITH(ft, @ft_pref, true)) ) AND (CONTAINS(c.metadata.title, @kw, true) OR CONTAINS(c.summary, @kw, true) OR EXISTS (SELECT VALUE 1 FROM cl IN c.claims WHERE CONTAINS(cl.text, @kw, true))) | params: {""fi_pref"": ""A63F7"", ""ft_pref"": ""2C088EA"", ""kw"": ""遊技性""} || [balanced fi_pref=A63F7 ft_pref=2C333EA kw=遊技性] SELECT c.metadata.patent_id AS patent_id, c.metadata.title AS title, c.metadata.classification_fi AS classification_fi, c.metadata.f_term AS f_term, c.summary AS summary, c.claims AS claims, c.metadata.keywords AS doc_keywords, c.metadata.classification_ipc AS classification_ipc, c.metadata.publication_date AS publication_date FROM c WHERE (EXISTS (SELECT VALUE 1 FROM fi IN c.metadata.classification_fi WHERE STARTSWITH(fi, @fi_pref, true)) OR EXISTS (SELECT VALUE 1 FROM ft IN c.metadata.f_term WHERE STARTSWITH(ft, @ft_pref, true)) ) AND (CONTAINS(c.metadata.title, @kw, true) OR CONTAINS(c.summary, @kw, true) OR EXISTS (SELECT VALUE 1 FROM cl IN c.claims WHERE CONTAINS(cl.text, @kw, true))) | params: {""fi_pref"": ""A63F7"", ""ft_pref"": ""2C333EA"", ""kw"": ""遊技性""}"
2021006128,18,遊技機,20210121,"[broad fi_pref=A63F7 ft_pref=2C333AA kw=遊技進行状態] SELECT c.metadata.patent_id AS patent_id, c.metadata.title AS title, c.metadata.classification_fi AS classification_fi, c.metadata.f_term AS f_term, c.summary AS summary, c.claims AS claims, c.metadata.keywords AS doc_keywords, c.metadata.classification_ipc AS classification_ipc, c.metadata.publication_date AS publication_date FROM c WHERE EXISTS (SELECT VALUE 1 FROM fi IN c.metadata.classification_fi WHERE STARTSWITH(fi, @fi_pref, true)) OR EXISTS (SELECT VALUE 1 FROM ft IN c.metadata.f_term WHERE STARTSWITH(ft, @ft_pref, true)) OR CONTAINS(c.metadata.title, @kw, true) | params: {""fi_pref"": ""A63F7"", ""ft_pref"": ""2C333AA"", ""kw"": ""遊技進行状態""}"
2010094394,17,遊技台,20100430,"[balanced fi_pref=A63F7 ft_pref=2C333AA kw=遊技性] SELECT c.metadata.patent_id AS patent_id, c.metadata.title AS title, c.metadata.classification_fi AS classification_fi, c.metadata.f_term AS f_term, c.summary AS summary, c.claims AS claims, c.metadata.keywords AS doc_keywords, c.metadata.classification_ipc AS classification_ipc, c.metadata.publication_date AS publication_date FROM c WHERE (EXISTS (SELECT VALUE 1 FROM fi IN c.metadata.classification_fi WHERE STARTSWITH(fi, @fi_pref, true)) OR EXISTS (SELECT VALUE 1 FROM ft IN c.metadata.f_term WHERE STARTSWITH(ft, @ft_pref, true)) ) AND (CONTAINS(c.metadata.title, @kw, true) OR CONTAINS(c.summary, @kw, true) OR EXISTS (SELECT VALUE 1 FROM cl IN c.claims WHERE CONTAINS(cl.text, @kw, true))) | params: {""fi_pref"": ""A63F7"", ""ft_pref"": ""2C333AA"", ""kw"": ""遊技性""} || [balanced fi_pref=A63F7 ft_pref=2C088EA kw=遊技性] SELECT c.metadata.patent_id AS patent_id, c.metadata.title AS title, c.metadata.classification_fi AS classification_fi, c.metadata.f_term AS f_term, c.summary AS summary, c.claims AS claims, c.metadata.keywords AS doc_keywords, c.metadata.classification_ipc AS classification_ipc, c.metadata.publication_date AS publication_date FROM c WHERE (EXISTS (SELECT VALUE 1 FROM fi IN c.metadata.classification_fi WHERE STARTSWITH(fi, @fi_pref, true)) OR EXISTS (SELECT VALUE 1 FROM ft IN c.metadata.f_term WHERE STARTSWITH(ft, @ft_pref, true)) ) AND (CONTAINS(c.metadata.title, @kw, true) OR CONTAINS(c.summary, @kw, true) OR EXISTS (SELECT VALUE 1 FROM cl IN c.claims WHERE CONTAINS(cl.text, @kw, true))) | params: {""fi_pref"": ""A63F7"", ""ft_pref"": ""2C088EA"", ""kw"": ""遊技性""} || [balanced fi_pref=A63F7 ft_pref=2C333EA kw=遊技性] SELECT c.metadata.patent_id AS patent_id, c.metadata.title AS title, c.metadata.classification_fi AS classification_fi, c.metadata.f_term AS f_term, c.summary AS summary, c.claims AS claims, c.metadata.keywords AS doc_keywords, c.metadata.classification_ipc AS classification_ipc, c.metadata.publication_date AS publication_date FROM c WHERE (EXISTS (SELECT VALUE 1 FROM fi IN c.metadata.classification_fi WHERE STARTSWITH(fi, @fi_pref, true)) OR EXISTS (SELECT VALUE 1 FROM ft IN c.metadata.f_term WHERE STARTSWITH(ft, @ft_pref, true)) ) AND (CONTAINS(c.metadata.title, @kw, true) OR CONTAINS(c.summary, @kw, true) OR EXISTS (SELECT VALUE 1 FROM cl IN c.claims WHERE CONTAINS(cl.text, @kw, true))) | params: {""fi_pref"": ""A63F7"", ""ft_pref"": ""2C333EA"", ""kw"": ""遊技性""}"
2020115987,16,ぱちんこ遊技機,20200806,"[balanced fi_pref=A63F7 ft_pref=2C333AA kw=遊技進行状態] SELECT c.metadata.patent_id AS patent_id, c.metadata.title AS title, c.metadata.classification_fi AS classification_fi, c.metadata.f_term AS f_term, c.summary AS summary, c.claims AS claims, c.metadata.keywords AS doc_keywords, c.metadata.classification_ipc AS classification_ipc, c.metadata.publication_date AS publication_date FROM c WHERE (EXISTS (SELECT VALUE 1 FROM fi IN c.metadata.classification_fi WHERE STARTSWITH(fi, @fi_pref, true)) OR EXISTS (SELECT VALUE 1 FROM ft IN c.metadata.f_term WHERE STARTSWITH(ft, @ft_pref, true)) ) AND (CONTAINS(c.metadata.title, @kw, true) OR CONTAINS(c.summary, @kw, true) OR EXISTS (SELECT VALUE 1 FROM cl IN c.claims WHERE CONTAINS(cl.text, @kw, true))) | params: {""fi_pref"": ""A63F7"", ""ft_pref"": ""2C333AA"", ""kw"": ""遊技進行状態""} || [balanced fi_pref=A63F7 ft_pref=2C088EA kw=遊技進行状態] SELECT c.metadata.patent_id AS patent_id, c.metadata.title AS title, c.metadata.classification_fi AS classification_fi, c.metadata.f_term AS f_term, c.summary AS summary, c.claims AS claims, c.metadata.keywords AS doc_keywords, c.metadata.classification_ipc AS classification_ipc, c.metadata.publication_date AS publication_date FROM c WHERE (EXISTS (SELECT VALUE 1 FROM fi IN c.metadata.classification_fi WHERE STARTSWITH(fi, @fi_pref, true)) OR EXISTS (SELECT VALUE 1 FROM ft IN c.metadata.f_term WHERE STARTSWITH(ft, @ft_pref, true)) ) AND (CONTAINS(c.metadata.title, @kw, true) OR CONTAINS(c.summary, @kw, true) OR EXISTS (SELECT VALUE 1 FROM cl IN c.claims WHERE CONTAINS(cl.text, @kw, true))) | params: {""fi_pref"": ""A63F7"", ""ft_pref"": ""2C088EA"", ""kw"": ""遊技進行状態""} || [balanced fi_pref=A63F7 ft_pref=2C333EA kw=遊技進行状態] SELECT c.metadata.patent_id AS patent_id, c.metadata.title AS title, c.metadata.classification_fi AS classification_fi, c.metadata.f_term AS f_term, c.summary AS summary, c.claims AS claims, c.metadata.keywords AS doc_keywords, c.metadata.classification_ipc AS classification_ipc, c.metadata.publication_date AS publication_date FROM c WHERE (EXISTS (SELECT VALUE 1 FROM fi IN c.metadata.classification_fi WHERE STARTSWITH(fi, @fi_pref, true)) OR EXISTS (SELECT VALUE 1 FROM ft IN c.metadata.f_term WHERE STARTSWITH(ft, @ft_pref, true)) ) AND (CONTAINS(c.metadata.title, @kw, true) OR CONTAINS(c.summary, @kw, true) OR EXISTS (SELECT VALUE 1 FROM cl IN c.claims WHERE CONTAINS(cl.text, @kw, true))) | params: {""fi_pref"": ""A63F7"", ""ft_pref"": ""2C333EA"", ""kw"": ""遊技進行状態""}"
2021023372,16,遊技機,20210222,"[balanced fi_pref=A63F7 ft_pref=2C333AA kw=遊技性] SELECT c.metadata.patent_id AS patent_id, c.metadata.title AS title, c.metadata.classification_fi AS classification_fi, c.metadata.f_term AS f_term, c.summary AS summary, c.claims AS claims, c.metadata.keywords AS doc_keywords, c.metadata.classification_ipc AS classification_ipc, c.metadata.publication_date AS publication_date FROM c WHERE (EXISTS (SELECT VALUE 1 FROM fi IN c.metadata.classification_fi WHERE STARTSWITH(fi, @fi_pref, true)) OR EXISTS (SELECT VALUE 1 FROM ft IN c.metadata.f_term WHERE STARTSWITH(ft, @ft_pref, true)) ) AND (CONTAINS(c.metadata.title, @kw, true) OR CONTAINS(c.summary, @kw, true) OR EXISTS (SELECT VALUE 1 FROM cl IN c.claims WHERE CONTAINS(cl.text, @kw, true))) | params: {""fi_pref"": ""A63F7"", ""ft_pref"": ""2C333AA"", ""kw"": ""遊技性""} || [balanced fi_pref=A63F7 ft_pref=2C088EA kw=遊技性] SELECT c.metadata.patent_id AS patent_id, c.metadata.title AS title, c.metadata.classification_fi AS classification_fi, c.metadata.f_term AS f_term, c.summary AS summary, c.claims AS claims, c.metadata.keywords AS doc_keywords, c.metadata.classification_ipc AS classification_ipc, c.metadata.publication_date AS publication_date FROM c WHERE (EXISTS (SELECT VALUE 1 FROM fi IN c.metadata.classification_fi WHERE STARTSWITH(fi, @fi_pref, true)) OR EXISTS (SELECT VALUE 1 FROM ft IN c.metadata.f_term WHERE STARTSWITH(ft, @ft_pref, true)) ) AND (CONTAINS(c.metadata.title, @kw, true) OR CONTAINS(c.summary, @kw, true) OR EXISTS (SELECT VALUE 1 FROM cl IN c.claims WHERE CONTAINS(cl.text, @kw, true))) | params: {""fi_pref"": ""A63F7"", ""ft_pref"": ""2C088EA"", ""kw"": ""遊技性""} || [balanced fi_pref=A63F7 ft_pref=2C333EA kw=遊技性] SELECT c.metadata.patent_id AS patent_id, c.metadata.title AS title, c.metadata.classification_fi AS classification_fi, c.metadata.f_term AS f_term, c.summary AS summary, c.claims AS claims, c.metadata.keywords AS doc_keywords, c.metadata.classification_ipc AS classification_ipc, c.metadata.publication_date AS publication_date FROM c WHERE (EXISTS (SELECT VALUE 1 FROM fi IN c.metadata.classification_fi WHERE STARTSWITH(fi, @fi_pref, true)) OR EXISTS (SELECT VALUE 1 FROM ft IN c.metadata.f_term WHERE STARTSWITH(ft, @ft_pref, true)) ) AND (CONTAINS(c.metadata.title, @kw, true) OR CONTAINS(c.summary, @kw, true) OR EXISTS (SELECT VALUE 1 FROM cl IN c.claims WHERE CONTAINS(cl.text, @kw, true))) | params: {""fi_pref"": ""A63F7"", ""ft_pref"": ""2C333EA"", ""kw"": ""遊技性""}"
2021153765,16,遊技機,20211007,"[balanced fi_pref=A63F7 ft_pref=2C333AA kw=遊技性] SELECT c.metadata.patent_id AS patent_id, c.metadata.title AS title, c.metadata.classification_fi AS classification_fi, c.metadata.f_term AS f_term, c.summary AS summary, c.claims AS claims, c.metadata.keywords AS doc_keywords, c.metadata.classification_ipc AS classification_ipc, c.metadata.publication_date AS publication_date FROM c WHERE (EXISTS (SELECT VALUE 1 FROM fi IN c.metadata.classification_fi WHERE STARTSWITH(fi, @fi_pref, true)) OR EXISTS (SELECT VALUE 1 FROM ft IN c.metadata.f_term WHERE STARTSWITH(ft, @ft_pref, true)) ) AND (CONTAINS(c.metadata.title, @kw, true) OR CONTAINS(c.summary, @kw, true) OR EXISTS (SELECT VALUE 1 FROM cl IN c.claims WHERE CONTAINS(cl.text, @kw, true))) | params: {""fi_pref"": ""A63F7"", ""ft_pref"": ""2C333AA"", ""kw"": ""遊技性""} || [balanced fi_pref=A63F7 ft_pref=2C088EA kw=遊技性] SELECT c.metadata.patent_id AS patent_id, c.metadata.title AS title, c.metadata.classification_fi AS classification_fi, c.metadata.f_term AS f_term, c.summary AS summary, c.claims AS claims, c.metadata.keywords AS doc_keywords, c.metadata.classification_ipc AS classification_ipc, c.metadata.publication_date AS publication_date FROM c WHERE (EXISTS (SELECT VALUE 1 FROM fi IN c.metadata.classification_fi WHERE STARTSWITH(fi, @fi_pref, true)) OR EXISTS (SELECT VALUE 1 FROM ft IN c.metadata.f_term WHERE STARTSWITH(ft, @ft_pref, true)) ) AND (CONTAINS(c.metadata.title, @kw, true) OR CONTAINS(c.summary, @kw, true) OR EXISTS (SELECT VALUE 1 FROM cl IN c.claims WHERE CONTAINS(cl.text, @kw, true))) | params: {""fi_pref"": ""A63F7"", ""ft_pref"": ""2C088EA"", ""kw"": ""遊技性""} || [balanced fi_pref=A63F7 ft_pref=2C333EA kw=遊技性] SELECT c.metadata.patent_id AS patent_id, c.metadata.title AS title, c.metadata.classification_fi AS classification_fi, c.metadata.f_term AS f_term, c.summary AS summary, c.claims AS claims, c.metadata.keywords AS doc_keywords, c.metadata.classification_ipc AS classification_ipc, c.metadata.publication_date AS publication_date FROM c WHERE (EXISTS (SELECT VALUE 1 FROM fi IN c.metadata.classification_fi WHERE STARTSWITH(fi, @fi_pref, true)) OR EXISTS (SELECT VALUE 1 FROM ft IN c.metadata.f_term WHERE STARTSWITH(ft, @ft_pref, true)) ) AND (CONTAINS(c.metadata.title, @kw, true) OR CONTAINS(c.summary, @kw, true) OR EXISTS (SELECT VALUE 1 FROM cl IN c.claims WHERE CONTAINS(cl.text, @kw, true))) | params: {""fi_pref"": ""A63F7"", ""ft_pref"": ""2C333EA"", ""kw"": ""遊技性""}"
2017093524,15,ぱちんこ遊技機,20170601,"[balanced fi_pref=A63F7 ft_pref=2C333AA kw=遊技進行状態] SELECT c.metadata.patent_id AS patent_id, c.metadata.title AS title, c.metadata.classification_fi AS classification_fi, c.metadata.f_term AS f_term, c.summary AS summary, c.claims AS claims, c.metadata.keywords AS doc_keywords, c.metadata.classification_ipc AS classification_ipc, c.metadata.publication_date AS publication_date FROM c WHERE (EXISTS (SELECT VALUE 1 FROM fi IN c.metadata.classification_fi WHERE STARTSWITH(fi, @fi_pref, true)) OR EXISTS (SELECT VALUE 1 FROM ft IN c.metadata.f_term WHERE STARTSWITH(ft, @ft_pref, true)) ) AND (CONTAINS(c.metadata.title, @kw, true) OR CONTAINS(c.summary, @kw, true) OR EXISTS (SELECT VALUE 1 FROM cl IN c.claims WHERE CONTAINS(cl.text, @kw, true))) | params: {""fi_pref"": ""A63F7"", ""ft_pref"": ""2C333AA"", ""kw"": ""遊技進行状態""} || [balanced fi_pref=A63F7 ft_pref=2C333AA kw=遊技性] SELECT c.metadata.patent_id AS patent_id, c.metadata.title AS title, c.metadata.classification_fi AS classification_fi, c.metadata.f_term AS f_term, c.summary AS summary, c.claims AS claims, c.metadata.keywords AS doc_keywords, c.metadata.classification_ipc AS classification_ipc, c.metadata.publication_date AS publication_date FROM c WHERE (EXISTS (SELECT VALUE 1 FROM fi IN c.metadata.classification_fi WHERE STARTSWITH(fi, @fi_pref, true)) OR EXISTS (SELECT VALUE 1 FROM ft IN c.metadata.f_term WHERE STARTSWITH(ft, @ft_pref, true)) ) AND (CONTAINS(c.metadata.title, @kw, true) OR CONTAINS(c.summary, @kw, true) OR EXISTS (SELECT VALUE 1 FROM cl IN c.claims WHERE CONTAINS(cl.text, @kw, true))) | params: {""fi_pref"": ""A63F7"", ""ft_pref"": ""2C333AA"", ""kw"": ""遊技性""} || [balanced fi_pref=A63F7 ft_pref=2C088EA kw=遊技進行状態] SELECT c.metadata.patent_id AS patent_id, c.metadata.title AS title, c.metadata.classification_fi AS classification_fi, c.metadata.f_term AS f_term, c.summary AS summary, c.claims AS claims, c.metadata.keywords AS doc_keywords, c.metadata.classification_ipc AS classification_ipc, c.metadata.publication_date AS publication_date FROM c WHERE (EXISTS (SELECT VALUE 1 FROM fi IN c.metadata.classification_fi WHERE STARTSWITH(fi, @fi_pref, true)) OR EXISTS (SELECT VALUE 1 FROM ft IN c.metadata.f_term WHERE STARTSWITH(ft, @ft_pref, true)) ) AND (CONTAINS(c.metadata.title, @kw, true) OR CONTAINS(c.summary, @kw, true) OR EXISTS (SELECT VALUE 1 FROM cl IN c.claims WHERE CONTAINS(cl.text, @kw, true))) | params: {""fi_pref"": ""A63F7"", ""ft_pref"": ""2C088EA"", ""kw"": ""遊技進行状態""} || [balanced fi_pref=A63F7 ft_pref=2C088EA kw=遊技性] SELECT c.metadata.patent_id AS patent_id, c.metadata.title AS title, c.metadata.classification_fi AS classification_fi, c.metadata.f_term AS f_term, c.summary AS summary, c.claims AS claims, c.metadata.keywords AS doc_keywords, c.metadata.classification_ipc AS classification_ipc, c.metadata.publication_date AS publication_date FROM c WHERE (EXISTS (SELECT VALUE 1 FROM fi IN c.metadata.classification_fi WHERE STARTSWITH(fi, @fi_pref, true)) OR EXISTS (SELECT VALUE 1 FROM ft IN c.metadata.f_term WHERE STARTSWITH(ft, @ft_pref, true)) ) AND (CONTAINS(c.metadata.title, @kw, true) OR CONTAINS(c.summary, @kw, true) OR EXISTS (SELECT VALUE 1 FROM cl IN c.claims WHERE CONTAINS(cl.text, @kw, true))) | params: {""fi_pref"": ""A63F7"", ""ft_pref"": ""2C088EA"", ""kw"": ""遊技性""} || [balanced fi_pref=A63F7 ft_pref=2C333EA kw=遊技進行状態] SELECT c.metadata.patent_id AS patent_id, c.metadata.title AS title, c.metadata.classification_fi AS classification_fi, c.metadata.f_term AS f_term, c.summary AS summary, c.claims AS claims, c.metadata.keywords AS doc_keywords, c.metadata.classification_ipc AS classification_ipc, c.metadata.publication_date AS publication_date FROM c WHERE (EXISTS (SELECT VALUE 1 FROM fi IN c.metadata.classification_fi WHERE STARTSWITH(fi, @fi_pref, true)) OR EXISTS (SELECT VALUE 1 FROM ft IN c.metadata.f_term WHERE STARTSWITH(ft, @ft_pref, true)) ) AND (CONTAINS(c.metadata.title, @kw, true) OR CONTAINS(c.summary, @kw, true) OR EXISTS (SELECT VALUE 1 FROM cl IN c.claims WHERE CONTAINS(cl.text, @kw, true))) | params: {""fi_pref"": ""A63F7"", ""ft_pref"": ""2C333EA"", ""kw"": ""遊技進行状態""} || [balanced fi_pref=A63F7 ft_pref=2C333EA kw=遊技性] SELECT c.metadata.patent_id AS patent_id, c.metadata.title AS title, c.metadata.classification_fi AS classification_fi, c.metadata.f_term AS f_term, c.summary AS summary, c.claims AS claims, c.metadata.keywords AS doc_keywords, c.metadata.classification_ipc AS classification_ipc, c.metadata.publication_date AS publication_date FROM c WHERE (EXISTS (SELECT VALUE 1 FROM fi IN c.metadata.classification_fi WHERE STARTSWITH(fi, @fi_pref, true)) OR EXISTS (SELECT VALUE 1 FROM ft IN c.metadata.f_term WHERE STARTSWITH(ft, @ft_pref, true)) ) AND (CONTAINS(c.metadata.title, @kw, true) OR CONTAINS(c.summary, @kw, true) OR EXISTS (SELECT VALUE 1 FROM cl IN c.claims WHERE CONTAINS(cl.text, @kw, true))) | params: {""fi_pref"": ""A63F7"", ""ft_pref"": ""2C333EA"", ""kw"": ""遊技性""}"
2017099647,15,ぱちんこ遊技機,20170608,"[balanced fi_pref=A63F7 ft_pref=2C333AA kw=遊技進行状態] SELECT c.metadata.patent_id AS patent_id, c.metadata.title AS title, c.metadata.classification_fi AS classification_fi, c.metadata.f_term AS f_term, c.summary AS summary, c.claims AS claims, c.metadata.keywords AS doc_keywords, c.metadata.classification_ipc AS classification_ipc, c.metadata.publication_date AS publication_date FROM c WHERE (EXISTS (SELECT VALUE 1 FROM fi IN c.metadata.classification_fi WHERE STARTSWITH(fi, @fi_pref, true)) OR EXISTS (SELECT VALUE 1 FROM ft IN c.metadata.f_term WHERE STARTSWITH(ft, @ft_pref, true)) ) AND (CONTAINS(c.metadata.title, @kw, true) OR CONTAINS(c.summary, @kw, true) OR EXISTS (SELECT VALUE 1 FROM cl IN c.claims WHERE CONTAINS(cl.text, @kw, true))) | params: {""fi_pref"": ""A63F7"", ""ft_pref"": ""2C333AA"", ""kw"": ""遊技進行状態""} || [balanced fi_pref=A63F7 ft_pref=2C088EA kw=遊技進行状態] SELECT c.metadata.patent_id AS patent_id, c.metadata.title AS title, c.metadata.classification_fi AS classification_fi, c.metadata.f_term AS f_term, c.summary AS summary, c.claims AS claims, c.metadata.keywords AS doc_keywords, c.metadata.classification_ipc AS classification_ipc, c.metadata.publication_date AS publication_date FROM c WHERE (EXISTS (SELECT VALUE 1 FROM fi IN c.metadata.classification_fi WHERE STARTSWITH(fi, @fi_pref, true)) OR EXISTS (SELECT VALUE 1 FROM ft IN c.metadata.f_term WHERE STARTSWITH(ft, @ft_pref, true)) ) AND (CONTAINS(c.metadata.title, @kw, true) OR CONTAINS(c.summary, @kw, true) OR EXISTS (SELECT VALUE 1 FROM cl IN c.claims WHERE CONTAINS(cl.text, @kw, true))) | params: {""fi_pref"": ""A63F7"", ""ft_pref"": ""2C088EA"", ""kw"": ""遊技進行状態""} || [balanced fi_pref=A63F7 ft_pref=2C333EA kw=遊技進行状態] SELECT c.metadata.patent_id AS patent_id, c.metadata.title AS title, c.metadata.classification_fi AS classification_fi, c.metadata.f_term AS f_term, c.summary AS summary, c.claims AS claims, c.metadata.keywords AS doc_keywords, c.metadata.classification_ipc AS classification_ipc, c.metadata.publication_date AS publication_date FROM c WHERE (EXISTS (SELECT VALUE 1 FROM fi IN c.metadata.classification_fi WHERE STARTSWITH(fi, @fi_pref, true)) OR EXISTS (SELECT VALUE 1 FROM ft IN c.metadata.f_term WHERE STARTSWITH(ft, @ft_pref, true)) ) AND (CONTAINS(c.metadata.title, @kw, true) OR CONTAINS(c.summary, @kw, true) OR EXISTS (SELECT VALUE 1 FROM cl IN c.claims WHERE CONTAINS(cl.text, @kw, true))) | params: {""fi_pref"": ""A63F7"", ""ft_pref"": ""2C333EA"", ""kw"": ""遊技進行状態""}"
2017018361,15,ぱちんこ遊技機,20170126,"[balanced fi_pref=A63F7 ft_pref=2C333AA kw=遊技進行状態] SELECT c.metadata.patent_id AS patent_id, c.metadata.title AS title, c.metadata.classification_fi AS classification_fi, c.metadata.f_term AS f_term, c.summary AS summary, c.claims AS claims, c.metadata.keywords AS doc_keywords, c.metadata.classification_ipc AS classification_ipc, c.metadata.publication_date AS publication_date FROM c WHERE (EXISTS (SELECT VALUE 1 FROM fi IN c.metadata.classification_fi WHERE STARTSWITH(fi, @fi_pref, true)) OR EXISTS (SELECT VALUE 1 FROM ft IN c.metadata.f_term WHERE STARTSWITH(ft, @ft_pref, true)) ) AND (CONTAINS(c.metadata.title, @kw, true) OR CONTAINS(c.summary, @kw, true) OR EXISTS (SELECT VALUE 1 FROM cl IN c.claims WHERE CONTAINS(cl.text, @kw, true))) | params: {""fi_pref"": ""A63F7"", ""ft_pref"": ""2C333AA"", ""kw"": ""遊技進行状態""} || [balanced fi_pref=A63F7 ft_pref=2C088EA kw=遊技進行状態] SELECT c.metadata.patent_id AS patent_id, c.metadata.title AS title, c.metadata.classification_fi AS classification_fi, c.metadata.f_term AS f_term, c.summary AS summary, c.claims AS claims, c.metadata.keywords AS doc_keywords, c.metadata.classification_ipc AS classification_ipc, c.metadata.publication_date AS publication_date FROM c WHERE (EXISTS (SELECT VALUE 1 FROM fi IN c.metadata.classification_fi WHERE STARTSWITH(fi, @fi_pref, true)) OR EXISTS (SELECT VALUE 1 FROM ft IN c.metadata.f_term WHERE STARTSWITH(ft, @ft_pref, true)) ) AND (CONTAINS(c.metadata.title, @kw, true) OR CONTAINS(c.summary, @kw, true) OR EXISTS (SELECT VALUE 1 FROM cl IN c.claims WHERE CONTAINS(cl.text, @kw, true))) | params: {""fi_pref"": ""A63F7"", ""ft_pref"": ""2C088EA"", ""kw"": ""遊技進行状態""} || [balanced fi_pref=A63F7 ft_pref=2C333EA kw=遊技進行状態] SELECT c.metadata.patent_id AS patent_id, c.metadata.title AS title, c.metadata.classification_fi AS classification_fi, c.metadata.f_term AS f_term, c.summary AS summary, c.claims AS claims, c.metadata.keywords AS doc_keywords, c.metadata.classification_ipc AS classification_ipc, c.metadata.publication_date AS publication_date FROM c WHERE (EXISTS (SELECT VALUE 1 FROM fi IN c.metadata.classification_fi WHERE STARTSWITH(fi, @fi_pref, true)) OR EXISTS (SELECT VALUE 1 FROM ft IN c.metadata.f_term WHERE STARTSWITH(ft, @ft_pref, true)) ) AND (CONTAINS(c.metadata.title, @kw, true) OR CONTAINS(c.summary, @kw, true) OR EXISTS (SELECT VALUE 1 FROM cl IN c.claims WHERE CONTAINS(cl.text, @kw, true))) | params: {""fi_pref"": ""A63F7"", ""ft_pref"": ""2C333EA"", ""kw"": ""遊技進行状態""}"
2017099652,15,ぱちんこ遊技機,20170608,"[balanced fi_pref=A63F7 ft_pref=2C333AA kw=遊技進行状態] SELECT c.metadata.patent_id AS patent_id, c.metadata.title AS title, c.metadata.classification_fi AS classification_fi, c.metadata.f_term AS f_term, c.summary AS summary, c.claims AS claims, c.metadata.keywords AS doc_keywords, c.metadata.classification_ipc AS classification_ipc, c.metadata.publication_date AS publication_date FROM c WHERE (EXISTS (SELECT VALUE 1 FROM fi IN c.metadata.classification_fi WHERE STARTSWITH(fi, @fi_pref, true)) OR EXISTS (SELECT VALUE 1 FROM ft IN c.metadata.f_term WHERE STARTSWITH(ft, @ft_pref, true)) ) AND (CONTAINS(c.metadata.title, @kw, true) OR CONTAINS(c.summary, @kw, true) OR EXISTS (SELECT VALUE 1 FROM cl IN c.claims WHERE CONTAINS(cl.text, @kw, true))) | params: {""fi_pref"": ""A63F7"", ""ft_pref"": ""2C333AA"", ""kw"": ""遊技進行状態""} || [balanced fi_pref=A63F7 ft_pref=2C088EA kw=遊技進行状態] SELECT c.metadata.patent_id AS patent_id, c.metadata.title AS title, c.metadata.classification_fi AS classification_fi, c.metadata.f_term AS f_term, c.summary AS summary, c.claims AS claims, c.metadata.keywords AS doc_keywords, c.metadata.classification_ipc AS classification_ipc, c.metadata.publication_date AS publication_date FROM c WHERE (EXISTS (SELECT VALUE 1 FROM fi IN c.metadata.classification_fi WHERE STARTSWITH(fi, @fi_pref, true)) OR EXISTS (SELECT VALUE 1 FROM ft IN c.metadata.f_term WHERE STARTSWITH(ft, @ft_pref, true)) ) AND (CONTAINS(c.metadata.title, @kw, true) OR CONTAINS(c.summary, @kw, true) OR EXISTS (SELECT VALUE 1 FROM cl IN c.claims WHERE CONTAINS(cl.text, @kw, true))) | params: {""fi_pref"": ""A63F7"", ""ft_pref"": ""2C088EA"", ""kw"": ""遊技進行状態""} || [balanced fi_pref=A63F7 ft_pref=2C333EA kw=遊技進行状態] SELECT c.metadata.patent_id AS patent_id, c.metadata.title AS title, c.metadata.classification_fi AS classification_fi, c.metadata.f_term AS f_term, c.summary AS summary, c.claims AS claims, c.metadata.keywords AS doc_keywords, c.metadata.classification_ipc AS classification_ipc, c.metadata.publication_date AS publication_date FROM c WHERE (EXISTS (SELECT VALUE 1 FROM fi IN c.metadata.classification_fi WHERE STARTSWITH(fi, @fi_pref, true)) OR EXISTS (SELECT VALUE 1 FROM ft IN c.metadata.f_term WHERE STARTSWITH(ft, @ft_pref, true)) ) AND (CONTAINS(c.metadata.title, @kw, true) OR CONTAINS(c.summary, @kw, true) OR EXISTS (SELECT VALUE 1 FROM cl IN c.claims WHERE CONTAINS(cl.text, @kw, true))) | params: {""fi_pref"": ""A63F7"", ""ft_pref"": ""2C333EA"", ""kw"": ""遊技進行状態""}"
2018191792,15,ぱちんこ遊技機,20181206,"[balanced fi_pref=A63F7 ft_pref=2C333AA kw=遊技進行状態] SELECT c.metadata.patent_id AS patent_id, c.metadata.title AS title, c.metadata.classification_fi AS classification_fi, c.metadata.f_term AS f_term, c.summary AS summary, c.claims AS claims, c.metadata.keywords AS doc_keywords, c.metadata.classification_ipc AS classification_ipc, c.metadata.publication_date AS publication_date FROM c WHERE (EXISTS (SELECT VALUE 1 FROM fi IN c.metadata.classification_fi WHERE STARTSWITH(fi, @fi_pref, true)) OR EXISTS (SELECT VALUE 1 FROM ft IN c.metadata.f_term WHERE STARTSWITH(ft, @ft_pref, true)) ) AND (CONTAINS(c.metadata.title, @kw, true) OR CONTAINS(c.summary, @kw, true) OR EXISTS (SELECT VALUE 1 FROM cl IN c.claims WHERE CONTAINS(cl.text, @kw, true))) | params: {""fi_pref"": ""A63F7"", ""ft_pref"": ""2C333AA"", ""kw"": ""遊技進行状態""} || [balanced fi_pref=A63F7 ft_pref=2C088EA kw=遊技進行状態] SELECT c.metadata.patent_id AS patent_id, c.metadata.title AS title, c.metadata.classification_fi AS classification_fi, c.metadata.f_term AS f_term, c.summary AS summary, c.claims AS claims, c.metadata.keywords AS doc_keywords, c.metadata.classification_ipc AS classification_ipc, c.metadata.publication_date AS publication_date FROM c WHERE (EXISTS (SELECT VALUE 1 FROM fi IN c.metadata.classification_fi WHERE STARTSWITH(fi, @fi_pref, true)) OR EXISTS (SELECT VALUE 1 FROM ft IN c.metadata.f_term WHERE STARTSWITH(ft, @ft_pref, true)) ) AND (CONTAINS(c.metadata.title, @kw, true) OR CONTAINS(c.summary, @kw, true) OR EXISTS (SELECT VALUE 1 FROM cl IN c.claims WHERE CONTAINS(cl.text, @kw, true))) | params: {""fi_pref"": ""A63F7"", ""ft_pref"": ""2C088EA"", ""kw"": ""遊技進行状態""} || [balanced fi_pref=A63F7 ft_pref=2C333EA kw=遊技進行状態] SELECT c.metadata.patent_id AS patent_id, c.metadata.title AS title, c.metadata.classification_fi AS classification_fi, c.metadata.f_term AS f_term, c.summary AS summary, c.claims AS claims, c.metadata.keywords AS doc_keywords, c.metadata.classification_ipc AS classification_ipc, c.metadata.publication_date AS publication_date FROM c WHERE (EXISTS (SELECT VALUE 1 FROM fi IN c.metadata.classification_fi WHERE STARTSWITH(fi, @fi_pref, true)) OR EXISTS (SELECT VALUE 1 FROM ft IN c.metadata.f_term WHERE STARTSWITH(ft, @ft_pref, true)) ) AND (CONTAINS(c.metadata.title, @kw, true) OR CONTAINS(c.summary, @kw, true) OR EXISTS (SELECT VALUE 1 FROM cl IN c.claims WHERE CONTAINS(cl.text, @kw, true))) | params: {""fi_pref"": ""A63F7"", ""ft_pref"": ""2C333EA"", ""kw"": ""遊技進行状態""}"
2017029342,15,ぱちんこ遊技機,20170209,"[balanced fi_pref=A63F7 ft_pref=2C333AA kw=遊技進行状態] SELECT c.metadata.patent_id AS patent_id, c.metadata.title AS title, c.metadata.classification_fi AS classification_fi, c.metadata.f_term AS f_term, c.summary AS summary, c.claims AS claims, c.metadata.keywords AS doc_keywords, c.metadata.classification_ipc AS classification_ipc, c.metadata.publication_date AS publication_date FROM c WHERE (EXISTS (SELECT VALUE 1 FROM fi IN c.metadata.classification_fi WHERE STARTSWITH(fi, @fi_pref, true)) OR EXISTS (SELECT VALUE 1 FROM ft IN c.metadata.f_term WHERE STARTSWITH(ft, @ft_pref, true)) ) AND (CONTAINS(c.metadata.title, @kw, true) OR CONTAINS(c.summary, @kw, true) OR EXISTS (SELECT VALUE 1 FROM cl IN c.claims WHERE CONTAINS(cl.text, @kw, true))) | params: {""fi_pref"": ""A63F7"", ""ft_pref"": ""2C333AA"", ""kw"": ""遊技進行状態""} || [balanced fi_pref=A63F7 ft_pref=2C088EA kw=遊技進行状態] SELECT c.metadata.patent_id AS patent_id, c.metadata.title AS title, c.metadata.classification_fi AS classification_fi, c.metadata.f_term AS f_term, c.summary AS summary, c.claims AS claims, c.metadata.keywords AS doc_keywords, c.metadata.classification_ipc AS classification_ipc, c.metadata.publication_date AS publication_date FROM c WHERE (EXISTS (SELECT VALUE 1 FROM fi IN c.metadata.classification_fi WHERE STARTSWITH(fi, @fi_pref, true)) OR EXISTS (SELECT VALUE 1 FROM ft IN c.metadata.f_term WHERE STARTSWITH(ft, @ft_pref, true)) ) AND (CONTAINS(c.metadata.title, @kw, true) OR CONTAINS(c.summary, @kw, true) OR EXISTS (SELECT VALUE 1 FROM cl IN c.claims WHERE CONTAINS(cl.text, @kw, true))) | params: {""fi_pref"": ""A63F7"", ""ft_pref"": ""2C088EA"", ""kw"": ""遊技進行状態""} || [balanced fi_pref=A63F7 ft_pref=2C333EA kw=遊技進行状態] SELECT c.metadata.patent_id AS patent_id, c.metadata.title AS title, c.metadata.classification_fi AS classification_fi, c.metadata.f_term AS f_term, c.summary AS summary, c.claims AS claims, c.metadata.keywords AS doc_keywords, c.metadata.classification_ipc AS classification_ipc, c.metadata.publication_date AS publication_date FROM c WHERE (EXISTS (SELECT VALUE 1 FROM fi IN c.metadata.classification_fi WHERE STARTSWITH(fi, @fi_pref, true)) OR EXISTS (SELECT VALUE 1 FROM ft IN c.metadata.f_term WHERE STARTSWITH(ft, @ft_pref, true)) ) AND (CONTAINS(c.metadata.title, @kw, true) OR CONTAINS(c.summary, @kw, true) OR EXISTS (SELECT VALUE 1 FROM cl IN c.claims WHERE CONTAINS(cl.text, @kw, true))) | params: {""fi_pref"": ""A63F7"", ""ft_pref"": ""2C333EA"", ""kw"": ""遊技進行状態""}"
2017140329,15,ぱちんこ遊技機,20170817,"[balanced fi_pref=A63F7 ft_pref=2C333AA kw=遊技進行状態] SELECT c.metadata.patent_id AS patent_id, c.metadata.title AS title, c.metadata.classification_fi AS classification_fi, c.metadata.f_term AS f_term, c.summary AS summary, c.claims AS claims, c.metadata.keywords AS doc_keywords, c.metadata.classification_ipc AS classification_ipc, c.metadata.publication_date AS publication_date FROM c WHERE (EXISTS (SELECT VALUE 1 FROM fi IN c.metadata.classification_fi WHERE STARTSWITH(fi, @fi_pref, true)) OR EXISTS (SELECT VALUE 1 FROM ft IN c.metadata.f_term WHERE STARTSWITH(ft, @ft_pref, true)) ) AND (CONTAINS(c.metadata.title, @kw, true) OR CONTAINS(c.summary, @kw, true) OR EXISTS (SELECT VALUE 1 FROM cl IN c.claims WHERE CONTAINS(cl.text, @kw, true))) | params: {""fi_pref"": ""A63F7"", ""ft_pref"": ""2C333AA"", ""kw"": ""遊技進行状態""} || [balanced fi_pref=A63F7 ft_pref=2C088EA kw=遊技進行状態] SELECT c.metadata.patent_id AS patent_id, c.metadata.title AS title, c.metadata.classification_fi AS classification_fi, c.metadata.f_term AS f_term, c.summary AS summary, c.claims AS claims, c.metadata.keywords AS doc_keywords, c.metadata.classification_ipc AS classification_ipc, c.metadata.publication_date AS publication_date FROM c WHERE (EXISTS (SELECT VALUE 1 FROM fi IN c.metadata.classification_fi WHERE STARTSWITH(fi, @fi_pref, true)) OR EXISTS (SELECT VALUE 1 FROM ft IN c.metadata.f_term WHERE STARTSWITH(ft, @ft_pref, true)) ) AND (CONTAINS(c.metadata.title, @kw, true) OR CONTAINS(c.summary, @kw, true) OR EXISTS (SELECT VALUE 1 FROM cl IN c.claims WHERE CONTAINS(cl.text, @kw, true))) | params: {""fi_pref"": ""A63F7"", ""ft_pref"": ""2C088EA"", ""kw"": ""遊技進行状態""} || [balanced fi_pref=A63F7 ft_pref=2C333EA kw=遊技進行状態] SELECT c.metadata.patent_id AS patent_id, c.metadata.title AS title, c.metadata.classification_fi AS classification_fi, c.metadata.f_term AS f_term, c.summary AS summary, c.claims AS claims, c.metadata.keywords AS doc_keywords, c.metadata.classification_ipc AS classification_ipc, c.metadata.publication_date AS publication_date FROM c WHERE (EXISTS (SELECT VALUE 1 FROM fi IN c.metadata.classification_fi WHERE STARTSWITH(fi, @fi_pref, true)) OR EXISTS (SELECT VALUE 1 FROM ft IN c.metadata.f_term WHERE STARTSWITH(ft, @ft_pref, true)) ) AND (CONTAINS(c.metadata.title, @kw, true) OR CONTAINS(c.summary, @kw, true) OR EXISTS (SELECT VALUE 1 FROM cl IN c.claims WHERE CONTAINS(cl.text, @kw, true))) | params: {""fi_pref"": ""A63F7"", ""ft_pref"": ""2C333EA"", ""kw"": ""遊技進行状態""}"
2019042231,15,遊技機,20190322,"[balanced fi_pref=A63F7 ft_pref=2C333AA kw=遊技進行状態] SELECT c.metadata.patent_id AS patent_id, c.metadata.title AS title, c.metadata.classification_fi AS classification_fi, c.metadata.f_term AS f_term, c.summary AS summary, c.claims AS claims, c.metadata.keywords AS doc_keywords, c.metadata.classification_ipc AS classification_ipc, c.metadata.publication_date AS publication_date FROM c WHERE (EXISTS (SELECT VALUE 1 FROM fi IN c.metadata.classification_fi WHERE STARTSWITH(fi, @fi_pref, true)) OR EXISTS (SELECT VALUE 1 FROM ft IN c.metadata.f_term WHERE STARTSWITH(ft, @ft_pref, true)) ) AND (CONTAINS(c.metadata.title, @kw, true) OR CONTAINS(c.summary, @kw, true) OR EXISTS (SELECT VALUE 1 FROM cl IN c.claims WHERE CONTAINS(cl.text, @kw, true))) | params: {""fi_pref"": ""A63F7"", ""ft_pref"": ""2C333AA"", ""kw"": ""遊技進行状態""} || [balanced fi_pref=A63F7 ft_pref=2C088EA kw=遊技進行状態] SELECT c.metadata.patent_id AS patent_id, c.metadata.title AS title, c.metadata.classification_fi AS classification_fi, c.metadata.f_term AS f_term, c.summary AS summary, c.claims AS claims, c.metadata.keywords AS doc_keywords, c.metadata.classification_ipc AS classification_ipc, c.metadata.publication_date AS publication_date FROM c WHERE (EXISTS (SELECT VALUE 1 FROM fi IN c.metadata.classification_fi WHERE STARTSWITH(fi, @fi_pref, true)) OR EXISTS (SELECT VALUE 1 FROM ft IN c.metadata.f_term WHERE STARTSWITH(ft, @ft_pref, true)) ) AND (CONTAINS(c.metadata.title, @kw, true) OR CONTAINS(c.summary, @kw, true) OR EXISTS (SELECT VALUE 1 FROM cl IN c.claims WHERE CONTAINS(cl.text, @kw, true))) | params: {""fi_pref"": ""A63F7"", ""ft_pref"": ""2C088EA"", ""kw"": ""遊技進行状態""} || [balanced fi_pref=A63F7 ft_pref=2C333EA kw=遊技進行状態] SELECT c.metadata.patent_id AS patent_id, c.metadata.title AS title, c.metadata.classification_fi AS classification_fi, c.metadata.f_term AS f_term, c.summary AS summary, c.claims AS claims, c.metadata.keywords AS doc_keywords, c.metadata.classification_ipc AS classification_ipc, c.metadata.publication_date AS publication_date FROM c WHERE (EXISTS (SELECT VALUE 1 FROM fi IN c.metadata.classification_fi WHERE STARTSWITH(fi, @fi_pref, true)) OR EXISTS (SELECT VALUE 1 FROM ft IN c.metadata.f_term WHERE STARTSWITH(ft, @ft_pref, true)) ) AND (CONTAINS(c.metadata.title, @kw, true) OR CONTAINS(c.summary, @kw, true) OR EXISTS (SELECT VALUE 1 FROM cl IN c.claims WHERE CONTAINS(cl.text, @kw, true))) | params: {""fi_pref"": ""A63F7"", ""ft_pref"": ""2C333EA"", ""kw"": ""遊技進行状態""}"
2017213100,15,ぱちんこ遊技機,20171207,"[balanced fi_pref=A63F7 ft_pref=2C333AA kw=遊技進行状態] SELECT c.metadata.patent_id AS patent_id, c.metadata.title AS title, c.metadata.classification_fi AS classification_fi, c.metadata.f_term AS f_term, c.summary AS summary, c.claims AS claims, c.metadata.keywords AS doc_keywords, c.metadata.classification_ipc AS classification_ipc, c.metadata.publication_date AS publication_date FROM c WHERE (EXISTS (SELECT VALUE 1 FROM fi IN c.metadata.classification_fi WHERE STARTSWITH(fi, @fi_pref, true)) OR EXISTS (SELECT VALUE 1 FROM ft IN c.metadata.f_term WHERE STARTSWITH(ft, @ft_pref, true)) ) AND (CONTAINS(c.metadata.title, @kw, true) OR CONTAINS(c.summary, @kw, true) OR EXISTS (SELECT VALUE 1 FROM cl IN c.claims WHERE CONTAINS(cl.text, @kw, true))) | params: {""fi_pref"": ""A63F7"", ""ft_pref"": ""2C333AA"", ""kw"": ""遊技進行状態""} || [balanced fi_pref=A63F7 ft_pref=2C088EA kw=遊技進行状態] SELECT c.metadata.patent_id AS patent_id, c.metadata.title AS title, c.metadata.classification_fi AS classification_fi, c.metadata.f_term AS f_term, c.summary AS summary, c.claims AS claims, c.metadata.keywords AS doc_keywords, c.metadata.classification_ipc AS classification_ipc, c.metadata.publication_date AS publication_date FROM c WHERE (EXISTS (SELECT VALUE 1 FROM fi IN c.metadata.classification_fi WHERE STARTSWITH(fi, @fi_pref, true)) OR EXISTS (SELECT VALUE 1 FROM ft IN c.metadata.f_term WHERE STARTSWITH(ft, @ft_pref, true)) ) AND (CONTAINS(c.metadata.title, @kw, true) OR CONTAINS(c.summary, @kw, true) OR EXISTS (SELECT VALUE 1 FROM cl IN c.claims WHERE CONTAINS(cl.text, @kw, true))) | params: {""fi_pref"": ""A63F7"", ""ft_pref"": ""2C088EA"", ""kw"": ""遊技進行状態""} || [balanced fi_pref=A63F7 ft_pref=2C333EA kw=遊技進行状態] SELECT c.metadata.patent_id AS patent_id, c.metadata.title AS title, c.metadata.classification_fi AS classification_fi, c.metadata.f_term AS f_term, c.summary AS summary, c.claims AS claims, c.metadata.keywords AS doc_keywords, c.metadata.classification_ipc AS classification_ipc, c.metadata.publication_date AS publication_date FROM c WHERE (EXISTS (SELECT VALUE 1 FROM fi IN c.metadata.classification_fi WHERE STARTSWITH(fi, @fi_pref, true)) OR EXISTS (SELECT VALUE 1 FROM ft IN c.metadata.f_term WHERE STARTSWITH(ft, @ft_pref, true)) ) AND (CONTAINS(c.metadata.title, @kw, true) OR CONTAINS(c.summary, @kw, true) OR EXISTS (SELECT VALUE 1 FROM cl IN c.claims WHERE CONTAINS(cl.text, @kw, true))) | params: {""fi_pref"": ""A63F7"", ""ft_pref"": ""2C333EA"", ""kw"": ""遊技進行状態""}"
2020011084,15,ぱちんこ遊技機,20200123,"[balanced fi_pref=A63F7 ft_pref=2C333AA kw=表示態様] SELECT c.metadata.patent_id AS patent_id, c.metadata.title AS title, c.metadata.classification_fi AS classification_fi, c.metadata.f_term AS f_term, c.summary AS summary, c.claims AS claims, c.metadata.keywords AS doc_keywords, c.metadata.classification_ipc AS classification_ipc, c.metadata.publication_date AS publication_date FROM c WHERE (EXISTS (SELECT VALUE 1 FROM fi IN c.metadata.classification_fi WHERE STARTSWITH(fi, @fi_pref, true)) OR EXISTS (SELECT VALUE 1 FROM ft IN c.metadata.f_term WHERE STARTSWITH(ft, @ft_pref, true)) ) AND (CONTAINS(c.metadata.title, @kw, true) OR CONTAINS(c.summary, @kw, true) OR EXISTS (SELECT VALUE 1 FROM cl IN c.claims WHERE CONTAINS(cl.text, @kw, true))) | params: {""fi_pref"": ""A63F7"", ""ft_pref"": ""2C333AA"", ""kw"": ""表示態様""} || [balanced fi_pref=A63F7 ft_pref=2C088EA kw=表示態様] SELECT c.metadata.patent_id AS patent_id, c.metadata.title AS title, c.metadata.classification_fi AS classification_fi, c.metadata.f_term AS f_term, c.summary AS summary, c.claims AS claims, c.metadata.keywords AS doc_keywords, c.metadata.classification_ipc AS classification_ipc, c.metadata.publication_date AS publication_date FROM c WHERE (EXISTS (SELECT VALUE 1 FROM fi IN c.metadata.classification_fi WHERE STARTSWITH(fi, @fi_pref, true)) OR EXISTS (SELECT VALUE 1 FROM ft IN c.metadata.f_term WHERE STARTSWITH(ft, @ft_pref, true)) ) AND (CONTAINS(c.metadata.title, @kw, true) OR CONTAINS(c.summary, @kw, true) OR EXISTS (SELECT VALUE 1 FROM cl IN c.claims WHERE CONTAINS(cl.text, @kw, true))) | params: {""fi_pref"": ""A63F7"", ""ft_pref"": ""2C088EA"", ""kw"": ""表示態様""} || [balanced fi_pref=A63F7 ft_pref=2C333EA kw=表示態様] SELECT c.metadata.patent_id AS patent_id, c.metadata.title AS title, c.metadata.classification_fi AS classification_fi, c.metadata.f_term AS f_term, c.summary AS summary, c.claims AS claims, c.metadata.keywords AS doc_keywords, c.metadata.classification_ipc AS classification_ipc, c.metadata.publication_date AS publication_date FROM c WHERE (EXISTS (SELECT VALUE 1 FROM fi IN c.metadata.classification_fi WHERE STARTSWITH(fi, @fi_pref, true)) OR EXISTS (SELECT VALUE 1 FROM ft IN c.metadata.f_term WHERE STARTSWITH(ft, @ft_pref, true)) ) AND (CONTAINS(c.metadata.title, @kw, true) OR CONTAINS(c.summary, @kw, true) OR EXISTS (SELECT VALUE 1 FROM cl IN c.claims WHERE CONTAINS(cl.text, @kw, true))) | params: {""fi_pref"": ""A63F7"", ""ft_pref"": ""2C333EA"", ""kw"": ""表示態様""}"
2021027951,15,遊技機,20210225,"[balanced fi_pref=A63F7 ft_pref=2C333AA kw=遊技性] SELECT c.metadata.patent_id AS patent_id, c.metadata.title AS title, c.metadata.classification_fi AS classification_fi, c.metadata.f_term AS f_term, c.summary AS summary, c.claims AS claims, c.metadata.keywords AS doc_keywords, c.metadata.classification_ipc AS classification_ipc, c.metadata.publication_date AS publication_date FROM c WHERE (EXISTS (SELECT VALUE 1 FROM fi IN c.metadata.classification_fi WHERE STARTSWITH(fi, @fi_pref, true)) OR EXISTS (SELECT VALUE 1 FROM ft IN c.metadata.f_term WHERE STARTSWITH(ft, @ft_pref, true)) ) AND (CONTAINS(c.metadata.title, @kw, true) OR CONTAINS(c.summary, @kw, true) OR EXISTS (SELECT VALUE 1 FROM cl IN c.claims WHERE CONTAINS(cl.text, @kw, true))) | params: {""fi_pref"": ""A63F7"", ""ft_pref"": ""2C333AA"", ""kw"": ""遊技性""} || [balanced fi_pref=A63F7 ft_pref=2C088EA kw=遊技性] SELECT c.metadata.patent_id AS patent_id, c.metadata.title AS title, c.metadata.classification_fi AS classification_fi, c.metadata.f_term AS f_term, c.summary AS summary, c.claims AS claims, c.metadata.keywords AS doc_keywords, c.metadata.classification_ipc AS classification_ipc, c.metadata.publication_date AS publication_date FROM c WHERE (EXISTS (SELECT VALUE 1 FROM fi IN c.metadata.classification_fi WHERE STARTSWITH(fi, @fi_pref, true)) OR EXISTS (SELECT VALUE 1 FROM ft IN c.metadata.f_term WHERE STARTSWITH(ft, @ft_pref, true)) ) AND (CONTAINS(c.metadata.title, @kw, true) OR CONTAINS(c.summary, @kw, true) OR EXISTS (SELECT VALUE 1 FROM cl IN c.claims WHERE CONTAINS(cl.text, @kw, true))) | params: {""fi_pref"": ""A63F7"", ""ft_pref"": ""2C088EA"", ""kw"": ""遊技性""} || [balanced fi_pref=A63F7 ft_pref=2C333EA kw=遊技性] SELECT c.metadata.patent_id AS patent_id, c.metadata.title AS title, c.metadata.classification_fi AS classification_fi, c.metadata.f_term AS f_term, c.summary AS summary, c.claims AS claims, c.metadata.keywords AS doc_keywords, c.metadata.classification_ipc AS classification_ipc, c.metadata.publication_date AS publication_date FROM c WHERE (EXISTS (SELECT VALUE 1 FROM fi IN c.metadata.classification_fi WHERE STARTSWITH(fi, @fi_pref, true)) OR EXISTS (SELECT VALUE 1 FROM ft IN c.metadata.f_term WHERE STARTSWITH(ft, @ft_pref, true)) ) AND (CONTAINS(c.metadata.title, @kw, true) OR CONTAINS(c.summary, @kw, true) OR EXISTS (SELECT VALUE 1 FROM cl IN c.claims WHERE CONTAINS(cl.text, @kw, true))) | params: {""fi_pref"": ""A63F7"", ""ft_pref"": ""2C333EA"", ""kw"": ""遊技性""}"
2020174894,15,遊技機,20201029,"[balanced fi_pref=A63F7 ft_pref=2C333AA kw=遊技性] SELECT c.metadata.patent_id AS patent_id, c.metadata.title AS title, c.metadata.classification_fi AS classification_fi, c.metadata.f_term AS f_term, c.summary AS summary, c.claims AS claims, c.metadata.keywords AS doc_keywords, c.metadata.classification_ipc AS classification_ipc, c.metadata.publication_date AS publication_date FROM c WHERE (EXISTS (SELECT VALUE 1 FROM fi IN c.metadata.classification_fi WHERE STARTSWITH(fi, @fi_pref, true)) OR EXISTS (SELECT VALUE 1 FROM ft IN c.metadata.f_term WHERE STARTSWITH(ft, @ft_pref, true)) ) AND (CONTAINS(c.metadata.title, @kw, true) OR CONTAINS(c.summary, @kw, true) OR EXISTS (SELECT VALUE 1 FROM cl IN c.claims WHERE CONTAINS(cl.text, @kw, true))) | params: {""fi_pref"": ""A63F7"", ""ft_pref"": ""2C333AA"", ""kw"": ""遊技性""} || [balanced fi_pref=A63F7 ft_pref=2C088EA kw=遊技性] SELECT c.metadata.patent_id AS patent_id, c.metadata.title AS title, c.metadata.classification_fi AS classification_fi, c.metadata.f_term AS f_term, c.summary AS summary, c.claims AS claims, c.metadata.keywords AS doc_keywords, c.metadata.classification_ipc AS classification_ipc, c.metadata.publication_date AS publication_date FROM c WHERE (EXISTS (SELECT VALUE 1 FROM fi IN c.metadata.classification_fi WHERE STARTSWITH(fi, @fi_pref, true)) OR EXISTS (SELECT VALUE 1 FROM ft IN c.metadata.f_term WHERE STARTSWITH(ft, @ft_pref, true)) ) AND (CONTAINS(c.metadata.title, @kw, true) OR CONTAINS(c.summary, @kw, true) OR EXISTS (SELECT VALUE 1 FROM cl IN c.claims WHERE CONTAINS(cl.text, @kw, true))) | params: {""fi_pref"": ""A63F7"", ""ft_pref"": ""2C088EA"", ""kw"": ""遊技性""} || [balanced fi_pref=A63F7 ft_pref=2C333EA kw=遊技性] SELECT c.metadata.patent_id AS patent_id, c.metadata.title AS title, c.metadata.classification_fi AS classification_fi, c.metadata.f_term AS f_term, c.summary AS summary, c.claims AS claims, c.metadata.keywords AS doc_keywords, c.metadata.classification_ipc AS classification_ipc, c.metadata.publication_date AS publication_date FROM c WHERE (EXISTS (SELECT VALUE 1 FROM fi IN c.metadata.classification_fi WHERE STARTSWITH(fi, @fi_pref, true)) OR EXISTS (SELECT VALUE 1 FROM ft IN c.metadata.f_term WHERE STARTSWITH(ft, @ft_pref, true)) ) AND (CONTAINS(c.metadata.title, @kw, true) OR CONTAINS(c.summary, @kw, true) OR EXISTS (SELECT VALUE 1 FROM cl IN c.claims WHERE CONTAINS(cl.text, @kw, true))) | params: {""fi_pref"": ""A63F7"", ""ft_pref"": ""2C333EA"", ""kw"": ""遊技性""}"
2021171590,15,遊技機,20211101,"[balanced fi_pref=A63F7 ft_pref=2C333AA kw=遊技性] SELECT c.metadata.patent_id AS patent_id, c.metadata.title AS title, c.metadata.classification_fi AS classification_fi, c.metadata.f_term AS f_term, c.summary AS summary, c.claims AS claims, c.metadata.keywords AS doc_keywords, c.metadata.classification_ipc AS classification_ipc, c.metadata.publication_date AS publication_date FROM c WHERE (EXISTS (SELECT VALUE 1 FROM fi IN c.metadata.classification_fi WHERE STARTSWITH(fi, @fi_pref, true)) OR EXISTS (SELECT VALUE 1 FROM ft IN c.metadata.f_term WHERE STARTSWITH(ft, @ft_pref, true)) ) AND (CONTAINS(c.metadata.title, @kw, true) OR CONTAINS(c.summary, @kw, true) OR EXISTS (SELECT VALUE 1 FROM cl IN c.claims WHERE CONTAINS(cl.text, @kw, true))) | params: {""fi_pref"": ""A63F7"", ""ft_pref"": ""2C333AA"", ""kw"": ""遊技性""} || [balanced fi_pref=A63F7 ft_pref=2C088EA kw=遊技性] SELECT c.metadata.patent_id AS patent_id, c.metadata.title AS title, c.metadata.classification_fi AS classification_fi, c.metadata.f_term AS f_term, c.summary AS summary, c.claims AS claims, c.metadata.keywords AS doc_keywords, c.metadata.classification_ipc AS classification_ipc, c.metadata.publication_date AS publication_date FROM c WHERE (EXISTS (SELECT VALUE 1 FROM fi IN c.metadata.classification_fi WHERE STARTSWITH(fi, @fi_pref, true)) OR EXISTS (SELECT VALUE 1 FROM ft IN c.metadata.f_term WHERE STARTSWITH(ft, @ft_pref, true)) ) AND (CONTAINS(c.metadata.title, @kw, true) OR CONTAINS(c.summary, @kw, true) OR EXISTS (SELECT VALUE 1 FROM cl IN c.claims WHERE CONTAINS(cl.text, @kw, true))) | params: {""fi_pref"": ""A63F7"", ""ft_pref"": ""2C088EA"", ""kw"": ""遊技性""} || [balanced fi_pref=A63F7 ft_pref=2C333EA kw=遊技性] SELECT c.metadata.patent_id AS patent_id, c.metadata.title AS title, c.metadata.classification_fi AS classification_fi, c.metadata.f_term AS f_term, c.summary AS summary, c.claims AS claims, c.metadata.keywords AS doc_keywords, c.metadata.classification_ipc AS classification_ipc, c.metadata.publication_date AS publication_date FROM c WHERE (EXISTS (SELECT VALUE 1 FROM fi IN c.metadata.classification_fi WHERE STARTSWITH(fi, @fi_pref, true)) OR EXISTS (SELECT VALUE 1 FROM ft IN c.metadata.f_term WHERE STARTSWITH(ft, @ft_pref, true)) ) AND (CONTAINS(c.metadata.title, @kw, true) OR CONTAINS(c.summary, @kw, true) OR EXISTS (SELECT VALUE 1 FROM cl IN c.claims WHERE CONTAINS(cl.text, @kw, true))) | params: {""fi_pref"": ""A63F7"", ""ft_pref"": ""2C333EA"", ""kw"": ""遊技性""}"
2020110327,15,遊技機,20200727,"[balanced fi_pref=A63F7 ft_pref=2C333AA kw=遊技性] SELECT c.metadata.patent_id AS patent_id, c.metadata.title AS title, c.metadata.classification_fi AS classification_fi, c.metadata.f_term AS f_term, c.summary AS summary, c.claims AS claims, c.metadata.keywords AS doc_keywords, c.metadata.classification_ipc AS classification_ipc, c.metadata.publication_date AS publication_date FROM c WHERE (EXISTS (SELECT VALUE 1 FROM fi IN c.metadata.classification_fi WHERE STARTSWITH(fi, @fi_pref, true)) OR EXISTS (SELECT VALUE 1 FROM ft IN c.metadata.f_term WHERE STARTSWITH(ft, @ft_pref, true)) ) AND (CONTAINS(c.metadata.title, @kw, true) OR CONTAINS(c.summary, @kw, true) OR EXISTS (SELECT VALUE 1 FROM cl IN c.claims WHERE CONTAINS(cl.text, @kw, true))) | params: {""fi_pref"": ""A63F7"", ""ft_pref"": ""2C333AA"", ""kw"": ""遊技性""} || [balanced fi_pref=A63F7 ft_pref=2C088EA kw=遊技性] SELECT c.metadata.patent_id AS patent_id, c.metadata.title AS title, c.metadata.classification_fi AS classification_fi, c.metadata.f_term AS f_term, c.summary AS summary, c.claims AS claims, c.metadata.keywords AS doc_keywords, c.metadata.classification_ipc AS classification_ipc, c.metadata.publication_date AS publication_date FROM c WHERE (EXISTS (SELECT VALUE 1 FROM fi IN c.metadata.classification_fi WHERE STARTSWITH(fi, @fi_pref, true)) OR EXISTS (SELECT VALUE 1 FROM ft IN c.metadata.f_term WHERE STARTSWITH(ft, @ft_pref, true)) ) AND (CONTAINS(c.metadata.title, @kw, true) OR CONTAINS(c.summary, @kw, true) OR EXISTS (SELECT VALUE 1 FROM cl IN c.claims WHERE CONTAINS(cl.text, @kw, true))) | params: {""fi_pref"": ""A63F7"", ""ft_pref"": ""2C088EA"", ""kw"": ""遊技性""} || [balanced fi_pref=A63F7 ft_pref=2C333EA kw=遊技性] SELECT c.metadata.patent_id AS patent_id, c.metadata.title AS title, c.metadata.classification_fi AS classification_fi, c.metadata.f_term AS f_term, c.summary AS summary, c.claims AS claims, c.metadata.keywords AS doc_keywords, c.metadata.classification_ipc AS classification_ipc, c.metadata.publication_date AS publication_date FROM c WHERE (EXISTS (SELECT VALUE 1 FROM fi IN c.metadata.classification_fi WHERE STARTSWITH(fi, @fi_pref, true)) OR EXISTS (SELECT VALUE 1 FROM ft IN c.metadata.f_term WHERE STARTSWITH(ft, @ft_pref, true)) ) AND (CONTAINS(c.metadata.title, @kw, true) OR CONTAINS(c.summary, @kw, true) OR EXISTS (SELECT VALUE 1 FROM cl IN c.claims WHERE CONTAINS(cl.text, @kw, true))) | params: {""fi_pref"": ""A63F7"", ""ft_pref"": ""2C333EA"", ""kw"": ""遊技性""}"
2023043790,15,遊技機,2023-03-29,"[balanced fi_pref=A63F7 ft_pref=2C333AA kw=遊技性] SELECT c.metadata.patent_id AS patent_id, c.metadata.title AS title, c.metadata.classification_fi AS classification_fi, c.metadata.f_term AS f_term, c.summary AS summary, c.claims AS claims, c.metadata.keywords AS doc_keywords, c.metadata.classification_ipc AS classification_ipc, c.metadata.publication_date AS publication_date FROM c WHERE (EXISTS (SELECT VALUE 1 FROM fi IN c.metadata.classification_fi WHERE STARTSWITH(fi, @fi_pref, true)) OR EXISTS (SELECT VALUE 1 FROM ft IN c.metadata.f_term WHERE STARTSWITH(ft, @ft_pref, true)) ) AND (CONTAINS(c.metadata.title, @kw, true) OR CONTAINS(c.summary, @kw, true) OR EXISTS (SELECT VALUE 1 FROM cl IN c.claims WHERE CONTAINS(cl.text, @kw, true))) | params: {""fi_pref"": ""A63F7"", ""ft_pref"": ""2C333AA"", ""kw"": ""遊技性""} || [balanced fi_pref=A63F7 ft_pref=2C088EA kw=遊技性] SELECT c.metadata.patent_id AS patent_id, c.metadata.title AS title, c.metadata.classification_fi AS classification_fi, c.metadata.f_term AS f_term, c.summary AS summary, c.claims AS claims, c.metadata.keywords AS doc_keywords, c.metadata.classification_ipc AS classification_ipc, c.metadata.publication_date AS publication_date FROM c WHERE (EXISTS (SELECT VALUE 1 FROM fi IN c.metadata.classification_fi WHERE STARTSWITH(fi, @fi_pref, true)) OR EXISTS (SELECT VALUE 1 FROM ft IN c.metadata.f_term WHERE STARTSWITH(ft, @ft_pref, true)) ) AND (CONTAINS(c.metadata.title, @kw, true) OR CONTAINS(c.summary, @kw, true) OR EXISTS (SELECT VALUE 1 FROM cl IN c.claims WHERE CONTAINS(cl.text, @kw, true))) | params: {""fi_pref"": ""A63F7"", ""ft_pref"": ""2C088EA"", ""kw"": ""遊技性""} || [balanced fi_pref=A63F7 ft_pref=2C333EA kw=遊技性] SELECT c.metadata.patent_id AS patent_id, c.metadata.title AS title, c.metadata.classification_fi AS classification_fi, c.metadata.f_term AS f_term, c.summary AS summary, c.claims AS claims, c.metadata.keywords AS doc_keywords, c.metadata.classification_ipc AS classification_ipc, c.metadata.publication_date AS publication_date FROM c WHERE (EXISTS (SELECT VALUE 1 FROM fi IN c.metadata.classification_fi WHERE STARTSWITH(fi, @fi_pref, true)) OR EXISTS (SELECT VALUE 1 FROM ft IN c.metadata.f_term WHERE STARTSWITH(ft, @ft_pref, true)) ) AND (CONTAINS(c.metadata.title, @kw, true) OR CONTAINS(c.summary, @kw, true) OR EXISTS (SELECT VALUE 1 FROM cl IN c.claims WHERE CONTAINS(cl.text, @kw, true))) | params: {""fi_pref"": ""A63F7"", ""ft_pref"": ""2C333EA"", ""kw"": ""遊技性""}"
2021019952,15,遊技機,20210218,"[broad fi_pref=A63F7 ft_pref=2C333AA kw=遊技進行状態] SELECT c.metadata.patent_id AS patent_id, c.metadata.title AS title, c.metadata.classification_fi AS classification_fi, c.metadata.f_term AS f_term, c.summary AS summary, c.claims AS claims, c.metadata.keywords AS doc_keywords, c.metadata.classification_ipc AS classification_ipc, c.metadata.publication_date AS publication_date FROM c WHERE EXISTS (SELECT VALUE 1 FROM fi IN c.metadata.classification_fi WHERE STARTSWITH(fi, @fi_pref, true)) OR EXISTS (SELECT VALUE 1 FROM ft IN c.metadata.f_term WHERE STARTSWITH(ft, @ft_pref, true)) OR CONTAINS(c.metadata.title, @kw, true) | params: {""fi_pref"": ""A63F7"", ""ft_pref"": ""2C333AA"", ""kw"": ""遊技進行状態""}"
2021023350,15,遊技機,20210222,"[broad fi_pref=A63F7 ft_pref=2C333AA kw=遊技進行状態] SELECT c.metadata.patent_id AS patent_id, c.metadata.title AS title, c.metadata.classification_fi AS classification_fi, c.metadata.f_term AS f_term, c.summary AS summary, c.claims AS claims, c.metadata.keywords AS doc_keywords, c.metadata.classification_ipc AS classification_ipc, c.metadata.publication_date AS publication_date FROM c WHERE EXISTS (SELECT VALUE 1 FROM fi IN c.metadata.classification_fi WHERE STARTSWITH(fi, @fi_pref, true)) OR EXISTS (SELECT VALUE 1 FROM ft IN c.metadata.f_term WHERE STARTSWITH(ft, @ft_pref, true)) OR CONTAINS(c.metadata.title, @kw, true) | params: {""fi_pref"": ""A63F7"", ""ft_pref"": ""2C333AA"", ""kw"": ""遊技進行状態""}"
2020179018,15,遊技機,20201105,"[broad fi_pref=A63F7 ft_pref=2C333AA kw=遊技進行状態] SELECT c.metadata.patent_id AS patent_id, c.metadata.title AS title, c.metadata.classification_fi AS classification_fi, c.metadata.f_term AS f_term, c.summary AS summary, c.claims AS claims, c.metadata.keywords AS doc_keywords, c.metadata.classification_ipc AS classification_ipc, c.metadata.publication_date AS publication_date FROM c WHERE EXISTS (SELECT VALUE 1 FROM fi IN c.metadata.classification_fi WHERE STARTSWITH(fi, @fi_pref, true)) OR EXISTS (SELECT VALUE 1 FROM ft IN c.metadata.f_term WHERE STARTSWITH(ft, @ft_pref, true)) OR CONTAINS(c.metadata.title, @kw, true) | params: {""fi_pref"": ""A63F7"", ""ft_pref"": ""2C333AA"", ""kw"": ""遊技進行状態""}"
2020162763,15,遊技機,20201008,"[broad fi_pref=A63F7 ft_pref=2C333AA kw=遊技進行状態] SELECT c.metadata.patent_id AS patent_id, c.metadata.title AS title, c.metadata.classification_fi AS classification_fi, c.metadata.f_term AS f_term, c.summary AS summary, c.claims AS claims, c.metadata.keywords AS doc_keywords, c.metadata.classification_ipc AS classification_ipc, c.metadata.publication_date AS publication_date FROM c WHERE EXISTS (SELECT VALUE 1 FROM fi IN c.metadata.classification_fi WHERE STARTSWITH(fi, @fi_pref, true)) OR EXISTS (SELECT VALUE 1 FROM ft IN c.metadata.f_term WHERE STARTSWITH(ft, @ft_pref, true)) OR CONTAINS(c.metadata.title, @kw, true) | params: {""fi_pref"": ""A63F7"", ""ft_pref"": ""2C333AA"", ""kw"": ""遊技進行状態""}"
2021016716,15,遊技機,20210215,"[broad fi_pref=A63F7 ft_pref=2C333AA kw=遊技進行状態] SELECT c.metadata.patent_id AS patent_id, c.metadata.title AS title, c.metadata.classification_fi AS classification_fi, c.metadata.f_term AS f_term, c.summary AS summary, c.claims AS claims, c.metadata.keywords AS doc_keywords, c.metadata.classification_ipc AS classification_ipc, c.metadata.publication_date AS publication_date FROM c WHERE EXISTS (SELECT VALUE 1 FROM fi IN c.metadata.classification_fi WHERE STARTSWITH(fi, @fi_pref, true)) OR EXISTS (SELECT VALUE 1 FROM ft IN c.metadata.f_term WHERE STARTSWITH(ft, @ft_pref, true)) OR CONTAINS(c.metadata.title, @kw, true) | params: {""fi_pref"": ""A63F7"", ""ft_pref"": ""2C333AA"", ""kw"": ""遊技進行状態""}"
2017047268,14,ぱちんこ遊技機,20170309,"[balanced fi_pref=A63F7 ft_pref=2C333AA kw=遊技進行状態] SELECT c.metadata.patent_id AS patent_id, c.metadata.title AS title, c.metadata.classification_fi AS classification_fi, c.metadata.f_term AS f_term, c.summary AS summary, c.claims AS claims, c.metadata.keywords AS doc_keywords, c.metadata.classification_ipc AS classification_ipc, c.metadata.publication_date AS publication_date FROM c WHERE (EXISTS (SELECT VALUE 1 FROM fi IN c.metadata.classification_fi WHERE STARTSWITH(fi, @fi_pref, true)) OR EXISTS (SELECT VALUE 1 FROM ft IN c.metadata.f_term WHERE STARTSWITH(ft, @ft_pref, true)) ) AND (CONTAINS(c.metadata.title, @kw, true) OR CONTAINS(c.summary, @kw, true) OR EXISTS (SELECT VALUE 1 FROM cl IN c.claims WHERE CONTAINS(cl.text, @kw, true))) | params: {""fi_pref"": ""A63F7"", ""ft_pref"": ""2C333AA"", ""kw"": ""遊技進行状態""} || [balanced fi_pref=A63F7 ft_pref=2C088EA kw=遊技進行状態] SELECT c.metadata.patent_id AS patent_id, c.metadata.title AS title, c.metadata.classification_fi AS classification_fi, c.metadata.f_term AS f_term, c.summary AS summary, c.claims AS claims, c.metadata.keywords AS doc_keywords, c.metadata.classification_ipc AS classification_ipc, c.metadata.publication_date AS publication_date FROM c WHERE (EXISTS (SELECT VALUE 1 FROM fi IN c.metadata.classification_fi WHERE STARTSWITH(fi, @fi_pref, true)) OR EXISTS (SELECT VALUE 1 FROM ft IN c.metadata.f_term WHERE STARTSWITH(ft, @ft_pref, true)) ) AND (CONTAINS(c.metadata.title, @kw, true) OR CONTAINS(c.summary, @kw, true) OR EXISTS (SELECT VALUE 1 FROM cl IN c.claims WHERE CONTAINS(cl.text, @kw, true))) | params: {""fi_pref"": ""A63F7"", ""ft_pref"": ""2C088EA"", ""kw"": ""遊技進行状態""} || [balanced fi_pref=A63F7 ft_pref=2C333EA kw=遊技進行状態] SELECT c.metadata.patent_id AS patent_id, c.metadata.title AS title, c.metadata.classification_fi AS classification_fi, c.metadata.f_term AS f_term, c.summary AS summary, c.claims AS claims, c.metadata.keywords AS doc_keywords, c.metadata.classification_ipc AS classification_ipc, c.metadata.publication_date AS publication_date FROM c WHERE (EXISTS (SELECT VALUE 1 FROM fi IN c.metadata.classification_fi WHERE STARTSWITH(fi, @fi_pref, true)) OR EXISTS (SELECT VALUE 1 FROM ft IN c.metadata.f_term WHERE STARTSWITH(ft, @ft_pref, true)) ) AND (CONTAINS(c.metadata.title, @kw, true) OR CONTAINS(c.summary, @kw, true) OR EXISTS (SELECT VALUE 1 FROM cl IN c.claims WHERE CONTAINS(cl.text, @kw, true))) | params: {""fi_pref"": ""A63F7"", ""ft_pref"": ""2C333EA"", ""kw"": ""遊技進行状態""}"
2017047267,14,ぱちんこ遊技機,20170309,"[balanced fi_pref=A63F7 ft_pref=2C333AA kw=遊技進行状態] SELECT c.metadata.patent_id AS patent_id, c.metadata.title AS title, c.metadata.classification_fi AS classification_fi, c.metadata.f_term AS f_term, c.summary AS summary, c.claims AS claims, c.metadata.keywords AS doc_keywords, c.metadata.classification_ipc AS classification_ipc, c.metadata.publication_date AS publication_date FROM c WHERE (EXISTS (SELECT VALUE 1 FROM fi IN c.metadata.classification_fi WHERE STARTSWITH(fi, @fi_pref, true)) OR EXISTS (SELECT VALUE 1 FROM ft IN c.metadata.f_term WHERE STARTSWITH(ft, @ft_pref, true)) ) AND (CONTAINS(c.metadata.title, @kw, true) OR CONTAINS(c.summary, @kw, true) OR EXISTS (SELECT VALUE 1 FROM cl IN c.claims WHERE CONTAINS(cl.text, @kw, true))) | params: {""fi_pref"": ""A63F7"", ""ft_pref"": ""2C333AA"", ""kw"": ""遊技進行状態""} || [balanced fi_pref=A63F7 ft_pref=2C088EA kw=遊技進行状態] SELECT c.metadata.patent_id AS patent_id, c.metadata.title AS title, c.metadata.classification_fi AS classification_fi, c.metadata.f_term AS f_term, c.summary AS summary, c.claims AS claims, c.metadata.keywords AS doc_keywords, c.metadata.classification_ipc AS classification_ipc, c.metadata.publication_date AS publication_date FROM c WHERE (EXISTS (SELECT VALUE 1 FROM fi IN c.metadata.classification_fi WHERE STARTSWITH(fi, @fi_pref, true)) OR EXISTS (SELECT VALUE 1 FROM ft IN c.metadata.f_term WHERE STARTSWITH(ft, @ft_pref, true)) ) AND (CONTAINS(c.metadata.title, @kw, true) OR CONTAINS(c.summary, @kw, true) OR EXISTS (SELECT VALUE 1 FROM cl IN c.claims WHERE CONTAINS(cl.text, @kw, true))) | params: {""fi_pref"": ""A63F7"", ""ft_pref"": ""2C088EA"", ""kw"": ""遊技進行状態""} || [balanced fi_pref=A63F7 ft_pref=2C333EA kw=遊技進行状態] SELECT c.metadata.patent_id AS patent_id, c.metadata.title AS title, c.metadata.classification_fi AS classification_fi, c.metadata.f_term AS f_term, c.summary AS summary, c.claims AS claims, c.metadata.keywords AS doc_keywords, c.metadata.classification_ipc AS classification_ipc, c.metadata.publication_date AS publication_date FROM c WHERE (EXISTS (SELECT VALUE 1 FROM fi IN c.metadata.classification_fi WHERE STARTSWITH(fi, @fi_pref, true)) OR EXISTS (SELECT VALUE 1 FROM ft IN c.metadata.f_term WHERE STARTSWITH(ft, @ft_pref, true)) ) AND (CONTAINS(c.metadata.title, @kw, true) OR CONTAINS(c.summary, @kw, true) OR EXISTS (SELECT VALUE 1 FROM cl IN c.claims WHERE CONTAINS(cl.text, @kw, true))) | params: {""fi_pref"": ""A63F7"", ""ft_pref"": ""2C333EA"", ""kw"": ""遊技進行状態""}"
2018015444,14,遊技機,20180201,"[balanced fi_pref=A63F7 ft_pref=2C333AA kw=遊技進行状態] SELECT c.metadata.patent_id AS patent_id, c.metadata.title AS title, c.metadata.classification_fi AS classification_fi, c.metadata.f_term AS f_term, c.summary AS summary, c.claims AS claims, c.metadata.keywords AS doc_keywords, c.metadata.classification_ipc AS classification_ipc, c.metadata.publication_date AS publication_date FROM c WHERE (EXISTS (SELECT VALUE 1 FROM fi IN c.metadata.classification_fi WHERE STARTSWITH(fi, @fi_pref, true)) OR EXISTS (SELECT VALUE 1 FROM ft IN c.metadata.f_term WHERE STARTSWITH(ft, @ft_pref, true)) ) AND (CONTAINS(c.metadata.title, @kw, true) OR CONTAINS(c.summary, @kw, true) OR EXISTS (SELECT VALUE 1 FROM cl IN c.claims WHERE CONTAINS(cl.text, @kw, true))) | params: {""fi_pref"": ""A63F7"", ""ft_pref"": ""2C333AA"", ""kw"": ""遊技進行状態""} || [balanced fi_pref=A63F7 ft_pref=2C088EA kw=遊技進行状態] SELECT c.metadata.patent_id AS patent_id, c.metadata.title AS title, c.metadata.classification_fi AS classification_fi, c.metadata.f_term AS f_term, c.summary AS summary, c.claims AS claims, c.metadata.keywords AS doc_keywords, c.metadata.classification_ipc AS classification_ipc, c.metadata.publication_date AS publication_date FROM c WHERE (EXISTS (SELECT VALUE 1 FROM fi IN c.metadata.classification_fi WHERE STARTSWITH(fi, @fi_pref, true)) OR EXISTS (SELECT VALUE 1 FROM ft IN c.metadata.f_term WHERE STARTSWITH(ft, @ft_pref, true)) ) AND (CONTAINS(c.metadata.title, @kw, true) OR CONTAINS(c.summary, @kw, true) OR EXISTS (SELECT VALUE 1 FROM cl IN c.claims WHERE CONTAINS(cl.text, @kw, true))) | params: {""fi_pref"": ""A63F7"", ""ft_pref"": ""2C088EA"", ""kw"": ""遊技進行状態""} || [balanced fi_pref=A63F7 ft_pref=2C333EA kw=遊技進行状態] SELECT c.metadata.patent_id AS patent_id, c.metadata.title AS title, c.metadata.classification_fi AS classification_fi, c.metadata.f_term AS f_term, c.summary AS summary, c.claims AS claims, c.metadata.keywords AS doc_keywords, c.metadata.classification_ipc AS classification_ipc, c.metadata.publication_date AS publication_date FROM c WHERE (EXISTS (SELECT VALUE 1 FROM fi IN c.metadata.classification_fi WHERE STARTSWITH(fi, @fi_pref, true)) OR EXISTS (SELECT VALUE 1 FROM ft IN c.metadata.f_term WHERE STARTSWITH(ft, @ft_pref, true)) ) AND (CONTAINS(c.metadata.title, @kw, true) OR CONTAINS(c.summary, @kw, true) OR EXISTS (SELECT VALUE 1 FROM cl IN c.claims WHERE CONTAINS(cl.text, @kw, true))) | params: {""fi_pref"": ""A63F7"", ""ft_pref"": ""2C333EA"", ""kw"": ""遊技進行状態""}"
2018029668,14,ぱちんこ遊技機,20180301,"[balanced fi_pref=A63F7 ft_pref=2C333AA kw=遊技進行状態] SELECT c.metadata.patent_id AS patent_id, c.metadata.title AS title, c.metadata.classification_fi AS classification_fi, c.metadata.f_term AS f_term, c.summary AS summary, c.claims AS claims, c.metadata.keywords AS doc_keywords, c.metadata.classification_ipc AS classification_ipc, c.metadata.publication_date AS publication_date FROM c WHERE (EXISTS (SELECT VALUE 1 FROM fi IN c.metadata.classification_fi WHERE STARTSWITH(fi, @fi_pref, true)) OR EXISTS (SELECT VALUE 1 FROM ft IN c.metadata.f_term WHERE STARTSWITH(ft, @ft_pref, true)) ) AND (CONTAINS(c.metadata.title, @kw, true) OR CONTAINS(c.summary, @kw, true) OR EXISTS (SELECT VALUE 1 FROM cl IN c.claims WHERE CONTAINS(cl.text, @kw, true))) | params: {""fi_pref"": ""A63F7"", ""ft_pref"": ""2C333AA"", ""kw"": ""遊技進行状態""} || [balanced fi_pref=A63F7 ft_pref=2C088EA kw=遊技進行状態] SELECT c.metadata.patent_id AS patent_id, c.metadata.title AS title, c.metadata.classification_fi AS classification_fi, c.metadata.f_term AS f_term, c.summary AS summary, c.claims AS claims, c.metadata.keywords AS doc_keywords, c.metadata.classification_ipc AS classification_ipc, c.metadata.publication_date AS publication_date FROM c WHERE (EXISTS (SELECT VALUE 1 FROM fi IN c.metadata.classification_fi WHERE STARTSWITH(fi, @fi_pref, true)) OR EXISTS (SELECT VALUE 1 FROM ft IN c.metadata.f_term WHERE STARTSWITH(ft, @ft_pref, true)) ) AND (CONTAINS(c.metadata.title, @kw, true) OR CONTAINS(c.summary, @kw, true) OR EXISTS (SELECT VALUE 1 FROM cl IN c.claims WHERE CONTAINS(cl.text, @kw, true))) | params: {""fi_pref"": ""A63F7"", ""ft_pref"": ""2C088EA"", ""kw"": ""遊技進行状態""} || [balanced fi_pref=A63F7 ft_pref=2C333EA kw=遊技進行状態] SELECT c.metadata.patent_id AS patent_id, c.metadata.title AS title, c.metadata.classification_fi AS classification_fi, c.metadata.f_term AS f_term, c.summary AS summary, c.claims AS claims, c.metadata.keywords AS doc_keywords, c.metadata.classification_ipc AS classification_ipc, c.metadata.publication_date AS publication_date FROM c WHERE (EXISTS (SELECT VALUE 1 FROM fi IN c.metadata.classification_fi WHERE STARTSWITH(fi, @fi_pref, true)) OR EXISTS (SELECT VALUE 1 FROM ft IN c.metadata.f_term WHERE STARTSWITH(ft, @ft_pref, true)) ) AND (CONTAINS(c.metadata.title, @kw, true) OR CONTAINS(c.summary, @kw, true) OR EXISTS (SELECT VALUE 1 FROM cl IN c.claims WHERE CONTAINS(cl.text, @kw, true))) | params: {""fi_pref"": ""A63F7"", ""ft_pref"": ""2C333EA"", ""kw"": ""遊技進行状態""}"
2021035410,14,遊技機,20210304,"[balanced fi_pref=A63F7 ft_pref=2C333AA kw=表示態様] SELECT c.metadata.patent_id AS patent_id, c.metadata.title AS title, c.metadata.classification_fi AS classification_fi, c.metadata.f_term AS f_term, c.summary AS summary, c.claims AS claims, c.metadata.keywords AS doc_keywords, c.metadata.classification_ipc AS classification_ipc, c.metadata.publication_date AS publication_date FROM c WHERE (EXISTS (SELECT VALUE 1 FROM fi IN c.metadata.classification_fi WHERE STARTSWITH(fi, @fi_pref, true)) OR EXISTS (SELECT VALUE 1 FROM ft IN c.metadata.f_term WHERE STARTSWITH(ft, @ft_pref, true)) ) AND (CONTAINS(c.metadata.title, @kw, true) OR CONTAINS(c.summary, @kw, true) OR EXISTS (SELECT VALUE 1 FROM cl IN c.claims WHERE CONTAINS(cl.text, @kw, true))) | params: {""fi_pref"": ""A63F7"", ""ft_pref"": ""2C333AA"", ""kw"": ""表示態様""} || [balanced fi_pref=A63F7 ft_pref=2C088EA kw=表示態様] SELECT c.metadata.patent_id AS patent_id, c.metadata.title AS title, c.metadata.classification_fi AS classification_fi, c.metadata.f_term AS f_term, c.summary AS summary, c.claims AS claims, c.metadata.keywords AS doc_keywords, c.metadata.classification_ipc AS classification_ipc, c.metadata.publication_date AS publication_date FROM c WHERE (EXISTS (SELECT VALUE 1 FROM fi IN c.metadata.classification_fi WHERE STARTSWITH(fi, @fi_pref, true)) OR EXISTS (SELECT VALUE 1 FROM ft IN c.metadata.f_term WHERE STARTSWITH(ft, @ft_pref, true)) ) AND (CONTAINS(c.metadata.title, @kw, true) OR CONTAINS(c.summary, @kw, true) OR EXISTS (SELECT VALUE 1 FROM cl IN c.claims WHERE CONTAINS(cl.text, @kw, true))) | params: {""fi_pref"": ""A63F7"", ""ft_pref"": ""2C088EA"", ""kw"": ""表示態様""} || [balanced fi_pref=A63F7 ft_pref=2C333EA kw=表示態様] SELECT c.metadata.patent_id AS patent_id, c.metadata.title AS title, c.metadata.classification_fi AS classification_fi, c.metadata.f_term AS f_term, c.summary AS summary, c.claims AS claims, c.metadata.keywords AS doc_keywords, c.metadata.classification_ipc AS classification_ipc, c.metadata.publication_date AS publication_date FROM c WHERE (EXISTS (SELECT VALUE 1 FROM fi IN c.metadata.classification_fi WHERE STARTSWITH(fi, @fi_pref, true)) OR EXISTS (SELECT VALUE 1 FROM ft IN c.metadata.f_term WHERE STARTSWITH(ft, @ft_pref, true)) ) AND (CONTAINS(c.metadata.title, @kw, true) OR CONTAINS(c.summary, @kw, true) OR EXISTS (SELECT VALUE 1 FROM cl IN c.claims WHERE CONTAINS(cl.text, @kw, true))) | params: {""fi_pref"": ""A63F7"", ""ft_pref"": ""2C333EA"", ""kw"": ""表示態様""}"
2019171222,14,遊技機,20191010,"[balanced fi_pref=A63F7 ft_pref=2C333AA kw=表示態様] SELECT c.metadata.patent_id AS patent_id, c.metadata.title AS title, c.metadata.classification_fi AS classification_fi, c.metadata.f_term AS f_term, c.summary AS summary, c.claims AS claims, c.metadata.keywords AS doc_keywords, c.metadata.classification_ipc AS classification_ipc, c.metadata.publication_date AS publication_date FROM c WHERE (EXISTS (SELECT VALUE 1 FROM fi IN c.metadata.classification_fi WHERE STARTSWITH(fi, @fi_pref, true)) OR EXISTS (SELECT VALUE 1 FROM ft IN c.metadata.f_term WHERE STARTSWITH(ft, @ft_pref, true)) ) AND (CONTAINS(c.metadata.title, @kw, true) OR CONTAINS(c.summary, @kw, true) OR EXISTS (SELECT VALUE 1 FROM cl IN c.claims WHERE CONTAINS(cl.text, @kw, true))) | params: {""fi_pref"": ""A63F7"", ""ft_pref"": ""2C333AA"", ""kw"": ""表示態様""} || [balanced fi_pref=A63F7 ft_pref=2C088EA kw=表示態様] SELECT c.metadata.patent_id AS patent_id, c.metadata.title AS title, c.metadata.classification_fi AS classification_fi, c.metadata.f_term AS f_term, c.summary AS summary, c.claims AS claims, c.metadata.keywords AS doc_keywords, c.metadata.classification_ipc AS classification_ipc, c.metadata.publication_date AS publication_date FROM c WHERE (EXISTS (SELECT VALUE 1 FROM fi IN c.metadata.classification_fi WHERE STARTSWITH(fi, @fi_pref, true)) OR EXISTS (SELECT VALUE 1 FROM ft IN c.metadata.f_term WHERE STARTSWITH(ft, @ft_pref, true)) ) AND (CONTAINS(c.metadata.title, @kw, true) OR CONTAINS(c.summary, @kw, true) OR EXISTS (SELECT VALUE 1 FROM cl IN c.claims WHERE CONTAINS(cl.text, @kw, true))) | params: {""fi_pref"": ""A63F7"", ""ft_pref"": ""2C088EA"", ""kw"": ""表示態様""} || [balanced fi_pref=A63F7 ft_pref=2C333EA kw=表示態様] SELECT c.metadata.patent_id AS patent_id, c.metadata.title AS title, c.metadata.classification_fi AS classification_fi, c.metadata.f_term AS f_term, c.summary AS summary, c.claims AS claims, c.metadata.keywords AS doc_keywords, c.metadata.classification_ipc AS classification_ipc, c.metadata.publication_date AS publication_date FROM c WHERE (EXISTS (SELECT VALUE 1 FROM fi IN c.metadata.classification_fi WHERE STARTSWITH(fi, @fi_pref, true)) OR EXISTS (SELECT VALUE 1 FROM ft IN c.metadata.f_term WHERE STARTSWITH(ft, @ft_pref, true)) ) AND (CONTAINS(c.metadata.title, @kw, true) OR CONTAINS(c.summary, @kw, true) OR EXISTS (SELECT VALUE 1 FROM cl IN c.claims WHERE CONTAINS(cl.text, @kw, true))) | params: {""fi_pref"": ""A63F7"", ""ft_pref"": ""2C333EA"", ""kw"": ""表示態様""}"
2021007604,14,遊技機,20210128,"[balanced fi_pref=A63F7 ft_pref=2C333AA kw=遊技性] SELECT c.metadata.patent_id AS patent_id, c.metadata.title AS title, c.metadata.classification_fi AS classification_fi, c.metadata.f_term AS f_term, c.summary AS summary, c.claims AS claims, c.metadata.keywords AS doc_keywords, c.metadata.classification_ipc AS classification_ipc, c.metadata.publication_date AS publication_date FROM c WHERE (EXISTS (SELECT VALUE 1 FROM fi IN c.metadata.classification_fi WHERE STARTSWITH(fi, @fi_pref, true)) OR EXISTS (SELECT VALUE 1 FROM ft IN c.metadata.f_term WHERE STARTSWITH(ft, @ft_pref, true)) ) AND (CONTAINS(c.metadata.title, @kw, true) OR CONTAINS(c.summary, @kw, true) OR EXISTS (SELECT VALUE 1 FROM cl IN c.claims WHERE CONTAINS(cl.text, @kw, true))) | params: {""fi_pref"": ""A63F7"", ""ft_pref"": ""2C333AA"", ""kw"": ""遊技性""} || [balanced fi_pref=A63F7 ft_pref=2C088EA kw=遊技性] SELECT c.metadata.patent_id AS patent_id, c.metadata.title AS title, c.metadata.classification_fi AS classification_fi, c.metadata.f_term AS f_term, c.summary AS summary, c.claims AS claims, c.metadata.keywords AS doc_keywords, c.metadata.classification_ipc AS classification_ipc, c.metadata.publication_date AS publication_date FROM c WHERE (EXISTS (SELECT VALUE 1 FROM fi IN c.metadata.classification_fi WHERE STARTSWITH(fi, @fi_pref, true)) OR EXISTS (SELECT VALUE 1 FROM ft IN c.metadata.f_term WHERE STARTSWITH(ft, @ft_pref, true)) ) AND (CONTAINS(c.metadata.title, @kw, true) OR CONTAINS(c.summary, @kw, true) OR EXISTS (SELECT VALUE 1 FROM cl IN c.claims WHERE CONTAINS(cl.text, @kw, true))) | params: {""fi_pref"": ""A63F7"", ""ft_pref"": ""2C088EA"", ""kw"": ""遊技性""} || [balanced fi_pref=A63F7 ft_pref=2C333EA kw=遊技性] SELECT c.metadata.patent_id AS patent_id, c.metadata.title AS title, c.metadata.classification_fi AS classification_fi, c.metadata.f_term AS f_term, c.summary AS summary, c.claims AS claims, c.metadata.keywords AS doc_keywords, c.metadata.classification_ipc AS classification_ipc, c.metadata.publication_date AS publication_date FROM c WHERE (EXISTS (SELECT VALUE 1 FROM fi IN c.metadata.classification_fi WHERE STARTSWITH(fi, @fi_pref, true)) OR EXISTS (SELECT VALUE 1 FROM ft IN c.metadata.f_term WHERE STARTSWITH(ft, @ft_pref, true)) ) AND (CONTAINS(c.metadata.title, @kw, true) OR CONTAINS(c.summary, @kw, true) OR EXISTS (SELECT VALUE 1 FROM cl IN c.claims WHERE CONTAINS(cl.text, @kw, true))) | params: {""fi_pref"": ""A63F7"", ""ft_pref"": ""2C333EA"", ""kw"": ""遊技性""} || [broad fi_pref=A63F7 ft_pref=2C333AA kw=遊技進行状態] SELECT c.metadata.patent_id AS patent_id, c.metadata.title AS title, c.metadata.classification_fi AS classification_fi, c.metadata.f_term AS f_term, c.summary AS summary, c.claims AS claims, c.metadata.keywords AS doc_keywords, c.metadata.classification_ipc AS classification_ipc, c.metadata.publication_date AS publication_date FROM c WHERE EXISTS (SELECT VALUE 1 FROM fi IN c.metadata.classification_fi WHERE STARTSWITH(fi, @fi_pref, true)) OR EXISTS (SELECT VALUE 1 FROM ft IN c.metadata.f_term WHERE STARTSWITH(ft, @ft_pref, true)) OR CONTAINS(c.metadata.title, @kw, true) | params: {""fi_pref"": ""A63F7"", ""ft_pref"": ""2C333AA"", ""kw"": ""遊技進行状態""}"
2020195651,14,遊技機,20201210,"[balanced fi_pref=A63F7 ft_pref=2C333AA kw=遊技性] SELECT c.metadata.patent_id AS patent_id, c.metadata.title AS title, c.metadata.classification_fi AS classification_fi, c.metadata.f_term AS f_term, c.summary AS summary, c.claims AS claims, c.metadata.keywords AS doc_keywords, c.metadata.classification_ipc AS classification_ipc, c.metadata.publication_date AS publication_date FROM c WHERE (EXISTS (SELECT VALUE 1 FROM fi IN c.metadata.classification_fi WHERE STARTSWITH(fi, @fi_pref, true)) OR EXISTS (SELECT VALUE 1 FROM ft IN c.metadata.f_term WHERE STARTSWITH(ft, @ft_pref, true)) ) AND (CONTAINS(c.metadata.title, @kw, true) OR CONTAINS(c.summary, @kw, true) OR EXISTS (SELECT VALUE 1 FROM cl IN c.claims WHERE CONTAINS(cl.text, @kw, true))) | params: {""fi_pref"": ""A63F7"", ""ft_pref"": ""2C333AA"", ""kw"": ""遊技性""} || [balanced fi_pref=A63F7 ft_pref=2C088EA kw=遊技性] SELECT c.metadata.patent_id AS patent_id, c.metadata.title AS title, c.metadata.classification_fi AS classification_fi, c.metadata.f_term AS f_term, c.summary AS summary, c.claims AS claims, c.metadata.keywords AS doc_keywords, c.metadata.classification_ipc AS classification_ipc, c.metadata.publication_date AS publication_date FROM c WHERE (EXISTS (SELECT VALUE 1 FROM fi IN c.metadata.classification_fi WHERE STARTSWITH(fi, @fi_pref, true)) OR EXISTS (SELECT VALUE 1 FROM ft IN c.metadata.f_term WHERE STARTSWITH(ft, @ft_pref, true)) ) AND (CONTAINS(c.metadata.title, @kw, true) OR CONTAINS(c.summary, @kw, true) OR EXISTS (SELECT VALUE 1 FROM cl IN c.claims WHERE CONTAINS(cl.text, @kw, true))) | params: {""fi_pref"": ""A63F7"", ""ft_pref"": ""2C088EA"", ""kw"": ""遊技性""} || [balanced fi_pref=A63F7 ft_pref=2C333EA kw=遊技性] SELECT c.metadata.patent_id AS patent_id, c.metadata.title AS title, c.metadata.classification_fi AS classification_fi, c.metadata.f_term AS f_term, c.summary AS summary, c.claims AS claims, c.metadata.keywords AS doc_keywords, c.metadata.classification_ipc AS classification_ipc, c.metadata.publication_date AS publication_date FROM c WHERE (EXISTS (SELECT VALUE 1 FROM fi IN c.metadata.classification_fi WHERE STARTSWITH(fi, @fi_pref, true)) OR EXISTS (SELECT VALUE 1 FROM ft IN c.metadata.f_term WHERE STARTSWITH(ft, @ft_pref, true)) ) AND (CONTAINS(c.metadata.title, @kw, true) OR CONTAINS(c.summary, @kw, true) OR EXISTS (SELECT VALUE 1 FROM cl IN c.claims WHERE CONTAINS(cl.text, @kw, true))) | params: {""fi_pref"": ""A63F7"", ""ft_pref"": ""2C333EA"", ""kw"": ""遊技性""}"
2020151238,14,遊技機,20200924,"[balanced fi_pref=A63F7 ft_pref=2C333AA kw=遊技性] SELECT c.metadata.patent_id AS patent_id, c.metadata.title AS title, c.metadata.classification_fi AS classification_fi, c.metadata.f_term AS f_term, c.summary AS summary, c.claims AS claims, c.metadata.keywords AS doc_keywords, c.metadata.classification_ipc AS classification_ipc, c.metadata.publication_date AS publication_date FROM c WHERE (EXISTS (SELECT VALUE 1 FROM fi IN c.metadata.classification_fi WHERE STARTSWITH(fi, @fi_pref, true)) OR EXISTS (SELECT VALUE 1 FROM ft IN c.metadata.f_term WHERE STARTSWITH(ft, @ft_pref, true)) ) AND (CONTAINS(c.metadata.title, @kw, true) OR CONTAINS(c.summary, @kw, true) OR EXISTS (SELECT VALUE 1 FROM cl IN c.claims WHERE CONTAINS(cl.text, @kw, true))) | params: {""fi_pref"": ""A63F7"", ""ft_pref"": ""2C333AA"", ""kw"": ""遊技性""} || [balanced fi_pref=A63F7 ft_pref=2C088EA kw=遊技性] SELECT c.metadata.patent_id AS patent_id, c.metadata.title AS title, c.metadata.classification_fi AS classification_fi, c.metadata.f_term AS f_term, c.summary AS summary, c.claims AS claims, c.metadata.keywords AS doc_keywords, c.metadata.classification_ipc AS classification_ipc, c.metadata.publication_date AS publication_date FROM c WHERE (EXISTS (SELECT VALUE 1 FROM fi IN c.metadata.classification_fi WHERE STARTSWITH(fi, @fi_pref, true)) OR EXISTS (SELECT VALUE 1 FROM ft IN c.metadata.f_term WHERE STARTSWITH(ft, @ft_pref, true)) ) AND (CONTAINS(c.metadata.title, @kw, true) OR CONTAINS(c.summary, @kw, true) OR EXISTS (SELECT VALUE 1 FROM cl IN c.claims WHERE CONTAINS(cl.text, @kw, true))) | params: {""fi_pref"": ""A63F7"", ""ft_pref"": ""2C088EA"", ""kw"": ""遊技性""} || [balanced fi_pref=A63F7 ft_pref=2C333EA kw=遊技性] SELECT c.metadata.patent_id AS patent_id, c.metadata.title AS title, c.metadata.classification_fi AS classification_fi, c.metadata.f_term AS f_term, c.summary AS summary, c.claims AS claims, c.metadata.keywords AS doc_keywords, c.metadata.classification_ipc AS classification_ipc, c.metadata.publication_date AS publication_date FROM c WHERE (EXISTS (SELECT VALUE 1 FROM fi IN c.metadata.classification_fi WHERE STARTSWITH(fi, @fi_pref, true)) OR EXISTS (SELECT VALUE 1 FROM ft IN c.metadata.f_term WHERE STARTSWITH(ft, @ft_pref, true)) ) AND (CONTAINS(c.metadata.title, @kw, true) OR CONTAINS(c.summary, @kw, true) OR EXISTS (SELECT VALUE 1 FROM cl IN c.claims WHERE CONTAINS(cl.text, @kw, true))) | params: {""fi_pref"": ""A63F7"", ""ft_pref"": ""2C333EA"", ""kw"": ""遊技性""}"
2019177254,14,遊技機,20191017,"[balanced fi_pref=A63F7 ft_pref=2C333AA kw=遊技性] SELECT c.metadata.patent_id AS patent_id, c.metadata.title AS title, c.metadata.classification_fi AS classification_fi, c.metadata.f_term AS f_term, c.summary AS summary, c.claims AS claims, c.metadata.keywords AS doc_keywords, c.metadata.classification_ipc AS classification_ipc, c.metadata.publication_date AS publication_date FROM c WHERE (EXISTS (SELECT VALUE 1 FROM fi IN c.metadata.classification_fi WHERE STARTSWITH(fi, @fi_pref, true)) OR EXISTS (SELECT VALUE 1 FROM ft IN c.metadata.f_term WHERE STARTSWITH(ft, @ft_pref, true)) ) AND (CONTAINS(c.metadata.title, @kw, true) OR CONTAINS(c.summary, @kw, true) OR EXISTS (SELECT VALUE 1 FROM cl IN c.claims WHERE CONTAINS(cl.text, @kw, true))) | params: {""fi_pref"": ""A63F7"", ""ft_pref"": ""2C333AA"", ""kw"": ""遊技性""} || [balanced fi_pref=A63F7 ft_pref=2C088EA kw=遊技性] SELECT c.metadata.patent_id AS patent_id, c.metadata.title AS title, c.metadata.classification_fi AS classification_fi, c.metadata.f_term AS f_term, c.summary AS summary, c.claims AS claims, c.metadata.keywords AS doc_keywords, c.metadata.classification_ipc AS classification_ipc, c.metadata.publication_date AS publication_date FROM c WHERE (EXISTS (SELECT VALUE 1 FROM fi IN c.metadata.classification_fi WHERE STARTSWITH(fi, @fi_pref, true)) OR EXISTS (SELECT VALUE 1 FROM ft IN c.metadata.f_term WHERE STARTSWITH(ft, @ft_pref, true)) ) AND (CONTAINS(c.metadata.title, @kw, true) OR CONTAINS(c.summary, @kw, true) OR EXISTS (SELECT VALUE 1 FROM cl IN c.claims WHERE CONTAINS(cl.text, @kw, true))) | params: {""fi_pref"": ""A63F7"", ""ft_pref"": ""2C088EA"", ""kw"": ""遊技性""} || [balanced fi_pref=A63F7 ft_pref=2C333EA kw=遊技性] SELECT c.metadata.patent_id AS patent_id, c.metadata.title AS title, c.metadata.classification_fi AS classification_fi, c.metadata.f_term AS f_term, c.summary AS summary, c.claims AS claims, c.metadata.keywords AS doc_keywords, c.metadata.classification_ipc AS classification_ipc, c.metadata.publication_date AS publication_date FROM c WHERE (EXISTS (SELECT VALUE 1 FROM fi IN c.metadata.classification_fi WHERE STARTSWITH(fi, @fi_pref, true)) OR EXISTS (SELECT VALUE 1 FROM ft IN c.metadata.f_term WHERE STARTSWITH(ft, @ft_pref, true)) ) AND (CONTAINS(c.metadata.title, @kw, true) OR CONTAINS(c.summary, @kw, true) OR EXISTS (SELECT VALUE 1 FROM cl IN c.claims WHERE CONTAINS(cl.text, @kw, true))) | params: {""fi_pref"": ""A63F7"", ""ft_pref"": ""2C333EA"", ""kw"": ""遊技性""}"
2020146178,14,遊技機,20200917,"[balanced fi_pref=A63F7 ft_pref=2C333AA kw=遊技性] SELECT c.metadata.patent_id AS patent_id, c.metadata.title AS title, c.metadata.classification_fi AS classification_fi, c.metadata.f_term AS f_term, c.summary AS summary, c.claims AS claims, c.metadata.keywords AS doc_keywords, c.metadata.classification_ipc AS classification_ipc, c.metadata.publication_date AS publication_date FROM c WHERE (EXISTS (SELECT VALUE 1 FROM fi IN c.metadata.classification_fi WHERE STARTSWITH(fi, @fi_pref, true)) OR EXISTS (SELECT VALUE 1 FROM ft IN c.metadata.f_term WHERE STARTSWITH(ft, @ft_pref, true)) ) AND (CONTAINS(c.metadata.title, @kw, true) OR CONTAINS(c.summary, @kw, true) OR EXISTS (SELECT VALUE 1 FROM cl IN c.claims WHERE CONTAINS(cl.text, @kw, true))) | params: {""fi_pref"": ""A63F7"", ""ft_pref"": ""2C333AA"", ""kw"": ""遊技性""} || [balanced fi_pref=A63F7 ft_pref=2C088EA kw=遊技性] SELECT c.metadata.patent_id AS patent_id, c.metadata.title AS title, c.metadata.classification_fi AS classification_fi, c.metadata.f_term AS f_term, c.summary AS summary, c.claims AS claims, c.metadata.keywords AS doc_keywords, c.metadata.classification_ipc AS classification_ipc, c.metadata.publication_date AS publication_date FROM c WHERE (EXISTS (SELECT VALUE 1 FROM fi IN c.metadata.classification_fi WHERE STARTSWITH(fi, @fi_pref, true)) OR EXISTS (SELECT VALUE 1 FROM ft IN c.metadata.f_term WHERE STARTSWITH(ft, @ft_pref, true)) ) AND (CONTAINS(c.metadata.title, @kw, true) OR CONTAINS(c.summary, @kw, true) OR EXISTS (SELECT VALUE 1 FROM cl IN c.claims WHERE CONTAINS(cl.text, @kw, true))) | params: {""fi_pref"": ""A63F7"", ""ft_pref"": ""2C088EA"", ""kw"": ""遊技性""} || [balanced fi_pref=A63F7 ft_pref=2C333EA kw=遊技性] SELECT c.metadata.patent_id AS patent_id, c.metadata.title AS title, c.metadata.classification_fi AS classification_fi, c.metadata.f_term AS f_term, c.summary AS summary, c.claims AS claims, c.metadata.keywords AS doc_keywords, c.metadata.classification_ipc AS classification_ipc, c.metadata.publication_date AS publication_date FROM c WHERE (EXISTS (SELECT VALUE 1 FROM fi IN c.metadata.classification_fi WHERE STARTSWITH(fi, @fi_pref, true)) OR EXISTS (SELECT VALUE 1 FROM ft IN c.metadata.f_term WHERE STARTSWITH(ft, @ft_pref, true)) ) AND (CONTAINS(c.metadata.title, @kw, true) OR CONTAINS(c.summary, @kw, true) OR EXISTS (SELECT VALUE 1 FROM cl IN c.claims WHERE CONTAINS(cl.text, @kw, true))) | params: {""fi_pref"": ""A63F7"", ""ft_pref"": ""2C333EA"", ""kw"": ""遊技性""}"
2020192202,14,遊技機,20201203,"[balanced fi_pref=A63F7 ft_pref=2C333AA kw=遊技性] SELECT c.metadata.patent_id AS patent_id, c.metadata.title AS title, c.metadata.classification_fi AS classification_fi, c.metadata.f_term AS f_term, c.summary AS summary, c.claims AS claims, c.metadata.keywords AS doc_keywords, c.metadata.classification_ipc AS classification_ipc, c.metadata.publication_date AS publication_date FROM c WHERE (EXISTS (SELECT VALUE 1 FROM fi IN c.metadata.classification_fi WHERE STARTSWITH(fi, @fi_pref, true)) OR EXISTS (SELECT VALUE 1 FROM ft IN c.metadata.f_term WHERE STARTSWITH(ft, @ft_pref, true)) ) AND (CONTAINS(c.metadata.title, @kw, true) OR CONTAINS(c.summary, @kw, true) OR EXISTS (SELECT VALUE 1 FROM cl IN c.claims WHERE CONTAINS(cl.text, @kw, true))) | params: {""fi_pref"": ""A63F7"", ""ft_pref"": ""2C333AA"", ""kw"": ""遊技性""} || [balanced fi_pref=A63F7 ft_pref=2C088EA kw=遊技性] SELECT c.metadata.patent_id AS patent_id, c.metadata.title AS title, c.metadata.classification_fi AS classification_fi, c.metadata.f_term AS f_term, c.summary AS summary, c.claims AS claims, c.metadata.keywords AS doc_keywords, c.metadata.classification_ipc AS classification_ipc, c.metadata.publication_date AS publication_date FROM c WHERE (EXISTS (SELECT VALUE 1 FROM fi IN c.metadata.classification_fi WHERE STARTSWITH(fi, @fi_pref, true)) OR EXISTS (SELECT VALUE 1 FROM ft IN c.metadata.f_term WHERE STARTSWITH(ft, @ft_pref, true)) ) AND (CONTAINS(c.metadata.title, @kw, true) OR CONTAINS(c.summary, @kw, true) OR EXISTS (SELECT VALUE 1 FROM cl IN c.claims WHERE CONTAINS(cl.text, @kw, true))) | params: {""fi_pref"": ""A63F7"", ""ft_pref"": ""2C088EA"", ""kw"": ""遊技性""} || [balanced fi_pref=A63F7 ft_pref=2C333EA kw=遊技性] SELECT c.metadata.patent_id AS patent_id, c.metadata.title AS title, c.metadata.classification_fi AS classification_fi, c.metadata.f_term AS f_term, c.summary AS summary, c.claims AS claims, c.metadata.keywords AS doc_keywords, c.metadata.classification_ipc AS classification_ipc, c.metadata.publication_date AS publication_date FROM c WHERE (EXISTS (SELECT VALUE 1 FROM fi IN c.metadata.classification_fi WHERE STARTSWITH(fi, @fi_pref, true)) OR EXISTS (SELECT VALUE 1 FROM ft IN c.metadata.f_term WHERE STARTSWITH(ft, @ft_pref, true)) ) AND (CONTAINS(c.metadata.title, @kw, true) OR CONTAINS(c.summary, @kw, true) OR EXISTS (SELECT VALUE 1 FROM cl IN c.claims WHERE CONTAINS(cl.text, @kw, true))) | params: {""fi_pref"": ""A63F7"", ""ft_pref"": ""2C333EA"", ""kw"": ""遊技性""}"
2021007605,14,遊技機,20210128,"[balanced fi_pref=A63F7 ft_pref=2C333AA kw=遊技性] SELECT c.metadata.patent_id AS patent_id, c.metadata.title AS title, c.metadata.classification_fi AS classification_fi, c.metadata.f_term AS f_term, c.summary AS summary, c.claims AS claims, c.metadata.keywords AS doc_keywords, c.metadata.classification_ipc AS classification_ipc, c.metadata.publication_date AS publication_date FROM c WHERE (EXISTS (SELECT VALUE 1 FROM fi IN c.metadata.classification_fi WHERE STARTSWITH(fi, @fi_pref, true)) OR EXISTS (SELECT VALUE 1 FROM ft IN c.metadata.f_term WHERE STARTSWITH(ft, @ft_pref, true)) ) AND (CONTAINS(c.metadata.title, @kw, true) OR CONTAINS(c.summary, @kw, true) OR EXISTS (SELECT VALUE 1 FROM cl IN c.claims WHERE CONTAINS(cl.text, @kw, true))) | params: {""fi_pref"": ""A63F7"", ""ft_pref"": ""2C333AA"", ""kw"": ""遊技性""} || [balanced fi_pref=A63F7 ft_pref=2C088EA kw=遊技性] SELECT c.metadata.patent_id AS patent_id, c.metadata.title AS title, c.metadata.classification_fi AS classification_fi, c.metadata.f_term AS f_term, c.summary AS summary, c.claims AS claims, c.metadata.keywords AS doc_keywords, c.metadata.classification_ipc AS classification_ipc, c.metadata.publication_date AS publication_date FROM c WHERE (EXISTS (SELECT VALUE 1 FROM fi IN c.metadata.classification_fi WHERE STARTSWITH(fi, @fi_pref, true)) OR EXISTS (SELECT VALUE 1 FROM ft IN c.metadata.f_term WHERE STARTSWITH(ft, @ft_pref, true)) ) AND (CONTAINS(c.metadata.title, @kw, true) OR CONTAINS(c.summary, @kw, true) OR EXISTS (SELECT VALUE 1 FROM cl IN c.claims WHERE CONTAINS(cl.text, @kw, true))) | params: {""fi_pref"": ""A63F7"", ""ft_pref"": ""2C088EA"", ""kw"": ""遊技性""} || [balanced fi_pref=A63F7 ft_pref=2C333EA kw=遊技性] SELECT c.metadata.patent_id AS patent_id, c.metadata.title AS title, c.metadata.classification_fi AS classification_fi, c.metadata.f_term AS f_term, c.summary AS summary, c.claims AS claims, c.metadata.keywords AS doc_keywords, c.metadata.classification_ipc AS classification_ipc, c.metadata.publication_date AS publication_date FROM c WHERE (EXISTS (SELECT VALUE 1 FROM fi IN c.metadata.classification_fi WHERE STARTSWITH(fi, @fi_pref, true)) OR EXISTS (SELECT VALUE 1 FROM ft IN c.metadata.f_term WHERE STARTSWITH(ft, @ft_pref, true)) ) AND (CONTAINS(c.metadata.title, @kw, true) OR CONTAINS(c.summary, @kw, true) OR EXISTS (SELECT VALUE 1 FROM cl IN c.claims WHERE CONTAINS(cl.text, @kw, true))) | params: {""fi_pref"": ""A63F7"", ""ft_pref"": ""2C333EA"", ""kw"": ""遊技性""}"
2020178947,14,遊技機,20201105,"[balanced fi_pref=A63F7 ft_pref=2C333AA kw=遊技性] SELECT c.metadata.patent_id AS patent_id, c.metadata.title AS title, c.metadata.classification_fi AS classification_fi, c.metadata.f_term AS f_term, c.summary AS summary, c.claims AS claims, c.metadata.keywords AS doc_keywords, c.metadata.classification_ipc AS classification_ipc, c.metadata.publication_date AS publication_date FROM c WHERE (EXISTS (SELECT VALUE 1 FROM fi IN c.metadata.classification_fi WHERE STARTSWITH(fi, @fi_pref, true)) OR EXISTS (SELECT VALUE 1 FROM ft IN c.metadata.f_term WHERE STARTSWITH(ft, @ft_pref, true)) ) AND (CONTAINS(c.metadata.title, @kw, true) OR CONTAINS(c.summary, @kw, true) OR EXISTS (SELECT VALUE 1 FROM cl IN c.claims WHERE CONTAINS(cl.text, @kw, true))) | params: {""fi_pref"": ""A63F7"", ""ft_pref"": ""2C333AA"", ""kw"": ""遊技性""} || [balanced fi_pref=A63F7 ft_pref=2C088EA kw=遊技性] SELECT c.metadata.patent_id AS patent_id, c.metadata.title AS title, c.metadata.classification_fi AS classification_fi, c.metadata.f_term AS f_term, c.summary AS summary, c.claims AS claims, c.metadata.keywords AS doc_keywords, c.metadata.classification_ipc AS classification_ipc, c.metadata.publication_date AS publication_date FROM c WHERE (EXISTS (SELECT VALUE 1 FROM fi IN c.metadata.classification_fi WHERE STARTSWITH(fi, @fi_pref, true)) OR EXISTS (SELECT VALUE 1 FROM ft IN c.metadata.f_term WHERE STARTSWITH(ft, @ft_pref, true)) ) AND (CONTAINS(c.metadata.title, @kw, true) OR CONTAINS(c.summary, @kw, true) OR EXISTS (SELECT VALUE 1 FROM cl IN c.claims WHERE CONTAINS(cl.text, @kw, true))) | params: {""fi_pref"": ""A63F7"", ""ft_pref"": ""2C088EA"", ""kw"": ""遊技性""} || [balanced fi_pref=A63F7 ft_pref=2C333EA kw=遊技性] SELECT c.metadata.patent_id AS patent_id, c.metadata.title AS title, c.metadata.classification_fi AS classification_fi, c.metadata.f_term AS f_term, c.summary AS summary, c.claims AS claims, c.metadata.keywords AS doc_keywords, c.metadata.classification_ipc AS classification_ipc, c.metadata.publication_date AS publication_date FROM c WHERE (EXISTS (SELECT VALUE 1 FROM fi IN c.metadata.classification_fi WHERE STARTSWITH(fi, @fi_pref, true)) OR EXISTS (SELECT VALUE 1 FROM ft IN c.metadata.f_term WHERE STARTSWITH(ft, @ft_pref, true)) ) AND (CONTAINS(c.metadata.title, @kw, true) OR CONTAINS(c.summary, @kw, true) OR EXISTS (SELECT VALUE 1 FROM cl IN c.claims WHERE CONTAINS(cl.text, @kw, true))) | params: {""fi_pref"": ""A63F7"", ""ft_pref"": ""2C333EA"", ""kw"": ""遊技性""}"
2010029475,14,弾球遊技機,20100212,"[balanced fi_pref=A63F7 ft_pref=2C333AA kw=遊技性] SELECT c.metadata.patent_id AS patent_id, c.metadata.title AS title, c.metadata.classification_fi AS classification_fi, c.metadata.f_term AS f_term, c.summary AS summary, c.claims AS claims, c.metadata.keywords AS doc_keywords, c.metadata.classification_ipc AS classification_ipc, c.metadata.publication_date AS publication_date FROM c WHERE (EXISTS (SELECT VALUE 1 FROM fi IN c.metadata.classification_fi WHERE STARTSWITH(fi, @fi_pref, true)) OR EXISTS (SELECT VALUE 1 FROM ft IN c.metadata.f_term WHERE STARTSWITH(ft, @ft_pref, true)) ) AND (CONTAINS(c.metadata.title, @kw, true) OR CONTAINS(c.summary, @kw, true) OR EXISTS (SELECT VALUE 1 FROM cl IN c.claims WHERE CONTAINS(cl.text, @kw, true))) | params: {""fi_pref"": ""A63F7"", ""ft_pref"": ""2C333AA"", ""kw"": ""遊技性""} || [balanced fi_pref=A63F7 ft_pref=2C088EA kw=遊技性] SELECT c.metadata.patent_id AS patent_id, c.metadata.title AS title, c.metadata.classification_fi AS classification_fi, c.metadata.f_term AS f_term, c.summary AS summary, c.claims AS claims, c.metadata.keywords AS doc_keywords, c.metadata.classification_ipc AS classification_ipc, c.metadata.publication_date AS publication_date FROM c WHERE (EXISTS (SELECT VALUE 1 FROM fi IN c.metadata.classification_fi WHERE STARTSWITH(fi, @fi_pref, true)) OR EXISTS (SELECT VALUE 1 FROM ft IN c.metadata.f_term WHERE STARTSWITH(ft, @ft_pref, true)) ) AND (CONTAINS(c.metadata.title, @kw, true) OR CONTAINS(c.summary, @kw, true) OR EXISTS (SELECT VALUE 1 FROM cl IN c.claims WHERE CONTAINS(cl.text, @kw, true))) | params: {""fi_pref"": ""A63F7"", ""ft_pref"": ""2C088EA"", ""kw"": ""遊技性""} || [balanced fi_pref=A63F7 ft_pref=2C333EA kw=遊技性] SELECT c.metadata.patent_id AS patent_id, c.metadata.title AS title, c.metadata.classification_fi AS classification_fi, c.metadata.f_term AS f_term, c.summary AS summary, c.claims AS claims, c.metadata.keywords AS doc_keywords, c.metadata.classification_ipc AS classification_ipc, c.metadata.publication_date AS publication_date FROM c WHERE (EXISTS (SELECT VALUE 1 FROM fi IN c.metadata.classification_fi WHERE STARTSWITH(fi, @fi_pref, true)) OR EXISTS (SELECT VALUE 1 FROM ft IN c.metadata.f_term WHERE STARTSWITH(ft, @ft_pref, true)) ) AND (CONTAINS(c.metadata.title, @kw, true) OR CONTAINS(c.summary, @kw, true) OR EXISTS (SELECT VALUE 1 FROM cl IN c.claims WHERE CONTAINS(cl.text, @kw, true))) | params: {""fi_pref"": ""A63F7"", ""ft_pref"": ""2C333EA"", ""kw"": ""遊技性""}"
2020092820,14,遊技機,20200618,"[balanced fi_pref=A63F7 ft_pref=2C333AA kw=遊技性] SELECT c.metadata.patent_id AS patent_id, c.metadata.title AS title, c.metadata.classification_fi AS classification_fi, c.metadata.f_term AS f_term, c.summary AS summary, c.claims AS claims, c.metadata.keywords AS doc_keywords, c.metadata.classification_ipc AS classification_ipc, c.metadata.publication_date AS publication_date FROM c WHERE (EXISTS (SELECT VALUE 1 FROM fi IN c.metadata.classification_fi WHERE STARTSWITH(fi, @fi_pref, true)) OR EXISTS (SELECT VALUE 1 FROM ft IN c.metadata.f_term WHERE STARTSWITH(ft, @ft_pref, true)) ) AND (CONTAINS(c.metadata.title, @kw, true) OR CONTAINS(c.summary, @kw, true) OR EXISTS (SELECT VALUE 1 FROM cl IN c.claims WHERE CONTAINS(cl.text, @kw, true))) | params: {""fi_pref"": ""A63F7"", ""ft_pref"": ""2C333AA"", ""kw"": ""遊技性""} || [balanced fi_pref=A63F7 ft_pref=2C088EA kw=遊技性] SELECT c.metadata.patent_id AS patent_id, c.metadata.title AS title, c.metadata.classification_fi AS classification_fi, c.metadata.f_term AS f_term, c.summary AS summary, c.claims AS claims, c.metadata.keywords AS doc_keywords, c.metadata.classification_ipc AS classification_ipc, c.metadata.publication_date AS publication_date FROM c WHERE (EXISTS (SELECT VALUE 1 FROM fi IN c.metadata.classification_fi WHERE STARTSWITH(fi, @fi_pref, true)) OR EXISTS (SELECT VALUE 1 FROM ft IN c.metadata.f_term WHERE STARTSWITH(ft, @ft_pref, true)) ) AND (CONTAINS(c.metadata.title, @kw, true) OR CONTAINS(c.summary, @kw, true) OR EXISTS (SELECT VALUE 1 FROM cl IN c.claims WHERE CONTAINS(cl.text, @kw, true))) | params: {""fi_pref"": ""A63F7"", ""ft_pref"": ""2C088EA"", ""kw"": ""遊技性""} || [balanced fi_pref=A63F7 ft_pref=2C333EA kw=遊技性] SELECT c.metadata.patent_id AS patent_id, c.metadata.title AS title, c.metadata.classification_fi AS classification_fi, c.metadata.f_term AS f_term, c.summary AS summary, c.claims AS claims, c.metadata.keywords AS doc_keywords, c.metadata.classification_ipc AS classification_ipc, c.metadata.publication_date AS publication_date FROM c WHERE (EXISTS (SELECT VALUE 1 FROM fi IN c.metadata.classification_fi WHERE STARTSWITH(fi, @fi_pref, true)) OR EXISTS (SELECT VALUE 1 FROM ft IN c.metadata.f_term WHERE STARTSWITH(ft, @ft_pref, true)) ) AND (CONTAINS(c.metadata.title, @kw, true) OR CONTAINS(c.summary, @kw, true) OR EXISTS (SELECT VALUE 1 FROM cl IN c.claims WHERE CONTAINS(cl.text, @kw, true))) | params: {""fi_pref"": ""A63F7"", ""ft_pref"": ""2C333EA"", ""kw"": ""遊技性""}"
2020031672,14,遊技機,20200305,"[balanced fi_pref=A63F7 ft_pref=2C333AA kw=遊技性] SELECT c.metadata.patent_id AS patent_id, c.metadata.title AS title, c.metadata.classification_fi AS classification_fi, c.metadata.f_term AS f_term, c.summary AS summary, c.claims AS claims, c.metadata.keywords AS doc_keywords, c.metadata.classification_ipc AS classification_ipc, c.metadata.publication_date AS publication_date FROM c WHERE (EXISTS (SELECT VALUE 1 FROM fi IN c.metadata.classification_fi WHERE STARTSWITH(fi, @fi_pref, true)) OR EXISTS (SELECT VALUE 1 FROM ft IN c.metadata.f_term WHERE STARTSWITH(ft, @ft_pref, true)) ) AND (CONTAINS(c.metadata.title, @kw, true) OR CONTAINS(c.summary, @kw, true) OR EXISTS (SELECT VALUE 1 FROM cl IN c.claims WHERE CONTAINS(cl.text, @kw, true))) | params: {""fi_pref"": ""A63F7"", ""ft_pref"": ""2C333AA"", ""kw"": ""遊技性""} || [balanced fi_pref=A63F7 ft_pref=2C088EA kw=遊技性] SELECT c.metadata.patent_id AS patent_id, c.metadata.title AS title, c.metadata.classification_fi AS classification_fi, c.metadata.f_term AS f_term, c.summary AS summary, c.claims AS claims, c.metadata.keywords AS doc_keywords, c.metadata.classification_ipc AS classification_ipc, c.metadata.publication_date AS publication_date FROM c WHERE (EXISTS (SELECT VALUE 1 FROM fi IN c.metadata.classification_fi WHERE STARTSWITH(fi, @fi_pref, true)) OR EXISTS (SELECT VALUE 1 FROM ft IN c.metadata.f_term WHERE STARTSWITH(ft, @ft_pref, true)) ) AND (CONTAINS(c.metadata.title, @kw, true) OR CONTAINS(c.summary, @kw, true) OR EXISTS (SELECT VALUE 1 FROM cl IN c.claims WHERE CONTAINS(cl.text, @kw, true))) | params: {""fi_pref"": ""A63F7"", ""ft_pref"": ""2C088EA"", ""kw"": ""遊技性""} || [balanced fi_pref=A63F7 ft_pref=2C333EA kw=遊技性] SELECT c.metadata.patent_id AS patent_id, c.metadata.title AS title, c.metadata.classification_fi AS classification_fi, c.metadata.f_term AS f_term, c.summary AS summary, c.claims AS claims, c.metadata.keywords AS doc_keywords, c.metadata.classification_ipc AS classification_ipc, c.metadata.publication_date AS publication_date FROM c WHERE (EXISTS (SELECT VALUE 1 FROM fi IN c.metadata.classification_fi WHERE STARTSWITH(fi, @fi_pref, true)) OR EXISTS (SELECT VALUE 1 FROM ft IN c.metadata.f_term WHERE STARTSWITH(ft, @ft_pref, true)) ) AND (CONTAINS(c.metadata.title, @kw, true) OR CONTAINS(c.summary, @kw, true) OR EXISTS (SELECT VALUE 1 FROM cl IN c.claims WHERE CONTAINS(cl.text, @kw, true))) | params: {""fi_pref"": ""A63F7"", ""ft_pref"": ""2C333EA"", ""kw"": ""遊技性""}"
2020115937,14,遊技機,20200806,"[balanced fi_pref=A63F7 ft_pref=2C333AA kw=遊技性] SELECT c.metadata.patent_id AS patent_id, c.metadata.title AS title, c.metadata.classification_fi AS classification_fi, c.metadata.f_term AS f_term, c.summary AS summary, c.claims AS claims, c.metadata.keywords AS doc_keywords, c.metadata.classification_ipc AS classification_ipc, c.metadata.publication_date AS publication_date FROM c WHERE (EXISTS (SELECT VALUE 1 FROM fi IN c.metadata.classification_fi WHERE STARTSWITH(fi, @fi_pref, true)) OR EXISTS (SELECT VALUE 1 FROM ft IN c.metadata.f_term WHERE STARTSWITH(ft, @ft_pref, true)) ) AND (CONTAINS(c.metadata.title, @kw, true) OR CONTAINS(c.summary, @kw, true) OR EXISTS (SELECT VALUE 1 FROM cl IN c.claims WHERE CONTAINS(cl.text, @kw, true))) | params: {""fi_pref"": ""A63F7"", ""ft_pref"": ""2C333AA"", ""kw"": ""遊技性""} || [balanced fi_pref=A63F7 ft_pref=2C088EA kw=遊技性] SELECT c.metadata.patent_id AS patent_id, c.metadata.title AS title, c.metadata.classification_fi AS classification_fi, c.metadata.f_term AS f_term, c.summary AS summary, c.claims AS claims, c.metadata.keywords AS doc_keywords, c.metadata.classification_ipc AS classification_ipc, c.metadata.publication_date AS publication_date FROM c WHERE (EXISTS (SELECT VALUE 1 FROM fi IN c.metadata.classification_fi WHERE STARTSWITH(fi, @fi_pref, true)) OR EXISTS (SELECT VALUE 1 FROM ft IN c.metadata.f_term WHERE STARTSWITH(ft, @ft_pref, true)) ) AND (CONTAINS(c.metadata.title, @kw, true) OR CONTAINS(c.summary, @kw, true) OR EXISTS (SELECT VALUE 1 FROM cl IN c.claims WHERE CONTAINS(cl.text, @kw, true))) | params: {""fi_pref"": ""A63F7"", ""ft_pref"": ""2C088EA"", ""kw"": ""遊技性""} || [balanced fi_pref=A63F7 ft_pref=2C333EA kw=遊技性] SELECT c.metadata.patent_id AS patent_id, c.metadata.title AS title, c.metadata.classification_fi AS classification_fi, c.metadata.f_term AS f_term, c.summary AS summary, c.claims AS claims, c.metadata.keywords AS doc_keywords, c.metadata.classification_ipc AS classification_ipc, c.metadata.publication_date AS publication_date FROM c WHERE (EXISTS (SELECT VALUE 1 FROM fi IN c.metadata.classification_fi WHERE STARTSWITH(fi, @fi_pref, true)) OR EXISTS (SELECT VALUE 1 FROM ft IN c.metadata.f_term WHERE STARTSWITH(ft, @ft_pref, true)) ) AND (CONTAINS(c.metadata.title, @kw, true) OR CONTAINS(c.summary, @kw, true) OR EXISTS (SELECT VALUE 1 FROM cl IN c.claims WHERE CONTAINS(cl.text, @kw, true))) | params: {""fi_pref"": ""A63F7"", ""ft_pref"": ""2C333EA"", ""kw"": ""遊技性""}"
2019024940,14,遊技機,20190221,"[balanced fi_pref=A63F7 ft_pref=2C333AA kw=遊技性] SELECT c.metadata.patent_id AS patent_id, c.metadata.title AS title, c.metadata.classification_fi AS classification_fi, c.metadata.f_term AS f_term, c.summary AS summary, c.claims AS claims, c.metadata.keywords AS doc_keywords, c.metadata.classification_ipc AS classification_ipc, c.metadata.publication_date AS publication_date FROM c WHERE (EXISTS (SELECT VALUE 1 FROM fi IN c.metadata.classification_fi WHERE STARTSWITH(fi, @fi_pref, true)) OR EXISTS (SELECT VALUE 1 FROM ft IN c.metadata.f_term WHERE STARTSWITH(ft, @ft_pref, true)) ) AND (CONTAINS(c.metadata.title, @kw, true) OR CONTAINS(c.summary, @kw, true) OR EXISTS (SELECT VALUE 1 FROM cl IN c.claims WHERE CONTAINS(cl.text, @kw, true))) | params: {""fi_pref"": ""A63F7"", ""ft_pref"": ""2C333AA"", ""kw"": ""遊技性""} || [balanced fi_pref=A63F7 ft_pref=2C088EA kw=遊技性] SELECT c.metadata.patent_id AS patent_id, c.metadata.title AS title, c.metadata.classification_fi AS classification_fi, c.metadata.f_term AS f_term, c.summary AS summary, c.claims AS claims, c.metadata.keywords AS doc_keywords, c.metadata.classification_ipc AS classification_ipc, c.metadata.publication_date AS publication_date FROM c WHERE (EXISTS (SELECT VALUE 1 FROM fi IN c.metadata.classification_fi WHERE STARTSWITH(fi, @fi_pref, true)) OR EXISTS (SELECT VALUE 1 FROM ft IN c.metadata.f_term WHERE STARTSWITH(ft, @ft_pref, true)) ) AND (CONTAINS(c.metadata.title, @kw, true) OR CONTAINS(c.summary, @kw, true) OR EXISTS (SELECT VALUE 1 FROM cl IN c.claims WHERE CONTAINS(cl.text, @kw, true))) | params: {""fi_pref"": ""A63F7"", ""ft_pref"": ""2C088EA"", ""kw"": ""遊技性""} || [balanced fi_pref=A63F7 ft_pref=2C333EA kw=遊技性] SELECT c.metadata.patent_id AS patent_id, c.metadata.title AS title, c.metadata.classification_fi AS classification_fi, c.metadata.f_term AS f_term, c.summary AS summary, c.claims AS claims, c.metadata.keywords AS doc_keywords, c.metadata.classification_ipc AS classification_ipc, c.metadata.publication_date AS publication_date FROM c WHERE (EXISTS (SELECT VALUE 1 FROM fi IN c.metadata.classification_fi WHERE STARTSWITH(fi, @fi_pref, true)) OR EXISTS (SELECT VALUE 1 FROM ft IN c.metadata.f_term WHERE STARTSWITH(ft, @ft_pref, true)) ) AND (CONTAINS(c.metadata.title, @kw, true) OR CONTAINS(c.summary, @kw, true) OR EXISTS (SELECT VALUE 1 FROM cl IN c.claims WHERE CONTAINS(cl.text, @kw, true))) | params: {""fi_pref"": ""A63F7"", ""ft_pref"": ""2C333EA"", ""kw"": ""遊技性""}"
2021153871,14,ぱちんこ遊技機,20211007,"[balanced fi_pref=A63F7 ft_pref=2C333AA kw=遊技性] SELECT c.metadata.patent_id AS patent_id, c.metadata.title AS title, c.metadata.classification_fi AS classification_fi, c.metadata.f_term AS f_term, c.summary AS summary, c.claims AS claims, c.metadata.keywords AS doc_keywords, c.metadata.classification_ipc AS classification_ipc, c.metadata.publication_date AS publication_date FROM c WHERE (EXISTS (SELECT VALUE 1 FROM fi IN c.metadata.classification_fi WHERE STARTSWITH(fi, @fi_pref, true)) OR EXISTS (SELECT VALUE 1 FROM ft IN c.metadata.f_term WHERE STARTSWITH(ft, @ft_pref, true)) ) AND (CONTAINS(c.metadata.title, @kw, true) OR CONTAINS(c.summary, @kw, true) OR EXISTS (SELECT VALUE 1 FROM cl IN c.claims WHERE CONTAINS(cl.text, @kw, true))) | params: {""fi_pref"": ""A63F7"", ""ft_pref"": ""2C333AA"", ""kw"": ""遊技性""} || [balanced fi_pref=A63F7 ft_pref=2C088EA kw=遊技性] SELECT c.metadata.patent_id AS patent_id, c.metadata.title AS title, c.metadata.classification_fi AS classification_fi, c.metadata.f_term AS f_term, c.summary AS summary, c.claims AS claims, c.metadata.keywords AS doc_keywords, c.metadata.classification_ipc AS classification_ipc, c.metadata.publication_date AS publication_date FROM c WHERE (EXISTS (SELECT VALUE 1 FROM fi IN c.metadata.classification_fi WHERE STARTSWITH(fi, @fi_pref, true)) OR EXISTS (SELECT VALUE 1 FROM ft IN c.metadata.f_term WHERE STARTSWITH(ft, @ft_pref, true)) ) AND (CONTAINS(c.metadata.title, @kw, true) OR CONTAINS(c.summary, @kw, true) OR EXISTS (SELECT VALUE 1 FROM cl IN c.claims WHERE CONTAINS(cl.text, @kw, true))) | params: {""fi_pref"": ""A63F7"", ""ft_pref"": ""2C088EA"", ""kw"": ""遊技性""} || [balanced fi_pref=A63F7 ft_pref=2C333EA kw=遊技性] SELECT c.metadata.patent_id AS patent_id, c.metadata.title AS title, c.metadata.classification_fi AS classification_fi, c.metadata.f_term AS f_term, c.summary AS summary, c.claims AS claims, c.metadata.keywords AS doc_keywords, c.metadata.classification_ipc AS classification_ipc, c.metadata.publication_date AS publication_date FROM c WHERE (EXISTS (SELECT VALUE 1 FROM fi IN c.metadata.classification_fi WHERE STARTSWITH(fi, @fi_pref, true)) OR EXISTS (SELECT VALUE 1 FROM ft IN c.metadata.f_term WHERE STARTSWITH(ft, @ft_pref, true)) ) AND (CONTAINS(c.metadata.title, @kw, true) OR CONTAINS(c.summary, @kw, true) OR EXISTS (SELECT VALUE 1 FROM cl IN c.claims WHERE CONTAINS(cl.text, @kw, true))) | params: {""fi_pref"": ""A63F7"", ""ft_pref"": ""2C333EA"", ""kw"": ""遊技性""}"
2020116058,14,遊技機,20200806,"[balanced fi_pref=A63F7 ft_pref=2C333AA kw=遊技性] SELECT c.metadata.patent_id AS patent_id, c.metadata.title AS title, c.metadata.classification_fi AS classification_fi, c.metadata.f_term AS f_term, c.summary AS summary, c.claims AS claims, c.metadata.keywords AS doc_keywords, c.metadata.classification_ipc AS classification_ipc, c.metadata.publication_date AS publication_date FROM c WHERE (EXISTS (SELECT VALUE 1 FROM fi IN c.metadata.classification_fi WHERE STARTSWITH(fi, @fi_pref, true)) OR EXISTS (SELECT VALUE 1 FROM ft IN c.metadata.f_term WHERE STARTSWITH(ft, @ft_pref, true)) ) AND (CONTAINS(c.metadata.title, @kw, true) OR CONTAINS(c.summary, @kw, true) OR EXISTS (SELECT VALUE 1 FROM cl IN c.claims WHERE CONTAINS(cl.text, @kw, true))) | params: {""fi_pref"": ""A63F7"", ""ft_pref"": ""2C333AA"", ""kw"": ""遊技性""} || [balanced fi_pref=A63F7 ft_pref=2C088EA kw=遊技性] SELECT c.metadata.patent_id AS patent_id, c.metadata.title AS title, c.metadata.classification_fi AS classification_fi, c.metadata.f_term AS f_term, c.summary AS summary, c.claims AS claims, c.metadata.keywords AS doc_keywords, c.metadata.classification_ipc AS classification_ipc, c.metadata.publication_date AS publication_date FROM c WHERE (EXISTS (SELECT VALUE 1 FROM fi IN c.metadata.classification_fi WHERE STARTSWITH(fi, @fi_pref, true)) OR EXISTS (SELECT VALUE 1 FROM ft IN c.metadata.f_term WHERE STARTSWITH(ft, @ft_pref, true)) ) AND (CONTAINS(c.metadata.title, @kw, true) OR CONTAINS(c.summary, @kw, true) OR EXISTS (SELECT VALUE 1 FROM cl IN c.claims WHERE CONTAINS(cl.text, @kw, true))) | params: {""fi_pref"": ""A63F7"", ""ft_pref"": ""2C088EA"", ""kw"": ""遊技性""} || [balanced fi_pref=A63F7 ft_pref=2C333EA kw=遊技性] SELECT c.metadata.patent_id AS patent_id, c.metadata.title AS title, c.metadata.classification_fi AS classification_fi, c.metadata.f_term AS f_term, c.summary AS summary, c.claims AS claims, c.metadata.keywords AS doc_keywords, c.metadata.classification_ipc AS classification_ipc, c.metadata.publication_date AS publication_date FROM c WHERE (EXISTS (SELECT VALUE 1 FROM fi IN c.metadata.classification_fi WHERE STARTSWITH(fi, @fi_pref, true)) OR EXISTS (SELECT VALUE 1 FROM ft IN c.metadata.f_term WHERE STARTSWITH(ft, @ft_pref, true)) ) AND (CONTAINS(c.metadata.title, @kw, true) OR CONTAINS(c.summary, @kw, true) OR EXISTS (SELECT VALUE 1 FROM cl IN c.claims WHERE CONTAINS(cl.text, @kw, true))) | params: {""fi_pref"": ""A63F7"", ""ft_pref"": ""2C333EA"", ""kw"": ""遊技性""}"
2016214419,14,遊技機,20161222,"[balanced fi_pref=A63F7 ft_pref=2C333AA kw=遊技性] SELECT c.metadata.patent_id AS patent_id, c.metadata.title AS title, c.metadata.classification_fi AS classification_fi, c.metadata.f_term AS f_term, c.summary AS summary, c.claims AS claims, c.metadata.keywords AS doc_keywords, c.metadata.classification_ipc AS classification_ipc, c.metadata.publication_date AS publication_date FROM c WHERE (EXISTS (SELECT VALUE 1 FROM fi IN c.metadata.classification_fi WHERE STARTSWITH(fi, @fi_pref, true)) OR EXISTS (SELECT VALUE 1 FROM ft IN c.metadata.f_term WHERE STARTSWITH(ft, @ft_pref, true)) ) AND (CONTAINS(c.metadata.title, @kw, true) OR CONTAINS(c.summary, @kw, true) OR EXISTS (SELECT VALUE 1 FROM cl IN c.claims WHERE CONTAINS(cl.text, @kw, true))) | params: {""fi_pref"": ""A63F7"", ""ft_pref"": ""2C333AA"", ""kw"": ""遊技性""} || [balanced fi_pref=A63F7 ft_pref=2C088EA kw=遊技性] SELECT c.metadata.patent_id AS patent_id, c.metadata.title AS title, c.metadata.classification_fi AS classification_fi, c.metadata.f_term AS f_term, c.summary AS summary, c.claims AS claims, c.metadata.keywords AS doc_keywords, c.metadata.classification_ipc AS classification_ipc, c.metadata.publication_date AS publication_date FROM c WHERE (EXISTS (SELECT VALUE 1 FROM fi IN c.metadata.classification_fi WHERE STARTSWITH(fi, @fi_pref, true)) OR EXISTS (SELECT VALUE 1 FROM ft IN c.metadata.f_term WHERE STARTSWITH(ft, @ft_pref, true)) ) AND (CONTAINS(c.metadata.title, @kw, true) OR CONTAINS(c.summary, @kw, true) OR EXISTS (SELECT VALUE 1 FROM cl IN c.claims WHERE CONTAINS(cl.text, @kw, true))) | params: {""fi_pref"": ""A63F7"", ""ft_pref"": ""2C088EA"", ""kw"": ""遊技性""} || [balanced fi_pref=A63F7 ft_pref=2C333EA kw=遊技性] SELECT c.metadata.patent_id AS patent_id, c.metadata.title AS title, c.metadata.classification_fi AS classification_fi, c.metadata.f_term AS f_term, c.summary AS summary, c.claims AS claims, c.metadata.keywords AS doc_keywords, c.metadata.classification_ipc AS classification_ipc, c.metadata.publication_date AS publication_date FROM c WHERE (EXISTS (SELECT VALUE 1 FROM fi IN c.metadata.classification_fi WHERE STARTSWITH(fi, @fi_pref, true)) OR EXISTS (SELECT VALUE 1 FROM ft IN c.metadata.f_term WHERE STARTSWITH(ft, @ft_pref, true)) ) AND (CONTAINS(c.metadata.title, @kw, true) OR CONTAINS(c.summary, @kw, true) OR EXISTS (SELECT VALUE 1 FROM cl IN c.claims WHERE CONTAINS(cl.text, @kw, true))) | params: {""fi_pref"": ""A63F7"", ""ft_pref"": ""2C333EA"", ""kw"": ""遊技性""}"
2017176889,14,ぱちんこ遊技機,20171005,"[balanced fi_pref=A63F7 ft_pref=2C333AA kw=遊技性] SELECT c.metadata.patent_id AS patent_id, c.metadata.title AS title, c.metadata.classification_fi AS classification_fi, c.metadata.f_term AS f_term, c.summary AS summary, c.claims AS claims, c.metadata.keywords AS doc_keywords, c.metadata.classification_ipc AS classification_ipc, c.metadata.publication_date AS publication_date FROM c WHERE (EXISTS (SELECT VALUE 1 FROM fi IN c.metadata.classification_fi WHERE STARTSWITH(fi, @fi_pref, true)) OR EXISTS (SELECT VALUE 1 FROM ft IN c.metadata.f_term WHERE STARTSWITH(ft, @ft_pref, true)) ) AND (CONTAINS(c.metadata.title, @kw, true) OR CONTAINS(c.summary, @kw, true) OR EXISTS (SELECT VALUE 1 FROM cl IN c.claims WHERE CONTAINS(cl.text, @kw, true))) | params: {""fi_pref"": ""A63F7"", ""ft_pref"": ""2C333AA"", ""kw"": ""遊技性""} || [balanced fi_pref=A63F7 ft_pref=2C088EA kw=遊技性] SELECT c.metadata.patent_id AS patent_id, c.metadata.title AS title, c.metadata.classification_fi AS classification_fi, c.metadata.f_term AS f_term, c.summary AS summary, c.claims AS claims, c.metadata.keywords AS doc_keywords, c.metadata.classification_ipc AS classification_ipc, c.metadata.publication_date AS publication_date FROM c WHERE (EXISTS (SELECT VALUE 1 FROM fi IN c.metadata.classification_fi WHERE STARTSWITH(fi, @fi_pref, true)) OR EXISTS (SELECT VALUE 1 FROM ft IN c.metadata.f_term WHERE STARTSWITH(ft, @ft_pref, true)) ) AND (CONTAINS(c.metadata.title, @kw, true) OR CONTAINS(c.summary, @kw, true) OR EXISTS (SELECT VALUE 1 FROM cl IN c.claims WHERE CONTAINS(cl.text, @kw, true))) | params: {""fi_pref"": ""A63F7"", ""ft_pref"": ""2C088EA"", ""kw"": ""遊技性""} || [balanced fi_pref=A63F7 ft_pref=2C333EA kw=遊技性] SELECT c.metadata.patent_id AS patent_id, c.metadata.title AS title, c.metadata.classification_fi AS classification_fi, c.metadata.f_term AS f_term, c.summary AS summary, c.claims AS claims, c.metadata.keywords AS doc_keywords, c.metadata.classification_ipc AS classification_ipc, c.metadata.publication_date AS publication_date FROM c WHERE (EXISTS (SELECT VALUE 1 FROM fi IN c.metadata.classification_fi WHERE STARTSWITH(fi, @fi_pref, true)) OR EXISTS (SELECT VALUE 1 FROM ft IN c.metadata.f_term WHERE STARTSWITH(ft, @ft_pref, true)) ) AND (CONTAINS(c.metadata.title, @kw, true) OR CONTAINS(c.summary, @kw, true) OR EXISTS (SELECT VALUE 1 FROM cl IN c.claims WHERE CONTAINS(cl.text, @kw, true))) | params: {""fi_pref"": ""A63F7"", ""ft_pref"": ""2C333EA"", ""kw"": ""遊技性""}"
2020162640,14,遊技用装置、管理装置及び遊技用システム,20201008,"[broad fi_pref=A63F7 ft_pref=2C333AA kw=遊技進行状態] SELECT c.metadata.patent_id AS patent_id, c.metadata.title AS title, c.metadata.classification_fi AS classification_fi, c.metadata.f_term AS f_term, c.summary AS summary, c.claims AS claims, c.metadata.keywords AS doc_keywords, c.metadata.classification_ipc AS classification_ipc, c.metadata.publication_date AS publication_date FROM c WHERE EXISTS (SELECT VALUE 1 FROM fi IN c.metadata.classification_fi WHERE STARTSWITH(fi, @fi_pref, true)) OR EXISTS (SELECT VALUE 1 FROM ft IN c.metadata.f_term WHERE STARTSWITH(ft, @ft_pref, true)) OR CONTAINS(c.metadata.title, @kw, true) | params: {""fi_pref"": ""A63F7"", ""ft_pref"": ""2C333AA"", ""kw"": ""遊技進行状態""}"
2020141822,14,遊技機,20200910,"[broad fi_pref=A63F7 ft_pref=2C333AA kw=遊技進行状態] SELECT c.metadata.patent_id AS patent_id, c.metadata.title AS title, c.metadata.classification_fi AS classification_fi, c.metadata.f_term AS f_term, c.summary AS summary, c.claims AS claims, c.metadata.keywords AS doc_keywords, c.metadata.classification_ipc AS classification_ipc, c.metadata.publication_date AS publication_date FROM c WHERE EXISTS (SELECT VALUE 1 FROM fi IN c.metadata.classification_fi WHERE STARTSWITH(fi, @fi_pref, true)) OR EXISTS (SELECT VALUE 1 FROM ft IN c.metadata.f_term WHERE STARTSWITH(ft, @ft_pref, true)) OR CONTAINS(c.metadata.title, @kw, true) | params: {""fi_pref"": ""A63F7"", ""ft_pref"": ""2C333AA"", ""kw"": ""遊技進行状態""}"
2021023503,14,遊技機,20210222,"[broad fi_pref=A63F7 ft_pref=2C333AA kw=遊技進行状態] SELECT c.metadata.patent_id AS patent_id, c.metadata.title AS title, c.metadata.classification_fi AS classification_fi, c.metadata.f_term AS f_term, c.summary AS summary, c.claims AS claims, c.metadata.keywords AS doc_keywords, c.metadata.classification_ipc AS classification_ipc, c.metadata.publication_date AS publication_date FROM c WHERE EXISTS (SELECT VALUE 1 FROM fi IN c.metadata.classification_fi WHERE STARTSWITH(fi, @fi_pref, true)) OR EXISTS (SELECT VALUE 1 FROM ft IN c.metadata.f_term WHERE STARTSWITH(ft, @ft_pref, true)) OR CONTAINS(c.metadata.title, @kw, true) | params: {""fi_pref"": ""A63F7"", ""ft_pref"": ""2C333AA"", ""kw"": ""遊技進行状態""}"
2020171414,14,遊技機,20201022,"[broad fi_pref=A63F7 ft_pref=2C333AA kw=遊技進行状態] SELECT c.metadata.patent_id AS patent_id, c.metadata.title AS title, c.metadata.classification_fi AS classification_fi, c.metadata.f_term AS f_term, c.summary AS summary, c.claims AS claims, c.metadata.keywords AS doc_keywords, c.metadata.classification_ipc AS classification_ipc, c.metadata.publication_date AS publication_date FROM c WHERE EXISTS (SELECT VALUE 1 FROM fi IN c.metadata.classification_fi WHERE STARTSWITH(fi, @fi_pref, true)) OR EXISTS (SELECT VALUE 1 FROM ft IN c.metadata.f_term WHERE STARTSWITH(ft, @ft_pref, true)) OR CONTAINS(c.metadata.title, @kw, true) | params: {""fi_pref"": ""A63F7"", ""ft_pref"": ""2C333AA"", ""kw"": ""遊技進行状態""}"
2020156715,14,遊技機,20201001,"[broad fi_pref=A63F7 ft_pref=2C333AA kw=遊技進行状態] SELECT c.metadata.patent_id AS patent_id, c.metadata.title AS title, c.metadata.classification_fi AS classification_fi, c.metadata.f_term AS f_term, c.summary AS summary, c.claims AS claims, c.metadata.keywords AS doc_keywords, c.metadata.classification_ipc AS classification_ipc, c.metadata.publication_date AS publication_date FROM c WHERE EXISTS (SELECT VALUE 1 FROM fi IN c.metadata.classification_fi WHERE STARTSWITH(fi, @fi_pref, true)) OR EXISTS (SELECT VALUE 1 FROM ft IN c.metadata.f_term WHERE STARTSWITH(ft, @ft_pref, true)) OR CONTAINS(c.metadata.title, @kw, true) | params: {""fi_pref"": ""A63F7"", ""ft_pref"": ""2C333AA"", ""kw"": ""遊技進行状態""}"
2021037229,14,遊技機の球抜き機構,20210311,"[broad fi_pref=A63F7 ft_pref=2C333AA kw=遊技進行状態] SELECT c.metadata.patent_id AS patent_id, c.metadata.title AS title, c.metadata.classification_fi AS classification_fi, c.metadata.f_term AS f_term, c.summary AS summary, c.claims AS claims, c.metadata.keywords AS doc_keywords, c.metadata.classification_ipc AS classification_ipc, c.metadata.publication_date AS publication_date FROM c WHERE EXISTS (SELECT VALUE 1 FROM fi IN c.metadata.classification_fi WHERE STARTSWITH(fi, @fi_pref, true)) OR EXISTS (SELECT VALUE 1 FROM ft IN c.metadata.f_term WHERE STARTSWITH(ft, @ft_pref, true)) OR CONTAINS(c.metadata.title, @kw, true) | params: {""fi_pref"": ""A63F7"", ""ft_pref"": ""2C333AA"", ""kw"": ""遊技進行状態""}"
2020141845,14,遊技機,20200910,"[broad fi_pref=A63F7 ft_pref=2C333AA kw=遊技進行状態] SELECT c.metadata.patent_id AS patent_id, c.metadata.title AS title, c.metadata.classification_fi AS classification_fi, c.metadata.f_term AS f_term, c.summary AS summary, c.claims AS claims, c.metadata.keywords AS doc_keywords, c.metadata.classification_ipc AS classification_ipc, c.metadata.publication_date AS publication_date FROM c WHERE EXISTS (SELECT VALUE 1 FROM fi IN c.metadata.classification_fi WHERE STARTSWITH(fi, @fi_pref, true)) OR EXISTS (SELECT VALUE 1 FROM ft IN c.metadata.f_term WHERE STARTSWITH(ft, @ft_pref, true)) OR CONTAINS(c.metadata.title, @kw, true) | params: {""fi_pref"": ""A63F7"", ""ft_pref"": ""2C333AA"", ""kw"": ""遊技進行状態""}"
2020191930,14,遊技機,20201203,"[broad fi_pref=A63F7 ft_pref=2C333AA kw=遊技進行状態] SELECT c.metadata.patent_id AS patent_id, c.metadata.title AS title, c.metadata.classification_fi AS classification_fi, c.metadata.f_term AS f_term, c.summary AS summary, c.claims AS claims, c.metadata.keywords AS doc_keywords, c.metadata.classification_ipc AS classification_ipc, c.metadata.publication_date AS publication_date FROM c WHERE EXISTS (SELECT VALUE 1 FROM fi IN c.metadata.classification_fi WHERE STARTSWITH(fi, @fi_pref, true)) OR EXISTS (SELECT VALUE 1 FROM ft IN c.metadata.f_term WHERE STARTSWITH(ft, @ft_pref, true)) OR CONTAINS(c.metadata.title, @kw, true) | params: {""fi_pref"": ""A63F7"", ""ft_pref"": ""2C333AA"", ""kw"": ""遊技進行状態""}"
2021007428,14,遊技機,20210128,"[broad fi_pref=A63F7 ft_pref=2C333AA kw=遊技進行状態] SELECT c.metadata.patent_id AS patent_id, c.metadata.title AS title, c.metadata.classification_fi AS classification_fi, c.metadata.f_term AS f_term, c.summary AS summary, c.claims AS claims, c.metadata.keywords AS doc_keywords, c.metadata.classification_ipc AS classification_ipc, c.metadata.publication_date AS publication_date FROM c WHERE EXISTS (SELECT VALUE 1 FROM fi IN c.metadata.classification_fi WHERE STARTSWITH(fi, @fi_pref, true)) OR EXISTS (SELECT VALUE 1 FROM ft IN c.metadata.f_term WHERE STARTSWITH(ft, @ft_pref, true)) OR CONTAINS(c.metadata.title, @kw, true) | params: {""fi_pref"": ""A63F7"", ""ft_pref"": ""2C333AA"", ""kw"": ""遊技進行状態""}"
2021007495,14,遊技機,20210128,"[broad fi_pref=A63F7 ft_pref=2C333AA kw=遊技進行状態] SELECT c.metadata.patent_id AS patent_id, c.metadata.title AS title, c.metadata.classification_fi AS classification_fi, c.metadata.f_term AS f_term, c.summary AS summary, c.claims AS claims, c.metadata.keywords AS doc_keywords, c.metadata.classification_ipc AS classification_ipc, c.metadata.publication_date AS publication_date FROM c WHERE EXISTS (SELECT VALUE 1 FROM fi IN c.metadata.classification_fi WHERE STARTSWITH(fi, @fi_pref, true)) OR EXISTS (SELECT VALUE 1 FROM ft IN c.metadata.f_term WHERE STARTSWITH(ft, @ft_pref, true)) OR CONTAINS(c.metadata.title, @kw, true) | params: {""fi_pref"": ""A63F7"", ""ft_pref"": ""2C333AA"", ""kw"": ""遊技進行状態""}"
2021058327,14,遊技機,20210415,"[broad fi_pref=A63F7 ft_pref=2C333AA kw=遊技進行状態] SELECT c.metadata.patent_id AS patent_id, c.metadata.title AS title, c.metadata.classification_fi AS classification_fi, c.metadata.f_term AS f_term, c.summary AS summary, c.claims AS claims, c.metadata.keywords AS doc_keywords, c.metadata.classification_ipc AS classification_ipc, c.metadata.publication_date AS publication_date FROM c WHERE EXISTS (SELECT VALUE 1 FROM fi IN c.metadata.classification_fi WHERE STARTSWITH(fi, @fi_pref, true)) OR EXISTS (SELECT VALUE 1 FROM ft IN c.metadata.f_term WHERE STARTSWITH(ft, @ft_pref, true)) OR CONTAINS(c.metadata.title, @kw, true) | params: {""fi_pref"": ""A63F7"", ""ft_pref"": ""2C333AA"", ""kw"": ""遊技進行状態""}"
2020141928,14,遊技機,20200910,"[broad fi_pref=A63F7 ft_pref=2C333AA kw=遊技進行状態] SELECT c.metadata.patent_id AS patent_id, c.metadata.title AS title, c.metadata.classification_fi AS classification_fi, c.metadata.f_term AS f_term, c.summary AS summary, c.claims AS claims, c.metadata.keywords AS doc_keywords, c.metadata.classification_ipc AS classification_ipc, c.metadata.publication_date AS publication_date FROM c WHERE EXISTS (SELECT VALUE 1 FROM fi IN c.metadata.classification_fi WHERE STARTSWITH(fi, @fi_pref, true)) OR EXISTS (SELECT VALUE 1 FROM ft IN c.metadata.f_term WHERE STARTSWITH(ft, @ft_pref, true)) OR CONTAINS(c.metadata.title, @kw, true) | params: {""fi_pref"": ""A63F7"", ""ft_pref"": ""2C333AA"", ""kw"": ""遊技進行状態""}"
2021029838,14,遊技機,20210301,"[broad fi_pref=A63F7 ft_pref=2C333AA kw=遊技進行状態] SELECT c.metadata.patent_id AS patent_id, c.metadata.title AS title, c.metadata.classification_fi AS classification_fi, c.metadata.f_term AS f_term, c.summary AS summary, c.claims AS claims, c.metadata.keywords AS doc_keywords, c.metadata.classification_ipc AS classification_ipc, c.metadata.publication_date AS publication_date FROM c WHERE EXISTS (SELECT VALUE 1 FROM fi IN c.metadata.classification_fi WHERE STARTSWITH(fi, @fi_pref, true)) OR EXISTS (SELECT VALUE 1 FROM ft IN c.metadata.f_term WHERE STARTSWITH(ft, @ft_pref, true)) OR CONTAINS(c.metadata.title, @kw, true) | params: {""fi_pref"": ""A63F7"", ""ft_pref"": ""2C333AA"", ""kw"": ""遊技進行状態""}"
2019155203,13,遊技機,20190919,"[balanced fi_pref=A63F7 ft_pref=2C333AA kw=表示態様] SELECT c.metadata.patent_id AS patent_id, c.metadata.title AS title, c.metadata.classification_fi AS classification_fi, c.metadata.f_term AS f_term, c.summary AS summary, c.claims AS claims, c.metadata.keywords AS doc_keywords, c.metadata.classification_ipc AS classification_ipc, c.metadata.publication_date AS publication_date FROM c WHERE (EXISTS (SELECT VALUE 1 FROM fi IN c.metadata.classification_fi WHERE STARTSWITH(fi, @fi_pref, true)) OR EXISTS (SELECT VALUE 1 FROM ft IN c.metadata.f_term WHERE STARTSWITH(ft, @ft_pref, true)) ) AND (CONTAINS(c.metadata.title, @kw, true) OR CONTAINS(c.summary, @kw, true) OR EXISTS (SELECT VALUE 1 FROM cl IN c.claims WHERE CONTAINS(cl.text, @kw, true))) | params: {""fi_pref"": ""A63F7"", ""ft_pref"": ""2C333AA"", ""kw"": ""表示態様""} || [balanced fi_pref=A63F7 ft_pref=2C088EA kw=表示態様] SELECT c.metadata.patent_id AS patent_id, c.metadata.title AS title, c.metadata.classification_fi AS classification_fi, c.metadata.f_term AS f_term, c.summary AS summary, c.claims AS claims, c.metadata.keywords AS doc_keywords, c.metadata.classification_ipc AS classification_ipc, c.metadata.publication_date AS publication_date FROM c WHERE (EXISTS (SELECT VALUE 1 FROM fi IN c.metadata.classification_fi WHERE STARTSWITH(fi, @fi_pref, true)) OR EXISTS (SELECT VALUE 1 FROM ft IN c.metadata.f_term WHERE STARTSWITH(ft, @ft_pref, true)) ) AND (CONTAINS(c.metadata.title, @kw, true) OR CONTAINS(c.summary, @kw, true) OR EXISTS (SELECT VALUE 1 FROM cl IN c.claims WHERE CONTAINS(cl.text, @kw, true))) | params: {""fi_pref"": ""A63F7"", ""ft_pref"": ""2C088EA"", ""kw"": ""表示態様""} || [balanced fi_pref=A63F7 ft_pref=2C333EA kw=表示態様] SELECT c.metadata.patent_id AS patent_id, c.metadata.title AS title, c.metadata.classification_fi AS classification_fi, c.metadata.f_term AS f_term, c.summary AS summary, c.claims AS claims, c.metadata.keywords AS doc_keywords, c.metadata.classification_ipc AS classification_ipc, c.metadata.publication_date AS publication_date FROM c WHERE (EXISTS (SELECT VALUE 1 FROM fi IN c.metadata.classification_fi WHERE STARTSWITH(fi, @fi_pref, true)) OR EXISTS (SELECT VALUE 1 FROM ft IN c.metadata.f_term WHERE STARTSWITH(ft, @ft_pref, true)) ) AND (CONTAINS(c.metadata.title, @kw, true) OR CONTAINS(c.summary, @kw, true) OR EXISTS (SELECT VALUE 1 FROM cl IN c.claims WHERE CONTAINS(cl.text, @kw, true))) | params: {""fi_pref"": ""A63F7"", ""ft_pref"": ""2C333EA"", ""kw"": ""表示態様""} || [broad fi_pref=A63F7 ft_pref=2C333AA kw=遊技進行状態] SELECT c.metadata.patent_id AS patent_id, c.metadata.title AS title, c.metadata.classification_fi AS classification_fi, c.metadata.f_term AS f_term, c.summary AS summary, c.claims AS claims, c.metadata.keywords AS doc_keywords, c.metadata.classification_ipc AS classification_ipc, c.metadata.publication_date AS publication_date FROM c WHERE EXISTS (SELECT VALUE 1 FROM fi IN c.metadata.classification_fi WHERE STARTSWITH(fi, @fi_pref, true)) OR EXISTS (SELECT VALUE 1 FROM ft IN c.metadata.f_term WHERE STARTSWITH(ft, @ft_pref, true)) OR CONTAINS(c.metadata.title, @kw, true) | params: {""fi_pref"": ""A63F7"", ""ft_pref"": ""2C333AA"", ""kw"": ""遊技進行状態""}"
2019162477,13,遊技機,20190926,"[balanced fi_pref=A63F7 ft_pref=2C333AA kw=遊技性] SELECT c.metadata.patent_id AS patent_id, c.metadata.title AS title, c.metadata.classification_fi AS classification_fi, c.metadata.f_term AS f_term, c.summary AS summary, c.claims AS claims, c.metadata.keywords AS doc_keywords, c.metadata.classification_ipc AS classification_ipc, c.metadata.publication_date AS publication_date FROM c WHERE (EXISTS (SELECT VALUE 1 FROM fi IN c.metadata.classification_fi WHERE STARTSWITH(fi, @fi_pref, true)) OR EXISTS (SELECT VALUE 1 FROM ft IN c.metadata.f_term WHERE STARTSWITH(ft, @ft_pref, true)) ) AND (CONTAINS(c.metadata.title, @kw, true) OR CONTAINS(c.summary, @kw, true) OR EXISTS (SELECT VALUE 1 FROM cl IN c.claims WHERE CONTAINS(cl.text, @kw, true))) | params: {""fi_pref"": ""A63F7"", ""ft_pref"": ""2C333AA"", ""kw"": ""遊技性""} || [balanced fi_pref=A63F7 ft_pref=2C088EA kw=遊技性] SELECT c.metadata.patent_id AS patent_id, c.metadata.title AS title, c.metadata.classification_fi AS classification_fi, c.metadata.f_term AS f_term, c.summary AS summary, c.claims AS claims, c.metadata.keywords AS doc_keywords, c.metadata.classification_ipc AS classification_ipc, c.metadata.publication_date AS publication_date FROM c WHERE (EXISTS (SELECT VALUE 1 FROM fi IN c.metadata.classification_fi WHERE STARTSWITH(fi, @fi_pref, true)) OR EXISTS (SELECT VALUE 1 FROM ft IN c.metadata.f_term WHERE STARTSWITH(ft, @ft_pref, true)) ) AND (CONTAINS(c.metadata.title, @kw, true) OR CONTAINS(c.summary, @kw, true) OR EXISTS (SELECT VALUE 1 FROM cl IN c.claims WHERE CONTAINS(cl.text, @kw, true))) | params: {""fi_pref"": ""A63F7"", ""ft_pref"": ""2C088EA"", ""kw"": ""遊技性""} || [balanced fi_pref=A63F7 ft_pref=2C333EA kw=遊技性] SELECT c.metadata.patent_id AS patent_id, c.metadata.title AS title, c.metadata.classification_fi AS classification_fi, c.metadata.f_term AS f_term, c.summary AS summary, c.claims AS claims, c.metadata.keywords AS doc_keywords, c.metadata.classification_ipc AS classification_ipc, c.metadata.publication_date AS publication_date FROM c WHERE (EXISTS (SELECT VALUE 1 FROM fi IN c.metadata.classification_fi WHERE STARTSWITH(fi, @fi_pref, true)) OR EXISTS (SELECT VALUE 1 FROM ft IN c.metadata.f_term WHERE STARTSWITH(ft, @ft_pref, true)) ) AND (CONTAINS(c.metadata.title, @kw, true) OR CONTAINS(c.summary, @kw, true) OR EXISTS (SELECT VALUE 1 FROM cl IN c.claims WHERE CONTAINS(cl.text, @kw, true))) | params: {""fi_pref"": ""A63F7"", ""ft_pref"": ""2C333EA"", ""kw"": ""遊技性""}"
2019177253,13,遊技機,20191017,"[balanced fi_pref=A63F7 ft_pref=2C333AA kw=遊技性] SELECT c.metadata.patent_id AS patent_id, c.metadata.title AS title, c.metadata.classification_fi AS classification_fi, c.metadata.f_term AS f_term, c.summary AS summary, c.claims AS claims, c.metadata.keywords AS doc_keywords, c.metadata.classification_ipc AS classification_ipc, c.metadata.publication_date AS publication_date FROM c WHERE (EXISTS (SELECT VALUE 1 FROM fi IN c.metadata.classification_fi WHERE STARTSWITH(fi, @fi_pref, true)) OR EXISTS (SELECT VALUE 1 FROM ft IN c.metadata.f_term WHERE STARTSWITH(ft, @ft_pref, true)) ) AND (CONTAINS(c.metadata.title, @kw, true) OR CONTAINS(c.summary, @kw, true) OR EXISTS (SELECT VALUE 1 FROM cl IN c.claims WHERE CONTAINS(cl.text, @kw, true))) | params: {""fi_pref"": ""A63F7"", ""ft_pref"": ""2C333AA"", ""kw"": ""遊技性""} || [balanced fi_pref=A63F7 ft_pref=2C088EA kw=遊技性] SELECT c.metadata.patent_id AS patent_id, c.metadata.title AS title, c.metadata.classification_fi AS classification_fi, c.metadata.f_term AS f_term, c.summary AS summary, c.claims AS claims, c.metadata.keywords AS doc_keywords, c.metadata.classification_ipc AS classification_ipc, c.metadata.publication_date AS publication_date FROM c WHERE (EXISTS (SELECT VALUE 1 FROM fi IN c.metadata.classification_fi WHERE STARTSWITH(fi, @fi_pref, true)) OR EXISTS (SELECT VALUE 1 FROM ft IN c.metadata.f_term WHERE STARTSWITH(ft, @ft_pref, true)) ) AND (CONTAINS(c.metadata.title, @kw, true) OR CONTAINS(c.summary, @kw, true) OR EXISTS (SELECT VALUE 1 FROM cl IN c.claims WHERE CONTAINS(cl.text, @kw, true))) | params: {""fi_pref"": ""A63F7"", ""ft_pref"": ""2C088EA"", ""kw"": ""遊技性""} || [balanced fi_pref=A63F7 ft_pref=2C333EA kw=遊技性] SELECT c.metadata.patent_id AS patent_id, c.metadata.title AS title, c.metadata.classification_fi AS classification_fi, c.metadata.f_term AS f_term, c.summary AS summary, c.claims AS claims, c.metadata.keywords AS doc_keywords, c.metadata.classification_ipc AS classification_ipc, c.metadata.publication_date AS publication_date FROM c WHERE (EXISTS (SELECT VALUE 1 FROM fi IN c.metadata.classification_fi WHERE STARTSWITH(fi, @fi_pref, true)) OR EXISTS (SELECT VALUE 1 FROM ft IN c.metadata.f_term WHERE STARTSWITH(ft, @ft_pref, true)) ) AND (CONTAINS(c.metadata.title, @kw, true) OR CONTAINS(c.summary, @kw, true) OR EXISTS (SELECT VALUE 1 FROM cl IN c.claims WHERE CONTAINS(cl.text, @kw, true))) | params: {""fi_pref"": ""A63F7"", ""ft_pref"": ""2C333EA"", ""kw"": ""遊技性""}"
2010005102,13,弾球遊技機,20100114,"[balanced fi_pref=A63F7 ft_pref=2C333AA kw=遊技性] SELECT c.metadata.patent_id AS patent_id, c.metadata.title AS title, c.metadata.classification_fi AS classification_fi, c.metadata.f_term AS f_term, c.summary AS summary, c.claims AS claims, c.metadata.keywords AS doc_keywords, c.metadata.classification_ipc AS classification_ipc, c.metadata.publication_date AS publication_date FROM c WHERE (EXISTS (SELECT VALUE 1 FROM fi IN c.metadata.classification_fi WHERE STARTSWITH(fi, @fi_pref, true)) OR EXISTS (SELECT VALUE 1 FROM ft IN c.metadata.f_term WHERE STARTSWITH(ft, @ft_pref, true)) ) AND (CONTAINS(c.metadata.title, @kw, true) OR CONTAINS(c.summary, @kw, true) OR EXISTS (SELECT VALUE 1 FROM cl IN c.claims WHERE CONTAINS(cl.text, @kw, true))) | params: {""fi_pref"": ""A63F7"", ""ft_pref"": ""2C333AA"", ""kw"": ""遊技性""} || [balanced fi_pref=A63F7 ft_pref=2C088EA kw=遊技性] SELECT c.metadata.patent_id AS patent_id, c.metadata.title AS title, c.metadata.classification_fi AS classification_fi, c.metadata.f_term AS f_term, c.summary AS summary, c.claims AS claims, c.metadata.keywords AS doc_keywords, c.metadata.classification_ipc AS classification_ipc, c.metadata.publication_date AS publication_date FROM c WHERE (EXISTS (SELECT VALUE 1 FROM fi IN c.metadata.classification_fi WHERE STARTSWITH(fi, @fi_pref, true)) OR EXISTS (SELECT VALUE 1 FROM ft IN c.metadata.f_term WHERE STARTSWITH(ft, @ft_pref, true)) ) AND (CONTAINS(c.metadata.title, @kw, true) OR CONTAINS(c.summary, @kw, true) OR EXISTS (SELECT VALUE 1 FROM cl IN c.claims WHERE CONTAINS(cl.text, @kw, true))) | params: {""fi_pref"": ""A63F7"", ""ft_pref"": ""2C088EA"", ""kw"": ""遊技性""} || [balanced fi_pref=A63F7 ft_pref=2C333EA kw=遊技性] SELECT c.metadata.patent_id AS patent_id, c.metadata.title AS title, c.metadata.classification_fi AS classification_fi, c.metadata.f_term AS f_term, c.summary AS summary, c.claims AS claims, c.metadata.keywords AS doc_keywords, c.metadata.classification_ipc AS classification_ipc, c.metadata.publication_date AS publication_date FROM c WHERE (EXISTS (SELECT VALUE 1 FROM fi IN c.metadata.classification_fi WHERE STARTSWITH(fi, @fi_pref, true)) OR EXISTS (SELECT VALUE 1 FROM ft IN c.metadata.f_term WHERE STARTSWITH(ft, @ft_pref, true)) ) AND (CONTAINS(c.metadata.title, @kw, true) OR CONTAINS(c.summary, @kw, true) OR EXISTS (SELECT VALUE 1 FROM cl IN c.claims WHERE CONTAINS(cl.text, @kw, true))) | params: {""fi_pref"": ""A63F7"", ""ft_pref"": ""2C333EA"", ""kw"": ""遊技性""}"
2010136911,13,弾球遊技機,20100624,"[balanced fi_pref=A63F7 ft_pref=2C333AA kw=遊技性] SELECT c.metadata.patent_id AS patent_id, c.metadata.title AS title, c.metadata.classification_fi AS classification_fi, c.metadata.f_term AS f_term, c.summary AS summary, c.claims AS claims, c.metadata.keywords AS doc_keywords, c.metadata.classification_ipc AS classification_ipc, c.metadata.publication_date AS publication_date FROM c WHERE (EXISTS (SELECT VALUE 1 FROM fi IN c.metadata.classification_fi WHERE STARTSWITH(fi, @fi_pref, true)) OR EXISTS (SELECT VALUE 1 FROM ft IN c.metadata.f_term WHERE STARTSWITH(ft, @ft_pref, true)) ) AND (CONTAINS(c.metadata.title, @kw, true) OR CONTAINS(c.summary, @kw, true) OR EXISTS (SELECT VALUE 1 FROM cl IN c.claims WHERE CONTAINS(cl.text, @kw, true))) | params: {""fi_pref"": ""A63F7"", ""ft_pref"": ""2C333AA"", ""kw"": ""遊技性""} || [balanced fi_pref=A63F7 ft_pref=2C088EA kw=遊技性] SELECT c.metadata.patent_id AS patent_id, c.metadata.title AS title, c.metadata.classification_fi AS classification_fi, c.metadata.f_term AS f_term, c.summary AS summary, c.claims AS claims, c.metadata.keywords AS doc_keywords, c.metadata.classification_ipc AS classification_ipc, c.metadata.publication_date AS publication_date FROM c WHERE (EXISTS (SELECT VALUE 1 FROM fi IN c.metadata.classification_fi WHERE STARTSWITH(fi, @fi_pref, true)) OR EXISTS (SELECT VALUE 1 FROM ft IN c.metadata.f_term WHERE STARTSWITH(ft, @ft_pref, true)) ) AND (CONTAINS(c.metadata.title, @kw, true) OR CONTAINS(c.summary, @kw, true) OR EXISTS (SELECT VALUE 1 FROM cl IN c.claims WHERE CONTAINS(cl.text, @kw, true))) | params: {""fi_pref"": ""A63F7"", ""ft_pref"": ""2C088EA"", ""kw"": ""遊技性""} || [balanced fi_pref=A63F7 ft_pref=2C333EA kw=遊技性] SELECT c.metadata.patent_id AS patent_id, c.metadata.title AS title, c.metadata.classification_fi AS classification_fi, c.metadata.f_term AS f_term, c.summary AS summary, c.claims AS claims, c.metadata.keywords AS doc_keywords, c.metadata.classification_ipc AS classification_ipc, c.metadata.publication_date AS publication_date FROM c WHERE (EXISTS (SELECT VALUE 1 FROM fi IN c.metadata.classification_fi WHERE STARTSWITH(fi, @fi_pref, true)) OR EXISTS (SELECT VALUE 1 FROM ft IN c.metadata.f_term WHERE STARTSWITH(ft, @ft_pref, true)) ) AND (CONTAINS(c.metadata.title, @kw, true) OR CONTAINS(c.summary, @kw, true) OR EXISTS (SELECT VALUE 1 FROM cl IN c.claims WHERE CONTAINS(cl.text, @kw, true))) | params: {""fi_pref"": ""A63F7"", ""ft_pref"": ""2C333EA"", ""kw"": ""遊技性""}"
2015047342,13,遊技機,20150316,"[balanced fi_pref=A63F7 ft_pref=2C333AA kw=遊技性] SELECT c.metadata.patent_id AS patent_id, c.metadata.title AS title, c.metadata.classification_fi AS classification_fi, c.metadata.f_term AS f_term, c.summary AS summary, c.claims AS claims, c.metadata.keywords AS doc_keywords, c.metadata.classification_ipc AS classification_ipc, c.metadata.publication_date AS publication_date FROM c WHERE (EXISTS (SELECT VALUE 1 FROM fi IN c.metadata.classification_fi WHERE STARTSWITH(fi, @fi_pref, true)) OR EXISTS (SELECT VALUE 1 FROM ft IN c.metadata.f_term WHERE STARTSWITH(ft, @ft_pref, true)) ) AND (CONTAINS(c.metadata.title, @kw, true) OR CONTAINS(c.summary, @kw, true) OR EXISTS (SELECT VALUE 1 FROM cl IN c.claims WHERE CONTAINS(cl.text, @kw, true))) | params: {""fi_pref"": ""A63F7"", ""ft_pref"": ""2C333AA"", ""kw"": ""遊技性""} || [balanced fi_pref=A63F7 ft_pref=2C088EA kw=遊技性] SELECT c.metadata.patent_id AS patent_id, c.metadata.title AS title, c.metadata.classification_fi AS classification_fi, c.metadata.f_term AS f_term, c.summary AS summary, c.claims AS claims, c.metadata.keywords AS doc_keywords, c.metadata.classification_ipc AS classification_ipc, c.metadata.publication_date AS publication_date FROM c WHERE (EXISTS (SELECT VALUE 1 FROM fi IN c.metadata.classification_fi WHERE STARTSWITH(fi, @fi_pref, true)) OR EXISTS (SELECT VALUE 1 FROM ft IN c.metadata.f_term WHERE STARTSWITH(ft, @ft_pref, true)) ) AND (CONTAINS(c.metadata.title, @kw, true) OR CONTAINS(c.summary, @kw, true) OR EXISTS (SELECT VALUE 1 FROM cl IN c.claims WHERE CONTAINS(cl.text, @kw, true))) | params: {""fi_pref"": ""A63F7"", ""ft_pref"": ""2C088EA"", ""kw"": ""遊技性""} || [balanced fi_pref=A63F7 ft_pref=2C333EA kw=遊技性] SELECT c.metadata.patent_id AS patent_id, c.metadata.title AS title, c.metadata.classification_fi AS classification_fi, c.metadata.f_term AS f_term, c.summary AS summary, c.claims AS claims, c.metadata.keywords AS doc_keywords, c.metadata.classification_ipc AS classification_ipc, c.metadata.publication_date AS publication_date FROM c WHERE (EXISTS (SELECT VALUE 1 FROM fi IN c.metadata.classification_fi WHERE STARTSWITH(fi, @fi_pref, true)) OR EXISTS (SELECT VALUE 1 FROM ft IN c.metadata.f_term WHERE STARTSWITH(ft, @ft_pref, true)) ) AND (CONTAINS(c.metadata.title, @kw, true) OR CONTAINS(c.summary, @kw, true) OR EXISTS (SELECT VALUE 1 FROM cl IN c.claims WHERE CONTAINS(cl.text, @kw, true))) | params: {""fi_pref"": ""A63F7"", ""ft_pref"": ""2C333EA"", ""kw"": ""遊技性""}"
2021023444,13,遊技機,20210222,"[broad fi_pref=A63F7 ft_pref=2C333AA kw=遊技進行状態] SELECT c.metadata.patent_id AS patent_id, c.metadata.title AS title, c.metadata.classification_fi AS classification_fi, c.metadata.f_term AS f_term, c.summary AS summary, c.claims AS claims, c.metadata.keywords AS doc_keywords, c.metadata.classification_ipc AS classification_ipc, c.metadata.publication_date AS publication_date FROM c WHERE EXISTS (SELECT VALUE 1 FROM fi IN c.metadata.classification_fi WHERE STARTSWITH(fi, @fi_pref, true)) OR EXISTS (SELECT VALUE 1 FROM ft IN c.metadata.f_term WHERE STARTSWITH(ft, @ft_pref, true)) OR CONTAINS(c.metadata.title, @kw, true) | params: {""fi_pref"": ""A63F7"", ""ft_pref"": ""2C333AA"", ""kw"": ""遊技進行状態""}"
2020178838,13,遊技機,20201105,"[broad fi_pref=A63F7 ft_pref=2C333AA kw=遊技進行状態] SELECT c.metadata.patent_id AS patent_id, c.metadata.title AS title, c.metadata.classification_fi AS classification_fi, c.metadata.f_term AS f_term, c.summary AS summary, c.claims AS claims, c.metadata.keywords AS doc_keywords, c.metadata.classification_ipc AS classification_ipc, c.metadata.publication_date AS publication_date FROM c WHERE EXISTS (SELECT VALUE 1 FROM fi IN c.metadata.classification_fi WHERE STARTSWITH(fi, @fi_pref, true)) OR EXISTS (SELECT VALUE 1 FROM ft IN c.metadata.f_term WHERE STARTSWITH(ft, @ft_pref, true)) OR CONTAINS(c.metadata.title, @kw, true) | params: {""fi_pref"": ""A63F7"", ""ft_pref"": ""2C333AA"", ""kw"": ""遊技進行状態""}"
2020151315,13,遊技機,20200924,"[broad fi_pref=A63F7 ft_pref=2C333AA kw=遊技進行状態] SELECT c.metadata.patent_id AS patent_id, c.metadata.title AS title, c.metadata.classification_fi AS classification_fi, c.metadata.f_term AS f_term, c.summary AS summary, c.claims AS claims, c.metadata.keywords AS doc_keywords, c.metadata.classification_ipc AS classification_ipc, c.metadata.publication_date AS publication_date FROM c WHERE EXISTS (SELECT VALUE 1 FROM fi IN c.metadata.classification_fi WHERE STARTSWITH(fi, @fi_pref, true)) OR EXISTS (SELECT VALUE 1 FROM ft IN c.metadata.f_term WHERE STARTSWITH(ft, @ft_pref, true)) OR CONTAINS(c.metadata.title, @kw, true) | params: {""fi_pref"": ""A63F7"", ""ft_pref"": ""2C333AA"", ""kw"": ""遊技進行状態""}"
2020178896,13,遊技機,20201105,"[broad fi_pref=A63F7 ft_pref=2C333AA kw=遊技進行状態] SELECT c.metadata.patent_id AS patent_id, c.metadata.title AS title, c.metadata.classification_fi AS classification_fi, c.metadata.f_term AS f_term, c.summary AS summary, c.claims AS claims, c.metadata.keywords AS doc_keywords, c.metadata.classification_ipc AS classification_ipc, c.metadata.publication_date AS publication_date FROM c WHERE EXISTS (SELECT VALUE 1 FROM fi IN c.metadata.classification_fi WHERE STARTSWITH(fi, @fi_pref, true)) OR EXISTS (SELECT VALUE 1 FROM ft IN c.metadata.f_term WHERE STARTSWITH(ft, @ft_pref, true)) OR CONTAINS(c.metadata.title, @kw, true) | params: {""fi_pref"": ""A63F7"", ""ft_pref"": ""2C333AA"", ""kw"": ""遊技進行状態""}"
2020137885,13,遊技機,20200903,"[broad fi_pref=A63F7 ft_pref=2C333AA kw=遊技進行状態] SELECT c.metadata.patent_id AS patent_id, c.metadata.title AS title, c.metadata.classification_fi AS classification_fi, c.metadata.f_term AS f_term, c.summary AS summary, c.claims AS claims, c.metadata.keywords AS doc_keywords, c.metadata.classification_ipc AS classification_ipc, c.metadata.publication_date AS publication_date FROM c WHERE EXISTS (SELECT VALUE 1 FROM fi IN c.metadata.classification_fi WHERE STARTSWITH(fi, @fi_pref, true)) OR EXISTS (SELECT VALUE 1 FROM ft IN c.metadata.f_term WHERE STARTSWITH(ft, @ft_pref, true)) OR CONTAINS(c.metadata.title, @kw, true) | params: {""fi_pref"": ""A63F7"", ""ft_pref"": ""2C333AA"", ""kw"": ""遊技進行状態""}"
2020182565,13,遊技機,20201112,"[broad fi_pref=A63F7 ft_pref=2C333AA kw=遊技進行状態] SELECT c.metadata.patent_id AS patent_id, c.metadata.title AS title, c.metadata.classification_fi AS classification_fi, c.metadata.f_term AS f_term, c.summary AS summary, c.claims AS claims, c.metadata.keywords AS doc_keywords, c.metadata.classification_ipc AS classification_ipc, c.metadata.publication_date AS publication_date FROM c WHERE EXISTS (SELECT VALUE 1 FROM fi IN c.metadata.classification_fi WHERE STARTSWITH(fi, @fi_pref, true)) OR EXISTS (SELECT VALUE 1 FROM ft IN c.metadata.f_term WHERE STARTSWITH(ft, @ft_pref, true)) OR CONTAINS(c.metadata.title, @kw, true) | params: {""fi_pref"": ""A63F7"", ""ft_pref"": ""2C333AA"", ""kw"": ""遊技進行状態""}"
2021010478,13,遊技機用演出装置及びこれを備えた遊技機,20210204,"[broad fi_pref=A63F7 ft_pref=2C333AA kw=遊技進行状態] SELECT c.metadata.patent_id AS patent_id, c.metadata.title AS title, c.metadata.classification_fi AS classification_fi, c.metadata.f_term AS f_term, c.summary AS summary, c.claims AS claims, c.metadata.keywords AS doc_keywords, c.metadata.classification_ipc AS classification_ipc, c.metadata.publication_date AS publication_date FROM c WHERE EXISTS (SELECT VALUE 1 FROM fi IN c.metadata.classification_fi WHERE STARTSWITH(fi, @fi_pref, true)) OR EXISTS (SELECT VALUE 1 FROM ft IN c.metadata.f_term WHERE STARTSWITH(ft, @ft_pref, true)) OR CONTAINS(c.metadata.title, @kw, true) | params: {""fi_pref"": ""A63F7"", ""ft_pref"": ""2C333AA"", ""kw"": ""遊技進行状態""}"
2020182558,13,遊技機,20201112,"[broad fi_pref=A63F7 ft_pref=2C333AA kw=遊技進行状態] SELECT c.metadata.patent_id AS patent_id, c.metadata.title AS title, c.metadata.classification_fi AS classification_fi, c.metadata.f_term AS f_term, c.summary AS summary, c.claims AS claims, c.metadata.keywords AS doc_keywords, c.metadata.classification_ipc AS classification_ipc, c.metadata.publication_date AS publication_date FROM c WHERE EXISTS (SELECT VALUE 1 FROM fi IN c.metadata.classification_fi WHERE STARTSWITH(fi, @fi_pref, true)) OR EXISTS (SELECT VALUE 1 FROM ft IN c.metadata.f_term WHERE STARTSWITH(ft, @ft_pref, true)) OR CONTAINS(c.metadata.title, @kw, true) | params: {""fi_pref"": ""A63F7"", ""ft_pref"": ""2C333AA"", ""kw"": ""遊技進行状態""}"
2020182561,13,遊技機,20201112,"[broad fi_pref=A63F7 ft_pref=2C333AA kw=遊技進行状態] SELECT c.metadata.patent_id AS patent_id, c.metadata.title AS title, c.metadata.classification_fi AS classification_fi, c.metadata.f_term AS f_term, c.summary AS summary, c.claims AS claims, c.metadata.keywords AS doc_keywords, c.metadata.classification_ipc AS classification_ipc, c.metadata.publication_date AS publication_date FROM c WHERE EXISTS (SELECT VALUE 1 FROM fi IN c.metadata.classification_fi WHERE STARTSWITH(fi, @fi_pref, true)) OR EXISTS (SELECT VALUE 1 FROM ft IN c.metadata.f_term WHERE STARTSWITH(ft, @ft_pref, true)) OR CONTAINS(c.metadata.title, @kw, true) | params: {""fi_pref"": ""A63F7"", ""ft_pref"": ""2C333AA"", ""kw"": ""遊技進行状態""}"
2020141846,13,遊技機,20200910,"[broad fi_pref=A63F7 ft_pref=2C333AA kw=遊技進行状態] SELECT c.metadata.patent_id AS patent_id, c.metadata.title AS title, c.metadata.classification_fi AS classification_fi, c.metadata.f_term AS f_term, c.summary AS summary, c.claims AS claims, c.metadata.keywords AS doc_keywords, c.metadata.classification_ipc AS classification_ipc, c.metadata.publication_date AS publication_date FROM c WHERE EXISTS (SELECT VALUE 1 FROM fi IN c.metadata.classification_fi WHERE STARTSWITH(fi, @fi_pref, true)) OR EXISTS (SELECT VALUE 1 FROM ft IN c.metadata.f_term WHERE STARTSWITH(ft, @ft_pref, true)) OR CONTAINS(c.metadata.title, @kw, true) | params: {""fi_pref"": ""A63F7"", ""ft_pref"": ""2C333AA"", ""kw"": ""遊技進行状態""}"
2019084460,13,遊技機,20190606,"[broad fi_pref=A63F7 ft_pref=2C333AA kw=遊技進行状態] SELECT c.metadata.patent_id AS patent_id, c.metadata.title AS title, c.metadata.classification_fi AS classification_fi, c.metadata.f_term AS f_term, c.summary AS summary, c.claims AS claims, c.metadata.keywords AS doc_keywords, c.metadata.classification_ipc AS classification_ipc, c.metadata.publication_date AS publication_date FROM c WHERE EXISTS (SELECT VALUE 1 FROM fi IN c.metadata.classification_fi WHERE STARTSWITH(fi, @fi_pref, true)) OR EXISTS (SELECT VALUE 1 FROM ft IN c.metadata.f_term WHERE STARTSWITH(ft, @ft_pref, true)) OR CONTAINS(c.metadata.title, @kw, true) | params: {""fi_pref"": ""A63F7"", ""ft_pref"": ""2C333AA"", ""kw"": ""遊技進行状態""}"
2019198770,12,遊技機,20191121,"[broad fi_pref=A63F7 ft_pref=2C333AA kw=遊技進行状態] SELECT c.metadata.patent_id AS patent_id, c.metadata.title AS title, c.metadata.classification_fi AS classification_fi, c.metadata.f_term AS f_term, c.summary AS summary, c.claims AS claims, c.metadata.keywords AS doc_keywords, c.metadata.classification_ipc AS classification_ipc, c.metadata.publication_date AS publication_date FROM c WHERE EXISTS (SELECT VALUE 1 FROM fi IN c.metadata.classification_fi WHERE STARTSWITH(fi, @fi_pref, true)) OR EXISTS (SELECT VALUE 1 FROM ft IN c.metadata.f_term WHERE STARTSWITH(ft, @ft_pref, true)) OR CONTAINS(c.metadata.title, @kw, true) | params: {""fi_pref"": ""A63F7"", ""ft_pref"": ""2C333AA"", ""kw"": ""遊技進行状態""}"
2020137848,12,遊技機,20200903,"[broad fi_pref=A63F7 ft_pref=2C333AA kw=遊技進行状態] SELECT c.metadata.patent_id AS patent_id, c.metadata.title AS title, c.metadata.classification_fi AS classification_fi, c.metadata.f_term AS f_term, c.summary AS summary, c.claims AS claims, c.metadata.keywords AS doc_keywords, c.metadata.classification_ipc AS classification_ipc, c.metadata.publication_date AS publication_date FROM c WHERE EXISTS (SELECT VALUE 1 FROM fi IN c.metadata.classification_fi WHERE STARTSWITH(fi, @fi_pref, true)) OR EXISTS (SELECT VALUE 1 FROM ft IN c.metadata.f_term WHERE STARTSWITH(ft, @ft_pref, true)) OR CONTAINS(c.metadata.title, @kw, true) | params: {""fi_pref"": ""A63F7"", ""ft_pref"": ""2C333AA"", ""kw"": ""遊技進行状態""}"
2019150652,12,遊技機,20190912,"[broad fi_pref=A63F7 ft_pref=2C333AA kw=遊技進行状態] SELECT c.metadata.patent_id AS patent_id, c.metadata.title AS title, c.metadata.classification_fi AS classification_fi, c.metadata.f_term AS f_term, c.summary AS summary, c.claims AS claims, c.metadata.keywords AS doc_keywords, c.metadata.classification_ipc AS classification_ipc, c.metadata.publication_date AS publication_date FROM c WHERE EXISTS (SELECT VALUE 1 FROM fi IN c.metadata.classification_fi WHERE STARTSWITH(fi, @fi_pref, true)) OR EXISTS (SELECT VALUE 1 FROM ft IN c.metadata.f_term WHERE STARTSWITH(ft, @ft_pref, true)) OR CONTAINS(c.metadata.title, @kw, true) | params: {""fi_pref"": ""A63F7"", ""ft_pref"": ""2C333AA"", ""kw"": ""遊技進行状態""}"
2021029956,12,遊技機,20210301,"[broad fi_pref=A63F7 ft_pref=2C333AA kw=遊技進行状態] SELECT c.metadata.patent_id AS patent_id, c.metadata.title AS title, c.metadata.classification_fi AS classification_fi, c.metadata.f_term AS f_term, c.summary AS summary, c.claims AS claims, c.metadata.keywords AS doc_keywords, c.metadata.classification_ipc AS classification_ipc, c.metadata.publication_date AS publication_date FROM c WHERE EXISTS (SELECT VALUE 1 FROM fi IN c.metadata.classification_fi WHERE STARTSWITH(fi, @fi_pref, true)) OR EXISTS (SELECT VALUE 1 FROM ft IN c.metadata.f_term WHERE STARTSWITH(ft, @ft_pref, true)) OR CONTAINS(c.metadata.title, @kw, true) | params: {""fi_pref"": ""A63F7"", ""ft_pref"": ""2C333AA"", ""kw"": ""遊技進行状態""}"
2015066455,11,ぱちんこ遊技機,20150413,"[balanced fi_pref=A63F7 ft_pref=2C333AA kw=遊技進行状態] SELECT c.metadata.patent_id AS patent_id, c.metadata.title AS title, c.metadata.classification_fi AS classification_fi, c.metadata.f_term AS f_term, c.summary AS summary, c.claims AS claims, c.metadata.keywords AS doc_keywords, c.metadata.classification_ipc AS classification_ipc, c.metadata.publication_date AS publication_date FROM c WHERE (EXISTS (SELECT VALUE 1 FROM fi IN c.metadata.classification_fi WHERE STARTSWITH(fi, @fi_pref, true)) OR EXISTS (SELECT VALUE 1 FROM ft IN c.metadata.f_term WHERE STARTSWITH(ft, @ft_pref, true)) ) AND (CONTAINS(c.metadata.title, @kw, true) OR CONTAINS(c.summary, @kw, true) OR EXISTS (SELECT VALUE 1 FROM cl IN c.claims WHERE CONTAINS(cl.text, @kw, true))) | params: {""fi_pref"": ""A63F7"", ""ft_pref"": ""2C333AA"", ""kw"": ""遊技進行状態""} || [balanced fi_pref=A63F7 ft_pref=2C088EA kw=遊技進行状態] SELECT c.metadata.patent_id AS patent_id, c.metadata.title AS title, c.metadata.classification_fi AS classification_fi, c.metadata.f_term AS f_term, c.summary AS summary, c.claims AS claims, c.metadata.keywords AS doc_keywords, c.metadata.classification_ipc AS classification_ipc, c.metadata.publication_date AS publication_date FROM c WHERE (EXISTS (SELECT VALUE 1 FROM fi IN c.metadata.classification_fi WHERE STARTSWITH(fi, @fi_pref, true)) OR EXISTS (SELECT VALUE 1 FROM ft IN c.metadata.f_term WHERE STARTSWITH(ft, @ft_pref, true)) ) AND (CONTAINS(c.metadata.title, @kw, true) OR CONTAINS(c.summary, @kw, true) OR EXISTS (SELECT VALUE 1 FROM cl IN c.claims WHERE CONTAINS(cl.text, @kw, true))) | params: {""fi_pref"": ""A63F7"", ""ft_pref"": ""2C088EA"", ""kw"": ""遊技進行状態""} || [balanced fi_pref=A63F7 ft_pref=2C333EA kw=遊技進行状態] SELECT c.metadata.patent_id AS patent_id, c.metadata.title AS title, c.metadata.classification_fi AS classification_fi, c.metadata.f_term AS f_term, c.summary AS summary, c.claims AS claims, c.metadata.keywords AS doc_keywords, c.metadata.classification_ipc AS classification_ipc, c.metadata.publication_date AS publication_date FROM c WHERE (EXISTS (SELECT VALUE 1 FROM fi IN c.metadata.classification_fi WHERE STARTSWITH(fi, @fi_pref, true)) OR EXISTS (SELECT VALUE 1 FROM ft IN c.metadata.f_term WHERE STARTSWITH(ft, @ft_pref, true)) ) AND (CONTAINS(c.metadata.title, @kw, true) OR CONTAINS(c.summary, @kw, true) OR EXISTS (SELECT VALUE 1 FROM cl IN c.claims WHERE CONTAINS(cl.text, @kw, true))) | params: {""fi_pref"": ""A63F7"", ""ft_pref"": ""2C333EA"", ""kw"": ""遊技進行状態""}"
2015066458,10,ぱちんこ遊技機,20150413,"[balanced fi_pref=A63F7 ft_pref=2C333AA kw=遊技進行状態] SELECT c.metadata.patent_id AS patent_id, c.metadata.title AS title, c.metadata.classification_fi AS classification_fi, c.metadata.f_term AS f_term, c.summary AS summary, c.claims AS claims, c.metadata.keywords AS doc_keywords, c.metadata.classification_ipc AS classification_ipc, c.metadata.publication_date AS publication_date FROM c WHERE (EXISTS (SELECT VALUE 1 FROM fi IN c.metadata.classification_fi WHERE STARTSWITH(fi, @fi_pref, true)) OR EXISTS (SELECT VALUE 1 FROM ft IN c.metadata.f_term WHERE STARTSWITH(ft, @ft_pref, true)) ) AND (CONTAINS(c.metadata.title, @kw, true) OR CONTAINS(c.summary, @kw, true) OR EXISTS (SELECT VALUE 1 FROM cl IN c.claims WHERE CONTAINS(cl.text, @kw, true))) | params: {""fi_pref"": ""A63F7"", ""ft_pref"": ""2C333AA"", ""kw"": ""遊技進行状態""} || [balanced fi_pref=A63F7 ft_pref=2C333AA kw=遊技性] SELECT c.metadata.patent_id AS patent_id, c.metadata.title AS title, c.metadata.classification_fi AS classification_fi, c.metadata.f_term AS f_term, c.summary AS summary, c.claims AS claims, c.metadata.keywords AS doc_keywords, c.metadata.classification_ipc AS classification_ipc, c.metadata.publication_date AS publication_date FROM c WHERE (EXISTS (SELECT VALUE 1 FROM fi IN c.metadata.classification_fi WHERE STARTSWITH(fi, @fi_pref, true)) OR EXISTS (SELECT VALUE 1 FROM ft IN c.metadata.f_term WHERE STARTSWITH(ft, @ft_pref, true)) ) AND (CONTAINS(c.metadata.title, @kw, true) OR CONTAINS(c.summary, @kw, true) OR EXISTS (SELECT VALUE 1 FROM cl IN c.claims WHERE CONTAINS(cl.text, @kw, true))) | params: {""fi_pref"": ""A63F7"", ""ft_pref"": ""2C333AA"", ""kw"": ""遊技性""} || [balanced fi_pref=A63F7 ft_pref=2C088EA kw=遊技進行状態] SELECT c.metadata.patent_id AS patent_id, c.metadata.title AS title, c.metadata.classification_fi AS classification_fi, c.metadata.f_term AS f_term, c.summary AS summary, c.claims AS claims, c.metadata.keywords AS doc_keywords, c.metadata.classification_ipc AS classification_ipc, c.metadata.publication_date AS publication_date FROM c WHERE (EXISTS (SELECT VALUE 1 FROM fi IN c.metadata.classification_fi WHERE STARTSWITH(fi, @fi_pref, true)) OR EXISTS (SELECT VALUE 1 FROM ft IN c.metadata.f_term WHERE STARTSWITH(ft, @ft_pref, true)) ) AND (CONTAINS(c.metadata.title, @kw, true) OR CONTAINS(c.summary, @kw, true) OR EXISTS (SELECT VALUE 1 FROM cl IN c.claims WHERE CONTAINS(cl.text, @kw, true))) | params: {""fi_pref"": ""A63F7"", ""ft_pref"": ""2C088EA"", ""kw"": ""遊技進行状態""} || [balanced fi_pref=A63F7 ft_pref=2C088EA kw=遊技性] SELECT c.metadata.patent_id AS patent_id, c.metadata.title AS title, c.metadata.classification_fi AS classification_fi, c.metadata.f_term AS f_term, c.summary AS summary, c.claims AS claims, c.metadata.keywords AS doc_keywords, c.metadata.classification_ipc AS classification_ipc, c.metadata.publication_date AS publication_date FROM c WHERE (EXISTS (SELECT VALUE 1 FROM fi IN c.metadata.classification_fi WHERE STARTSWITH(fi, @fi_pref, true)) OR EXISTS (SELECT VALUE 1 FROM ft IN c.metadata.f_term WHERE STARTSWITH(ft, @ft_pref, true)) ) AND (CONTAINS(c.metadata.title, @kw, true) OR CONTAINS(c.summary, @kw, true) OR EXISTS (SELECT VALUE 1 FROM cl IN c.claims WHERE CONTAINS(cl.text, @kw, true))) | params: {""fi_pref"": ""A63F7"", ""ft_pref"": ""2C088EA"", ""kw"": ""遊技性""} || [balanced fi_pref=A63F7 ft_pref=2C333EA kw=遊技進行状態] SELECT c.metadata.patent_id AS patent_id, c.metadata.title AS title, c.metadata.classification_fi AS classification_fi, c.metadata.f_term AS f_term, c.summary AS summary, c.claims AS claims, c.metadata.keywords AS doc_keywords, c.metadata.classification_ipc AS classification_ipc, c.metadata.publication_date AS publication_date FROM c WHERE (EXISTS (SELECT VALUE 1 FROM fi IN c.metadata.classification_fi WHERE STARTSWITH(fi, @fi_pref, true)) OR EXISTS (SELECT VALUE 1 FROM ft IN c.metadata.f_term WHERE STARTSWITH(ft, @ft_pref, true)) ) AND (CONTAINS(c.metadata.title, @kw, true) OR CONTAINS(c.summary, @kw, true) OR EXISTS (SELECT VALUE 1 FROM cl IN c.claims WHERE CONTAINS(cl.text, @kw, true))) | params: {""fi_pref"": ""A63F7"", ""ft_pref"": ""2C333EA"", ""kw"": ""遊技進行状態""} || [balanced fi_pref=A63F7 ft_pref=2C333EA kw=遊技性] SELECT c.metadata.patent_id AS patent_id, c.metadata.title AS title, c.metadata.classification_fi AS classification_fi, c.metadata.f_term AS f_term, c.summary AS summary, c.claims AS claims, c.metadata.keywords AS doc_keywords, c.metadata.classification_ipc AS classification_ipc, c.metadata.publication_date AS publication_date FROM c WHERE (EXISTS (SELECT VALUE 1 FROM fi IN c.metadata.classification_fi WHERE STARTSWITH(fi, @fi_pref, true)) OR EXISTS (SELECT VALUE 1 FROM ft IN c.metadata.f_term WHERE STARTSWITH(ft, @ft_pref, true)) ) AND (CONTAINS(c.metadata.title, @kw, true) OR CONTAINS(c.summary, @kw, true) OR EXISTS (SELECT VALUE 1 FROM cl IN c.claims WHERE CONTAINS(cl.text, @kw, true))) | params: {""fi_pref"": ""A63F7"", ""ft_pref"": ""2C333EA"", ""kw"": ""遊技性""}"
2015066456,10,ぱちんこ遊技機,20150413,"[balanced fi_pref=A63F7 ft_pref=2C333AA kw=遊技進行状態] SELECT c.metadata.patent_id AS patent_id, c.metadata.title AS title, c.metadata.classification_fi AS classification_fi, c.metadata.f_term AS f_term, c.summary AS summary, c.claims AS claims, c.metadata.keywords AS doc_keywords, c.metadata.classification_ipc AS classification_ipc, c.metadata.publication_date AS publication_date FROM c WHERE (EXISTS (SELECT VALUE 1 FROM fi IN c.metadata.classification_fi WHERE STARTSWITH(fi, @fi_pref, true)) OR EXISTS (SELECT VALUE 1 FROM ft IN c.metadata.f_term WHERE STARTSWITH(ft, @ft_pref, true)) ) AND (CONTAINS(c.metadata.title, @kw, true) OR CONTAINS(c.summary, @kw, true) OR EXISTS (SELECT VALUE 1 FROM cl IN c.claims WHERE CONTAINS(cl.text, @kw, true))) | params: {""fi_pref"": ""A63F7"", ""ft_pref"": ""2C333AA"", ""kw"": ""遊技進行状態""} || [balanced fi_pref=A63F7 ft_pref=2C088EA kw=遊技進行状態] SELECT c.metadata.patent_id AS patent_id, c.metadata.title AS title, c.metadata.classification_fi AS classification_fi, c.metadata.f_term AS f_term, c.summary AS summary, c.claims AS claims, c.metadata.keywords AS doc_keywords, c.metadata.classification_ipc AS classification_ipc, c.metadata.publication_date AS publication_date FROM c WHERE (EXISTS (SELECT VALUE 1 FROM fi IN c.metadata.classification_fi WHERE STARTSWITH(fi, @fi_pref, true)) OR EXISTS (SELECT VALUE 1 FROM ft IN c.metadata.f_term WHERE STARTSWITH(ft, @ft_pref, true)) ) AND (CONTAINS(c.metadata.title, @kw, true) OR CONTAINS(c.summary, @kw, true) OR EXISTS (SELECT VALUE 1 FROM cl IN c.claims WHERE CONTAINS(cl.text, @kw, true))) | params: {""fi_pref"": ""A63F7"", ""ft_pref"": ""2C088EA"", ""kw"": ""遊技進行状態""} || [balanced fi_pref=A63F7 ft_pref=2C333EA kw=遊技進行状態] SELECT c.metadata.patent_id AS patent_id, c.metadata.title AS title, c.metadata.classification_fi AS classification_fi, c.metadata.f_term AS f_term, c.summary AS summary, c.claims AS claims, c.metadata.keywords AS doc_keywords, c.metadata.classification_ipc AS classification_ipc, c.metadata.publication_date AS publication_date FROM c WHERE (EXISTS (SELECT VALUE 1 FROM fi IN c.metadata.classification_fi WHERE STARTSWITH(fi, @fi_pref, true)) OR EXISTS (SELECT VALUE 1 FROM ft IN c.metadata.f_term WHERE STARTSWITH(ft, @ft_pref, true)) ) AND (CONTAINS(c.metadata.title, @kw, true) OR CONTAINS(c.summary, @kw, true) OR EXISTS (SELECT VALUE 1 FROM cl IN c.claims WHERE CONTAINS(cl.text, @kw, true))) | params: {""fi_pref"": ""A63F7"", ""ft_pref"": ""2C333EA"", ""kw"": ""遊技進行状態""}"
2015066457,10,ぱちんこ遊技機,20150413,"[balanced fi_pref=A63F7 ft_pref=2C333AA kw=遊技進行状態] SELECT c.metadata.patent_id AS patent_id, c.metadata.title AS title, c.metadata.classification_fi AS classification_fi, c.metadata.f_term AS f_term, c.summary AS summary, c.claims AS claims, c.metadata.keywords AS doc_keywords, c.metadata.classification_ipc AS classification_ipc, c.metadata.publication_date AS publication_date FROM c WHERE (EXISTS (SELECT VALUE 1 FROM fi IN c.metadata.classification_fi WHERE STARTSWITH(fi, @fi_pref, true)) OR EXISTS (SELECT VALUE 1 FROM ft IN c.metadata.f_term WHERE STARTSWITH(ft, @ft_pref, true)) ) AND (CONTAINS(c.metadata.title, @kw, true) OR CONTAINS(c.summary, @kw, true) OR EXISTS (SELECT VALUE 1 FROM cl IN c.claims WHERE CONTAINS(cl.text, @kw, true))) | params: {""fi_pref"": ""A63F7"", ""ft_pref"": ""2C333AA"", ""kw"": ""遊技進行状態""} || [balanced fi_pref=A63F7 ft_pref=2C088EA kw=遊技進行状態] SELECT c.metadata.patent_id AS patent_id, c.metadata.title AS title, c.metadata.classification_fi AS classification_fi, c.metadata.f_term AS f_term, c.summary AS summary, c.claims AS claims, c.metadata.keywords AS doc_keywords, c.metadata.classification_ipc AS classification_ipc, c.metadata.publication_date AS publication_date FROM c WHERE (EXISTS (SELECT VALUE 1 FROM fi IN c.metadata.classification_fi WHERE STARTSWITH(fi, @fi_pref, true)) OR EXISTS (SELECT VALUE 1 FROM ft IN c.metadata.f_term WHERE STARTSWITH(ft, @ft_pref, true)) ) AND (CONTAINS(c.metadata.title, @kw, true) OR CONTAINS(c.summary, @kw, true) OR EXISTS (SELECT VALUE 1 FROM cl IN c.claims WHERE CONTAINS(cl.text, @kw, true))) | params: {""fi_pref"": ""A63F7"", ""ft_pref"": ""2C088EA"", ""kw"": ""遊技進行状態""} || [balanced fi_pref=A63F7 ft_pref=2C333EA kw=遊技進行状態] SELECT c.metadata.patent_id AS patent_id, c.metadata.title AS title, c.metadata.classification_fi AS classification_fi, c.metadata.f_term AS f_term, c.summary AS summary, c.claims AS claims, c.metadata.keywords AS doc_keywords, c.metadata.classification_ipc AS classification_ipc, c.metadata.publication_date AS publication_date FROM c WHERE (EXISTS (SELECT VALUE 1 FROM fi IN c.metadata.classification_fi WHERE STARTSWITH(fi, @fi_pref, true)) OR EXISTS (SELECT VALUE 1 FROM ft IN c.metadata.f_term WHERE STARTSWITH(ft, @ft_pref, true)) ) AND (CONTAINS(c.metadata.title, @kw, true) OR CONTAINS(c.summary, @kw, true) OR EXISTS (SELECT VALUE 1 FROM cl IN c.claims WHERE CONTAINS(cl.text, @kw, true))) | params: {""fi_pref"": ""A63F7"", ""ft_pref"": ""2C333EA"", ""kw"": ""遊技進行状態""}"
2021045379,8,表示装置、サーバ、及び表示システム,20210325,"[broad fi_pref=A63F7 ft_pref=2C333AA kw=遊技進行状態] SELECT c.metadata.patent_id AS patent_id, c.metadata.title AS title, c.metadata.classification_fi AS classification_fi, c.metadata.f_term AS f_term, c.summary AS summary, c.claims AS claims, c.metadata.keywords AS doc_keywords, c.metadata.classification_ipc AS classification_ipc, c.metadata.publication_date AS publication_date FROM c WHERE EXISTS (SELECT VALUE 1 FROM fi IN c.metadata.classification_fi WHERE STARTSWITH(fi, @fi_pref, true)) OR EXISTS (SELECT VALUE 1 FROM ft IN c.metadata.f_term WHERE STARTSWITH(ft, @ft_pref, true)) OR CONTAINS(c.metadata.title, @kw, true) | params: {""fi_pref"": ""A63F7"", ""ft_pref"": ""2C333AA"", ""kw"": ""遊技進行状態""}"
